박,영,선
"문희상 전 국회의장도 예방박영선(오른쪽) 더불어민주당 서울시장 경선 후보와 문희상 전 국회의장. 연합뉴스[서울경제] 더불어민주당 박영선 서울시장 경선 후보가 청년 무이자 대출 시행이라는 공약을 소개했다.박 후보는 설 연휴 셋째 날인 13일 선거 운동을 이어가며 표심을 공략했다. 특히 이날 경기 의정부를 찾아 자신의 후원회장인 문희상 전 국회의장을 예방했다.문 전 의장은 이 자리에서 ""박 후보가 승리하는 것만이 당을 살리고 정권도 살리고 나라도 살리는 일""이라며 ""박 후보는 독보적인 추진력으로 시장이 되는 순간 서울시를 꽉 잡고 시정을 확실히 챙길 것""이라고 말했다. 이에 박 후보는 ""아날로그에서 디지털로 대전환을 이루는 2021년 서울이 미래 100년 세계도시의 표준으로 도약할 계기를 만들겠다""며 ""이번 선거의 시대정신인 '서울시 대전환'을 꼭 이루겠다""고 말했다.박 후보는 전날 저녁 음성기반 채팅 앱으로 주목받고 있는 '클럽하우스'에서 정청래 민주당 의원과 함께 330여 명의 사용자와 대화를 나눴다. 그러면서 ""시장이 되면 서울보증보험이 보증을 서고 서울시가 대출 이자를 지원하는 청년 무이자 대출을 시행하겠다""는 공약을 소개했다.윤경환 기자"
"수직정원·신혼부부 1억원 등 논란 확대, 당내 경선부터 선거전 '열기'[아이뉴스24 조석근 기자] 여야 서울시장 출마 예비후보들의 공약에 관심이 집중되고 있다. 세계 정상급 도시라는 비전과 이번 보궐선거 최대 화두인 주거복지 공약을 둘러싼 후보간 설전도 거세지고 있다.더불어민주당 박영선 예비후보의 경우 '21분 컴팩트 도시'라는 캐치프레이즈로 출마 선언 당시부터 화제를 모았다. 서울시내를 21개 구역으로 나눠 각 구역 내 서울시민이 21분 내 일자리, 문화 및 복지, 생활편의 등 대부분 생활 수요를 해결할 수 있도록 도시 기능을 분산한다는 것이다.서울시장 보궐선거에 출마한 우상호 의원, 박영선 전 장관이 27일 서울 여의도 더불어민주당 서울시당에서 열린 '민주당 정책엑스포 in 서울'에서 기념촬영을 하고 있다.지난 9일 세부과제 중 하나로 '수직정원도시' 관련 공약을 발표하기도 했다. 고층건물과 스마트팜을 결합시켜 다핵 분산도심의 중추로 삼겠다는 것이다. 보궐선거 임기 중 시범사업을 추진하고 향후 지방선거 재선 시 본격적으로 확대한다는 구상이다. 박영선 후보는 ""서울시민이 도시농부의 삶이 가능하도록 하는 한편 운동, 헬스케어, 주거를 동시에 해결하고 탄소중립 도시로 가는 큰 걸음을 시작하는 것""이라고 강조했다.박영선 예비후보의 다핵 분산도시 개념은 조은희 서초구청장 등 국민의힘 후보들이 유사 공약 아이디어를 차용한 것이라며 '표절 시비'를 제기하기도 했다. 열린민주당 김진애 후보의 경우 ""너무 SF 같은 공약이다. 선출될 시장 임기 1년 3개월 동안 절박하고 필요한 것들을 풀어내야 하는 것 아니냐""고 비판하기도 했다.민주당 우상호 예비후보의 경우 강변북로, 지하철 1호선 지상구간에 구조물을 설치해 덮어 그 위를 주거지로 개발해 17만호가량 신규 주택틀 공급한다는 주거 대책을 발표하기도 했다. 기존 재개발, 재건축 사업들이 이주 및 보상 문제를 두고 원주민과 세입자간 갈등을 양산한다는 점에서 발상을 전환한 것이기도 하다.국민의힘 서울시장 후보 예비경선을 통과한 오신환, 오세훈, 나경원, 조은희(왼쪽부터) 후보가 8일 오전 서울 여의도 국민의힘 중앙당사에서 서울시장 후보 미디어데이에서 경선 후보자 기호 추첨을 하고 있다.나경원 국민의힘 예비후보의 경우 주거취약 계층 가운데 청년층, 신혼부부를 겨냥한 파격적인 지원으로 홍보 효과를 누리고 있다. 신혼부부의 경우 최대 1억1천만원에 이르는 주택구입 비용을 지원한다는 것이다. 전반적인 부동산 정책 공약 기조는 재개발, 재건축 신속 추진을 위한 규제완화 및 민간분양 활성화다.나경원 예비후보는 당내 경선주자들로부터 집중 견제를 받기도 하는데 최근 신혼부부 1억원 지언 공약이 그 대상이다.  나경원 의원은 ""불필요한 예산을 걷어내면 더 많은 신혼부부, 청년에 혜택을 줄 수 있다. 서울시 예산 100분의 1 정도 쓰는 것""이라며 ""미래세대를 위해선 '나경원'이 돼도 좋다""고 받아치기도 했다. 그간 주요 선거마다 이른바 '황당 공약'으로 관심을 끈 허경영 국가혁명당 대표에 빗댄 당내 주자들의 공세에 대한 대응이다.오세훈 예비후보는 '전임 시장'이란 점을 집중 강조하고 있다. 2011년 무상급식 투표 무산에 따른 시장직 사퇴로 전임 박원순 시장의 장기 연임 계기를 마련했다는 점에서 줄곧 비판을 받았다. 정작 본인은 이미 '업무 능력'이 갖춰졌다는 점을 강조하는 모습이다.부동산 관련 공약에서도 서울시장 재임 당시 도입한 장기전세주택을 민간토지 임차형 공공주택으로 전환해 5년 내 7만호를 공급한다는 점을 내세우기도 했다. 이미 검증된 모델을 추진했다는 게 본인의 강점이란 차원이다. 오세훈 예비후보는 ""목돈을 들이지 않고 빠르게 주택을 공급할 수 있는 가장 혁신적 공약""이란 점을 강조했다.조석근기자"
"朴, '후원회장' 문희상 예방…禹, 봉하서 盧묘소 참배문희상 전 국회의장 예방한 박영선 예비후보(서울=연합뉴스) 서울시장 보궐선거 더불어민주당 박영선 예비후보가 13일 오전 경기도 의정부시에 위치한 문희상 전 국회의장 자택을 방문, 환담하고 있다.     문희상 전 국회의장은 박영선 예비후보의 후원회장을 맡고 있다. 2021.2.13    [박영선 예비후보 측 제공. 재판매 및 DB금지]"
"동영상 뉴스당심 끌어안기 나선 민주당 박영선·우상호 후보박영선, 대표 '친문' 문희상 전 의장 자택 방문우상호 ""김대중이 영입한 민주당 뿌리이자 적자""[앵커]재보궐 선거를 50여 일 앞두고, 여야 모두 잰걸음을 옮기고 있습니다.민주당 서울시장 후보들은 당심 공략에 나섰고, 국민의힘은 단일화에 속도를 내고 있습니다.국회 취재기자 연결합니다. 최아영 기자!먼저, 설 명절을 보낸 민주당 예비후보들, 오늘은 어디서 지지를 호소합니까?[기자]앞서 시내를 돌며 민심 파악에 나섰던 박영선, 우상호 예비후보, 오늘은 당심 끌어안기에 나섰습니다.후보 경선에서 당원 투표가 절반을 차지하는 만큼, '친노', '친문' 당원의 표심 공략에 들어간 겁니다.먼저 박 후보는 대표적인 친문 인사죠.문희상 전 국회의장의 자택을 예방했습니다.문 전 의장은 박 후보의 후원회장이기도 한데요.박 후보는 문 전 의장을 김대중, 노무현 전 대통령을 모신 민주당의 역사라고 강조했습니다.또 고교 단짝 친구의 오빠라며 개인적인 인연을 언급하며 '친문'과의 거리 좁히기에 나섰는데요.이에 맞서 민주당 적통임을 강조하며 당심에 다가가고 있는 우상호 후보는 봉하마을을 찾았습니다.고 노무현 전 대통령 묘역에 참배했는데요.앞서 지난 9일에는 김대중 전 대통령의 묘역을 방문하기도 했습니다.우 후보는 김대중 전 대통령이 영입한 민주당의 뿌리이자 적자라면서, 문 대통령과도 가장 잘 협력할 서울시장 후보라고 강조해 왔습니다.민주당은 오는 25일까지 경선 선거 운동을 거쳐 다음 달 1일 서울시장 후보를 확정하게 됩니다.[앵커]국민의힘 상황 살펴보죠.어제 김종인 비대위원장이 단일화는 숙명이라고 밝혔죠?[기자]그동안 야권 단일화에 유보적이었던 김 위원장의 태도가 사뭇 달라졌습니다.김 위원장은 어제 한 방송사와의 인터뷰에서 야권 단일화 가능성에 대해 ""숙명적으로 될 수밖에 없다""고 말했는데요.그러면서 ""최근엔 단일화를 안 할 수 없는 상황이 됐다""고도 직접 언급했습니다.이 같은 입장 변화는 최근 각종 여론조사에서 여당 후보가 상승세를 보이면서 야당에 유리하지 않은 상황임을 감지한 것으로 보입니다.또 김 위원장은 금태섭 전 의원과 안철수 대표의 단일화가 이달 안에 진행될 거고,그 뒤 국민의힘 후보와 단일화하면 된다며 구체적인 계획도 제시했습니다.나아가 다음 달 4일로 예정된 국민의힘 후보 선출 계획을 이달 말에 끝낼 수도 있다며 적극적 태도를 보이기도 했는데요.김 위원장이 한발 물러서면서 보궐선거 승패의 열쇠로 꼽혔던 야권 단일화 논의는 본격적으로 속도를 낼 전망입니다.지금까지 국회에서 전해드렸습니다.최아영 "
"박영선, 문희상 전 국회의장 예방우상호, 노무현 전 대통령 묘역 참배   더불어민주당 박영선 서울시장 예비후보는 13일 자신의 후원회장인 문희상 전 국회의장을 예방하고 “서울을 위해 온몸을 바쳐 최선을 다하겠다”고 다짐했다. 당내 경쟁 후보인 우상호 예비후보는 경남 김해 봉하마을을 찾아 고 노무현 전 대통령 묘역을 참배하며 당선 의지를 굳건히 했다.   이날 정치권에 따르면 박 후보는 부군 이원조 변호사와 문 전 의장의 경기 의정부 자택을 예방했다. 문 전 의장은 박 후보한테 “반드시 승리하리라 믿는다”라며 “박 후보가 승리하는 것만이 당을 살리고, 정권도 살리고, 나라도 살리는 일”이라고 강조했다. 또 “박영선은 그 누구의 리더십과도 다르다”라면서 “독보적인 추진력으로 서울시장이 되는 순간 서울시를 꽉 잡고 시정을 확실히 챙길 것”이라고 했다.   박 후보는 “100년 전 마차에서 자동차로의 대전환 시대에는 뉴욕이 세계도시의 표준이었다”면서 “이제 아날로그에서 디지털로의 대전환을 이루는 2021년을 맞아 서울이 미래 100년의 좌표를 찍는 세계도시의 표준으로 도약할 수 있는 계기를 만들겠다”고 말했다. 그러면서 “의장님이 걸어오신 민주주의의 역사를 가슴에 새기며 이번 선거의 시대정신, 서울시 대전환을 꼭 이루겠다”고도 했다.   박 후보는 “21분 도시 서울을 G7(주요 7개국) 글로벌 디지털 경제수도로 자리매김하고 세계도시의 표준으로 도약시키기 위해 온몸을 바쳐 최선을 다하겠다”고 했다.     더불어민주당 박영선 서울시장 예비후보가 13일 경기 의정부 소재 문희상 전 국회의장 자택을 예방한 모습. 박 후보 측 제공    같은 당 우 후보는 봉하마을을 찾아 노 전 대통령의 묘역을 참배한 뒤 방명록에 “늘 곁에 있겠습니다. 꿈을 이루겠습니다”라고 적었다. 우 후보는 이날 페이스북에서 “봉하에 다녀왔다. 날이 따뜻하다. 잘 왔다며 맞아주시는 느낌이었다”라고 했다. 이어 “사회적 거리두기를 지키기 위해 권양숙 여사님과는 전화로 이야기를 나누었다”라며 “‘열심히 하라’는 격려가 어느 때보다 힘이 난다”고 했다.     더불어민주당 우상호 서울시장 예비후보가 13일 경남 김해 봉하마을에 있는 고 노무현 전 대통령 묘역을 참배하고 있는 모습. 우 후보 페이스북    우 후보는 “6월 항쟁의 동지이자 그리운 대통령님”이라며 “저는 이번 선거에 출마하며 ‘내일을 꿈꾸는 서울’을 만들겠다고 약속드렸다”고 했다. 이어 “저 또한 저의 ‘내일을 꿈꾸는 서울’이 있다. 그 서울은 불평등하지 않았으면 한다. 그 서울은 가진 이든 못 가진 이든 누구나 자신만의 꿈을 꿀 수 있었으면 한다”라고 했다. 그러면서 “상식이 통하는 사회, 사람 사는 세상, 서울시장이 되어 당신의 정신을 계승하겠다”라고 했다.   배민영 기자"
"동영상 뉴스[앵커]서울시장 보궐선거가 두 달도 채 남지 않은 가운데, 더불어민주당 경선 후보들은 연일 광폭 행보를 이어가고 있습니다.그런데 정책 경쟁, 민심 경쟁만큼이나 치열한 '친문' DNA 경쟁이 이어지고 있는데요.왜 그런 건지, 이경국 기자가 정리했습니다.[기자]'친문' 적임자 경쟁, 시작은 우상호 의원이었습니다.문재인 정부 초대 비서실장을 지낸 임종석 전 실장의 지지를 등에 업으며 본격적인 구애에 나선 겁니다.[우상호  더불어민주당 의원 (지난달 22일, CBS '김현정의 뉴스쇼') : (당심, 문심도 내게 있다고 보세요?) 문재인 대통령이 투표권이 있다면 당연히 저를 찍을 거로 생각하는데요.]조금 늦게 선거전에 뛰어든 박영선 전 중소벤처기업부 장관은 첫 공식 행보에서부터 문재인 대통령과 함께했던 경험을 강조했습니다.[박영선  전 중소벤처기업부 장관 (지난달 23일) : 작년 2월에 코로나 막 처음 시작했을 때 너무 놀라서, 모두 얼어붙어서 대통령님 모시고 남대문 시장에 왔었고….]공식 활동 밖에서도 미묘한 신경전은 이어졌습니다.지난달 문 대통령의 생일, 박 전 장관은 SNS에 '대한민국은 문재인 보유국'이라는 축하 글을 올렸고, 우 의원은 '한 번도 만나본 적 없던, 든든한 대통령'이라며 맞장구를 쳤습니다.고 노무현 전 대통령 부인 권양숙 여사의 생일엔 각자 축하 화분을 보내거나 문안 전화를 한 사실을 앞다퉈 알리기도 했습니다.민주당 정체성을 강조하는 '적통 경쟁'의 모습을 보이기도 했습니다.[박영선  전 중소벤처기업부 장관 : 저는 김대중, 노무현, 문재인 세 분의 대통령으로부터 직접 정치를 배웠습니다.][우상호  더불어민주당 의원 : 세 분의 대통령을 지키고 함께해 온 역사, 그 역사를 가장 잘 계승할 후보가 우상호다. 감히 여러분에게 말씀드립니다.]하지만 이들의 면면을 살펴보면, 친문과는 거리가 있던 게 사실입니다.박 전 장관은 정치활동 초반 '정동영계'로 분류됐고, 2017년 대선 후보 경선에선 안희정 캠프에 참여해 문 대통령과는 대척점에 서기도 했습니다.우 의원도 계파보다는 '86 운동권 그룹'을 중심으로 활동해왔습니다.그런데도 이들이 적극적인 '문심' 마케팅에 나서게 된 데에는 민주당 경선 룰의 영향이 큽니다.일반 국민 여론조사 50%, 권리당원 투표 50%로 최종 후보를 뽑기로 해 핵심 지지층의 선택에도 큰 비중을 뒀기 때문입니다.결국, 후보들이 지지층 다지기에 매진하며 실제로 승부처가 될 가능성이 커진 상황.하지만 정작 본선 경쟁력에는 악영향을 줄 수 있다는 분석도 나옵니다.[김형준  명지대 교수 : 지나치게 친문 전략에 맞춰 행보하면 중도층이 흔들리기 시작하는 거죠. 중도 진보와 중도 보수를 누가 차지하느냐 싸움이기 때문에….]다음 달 1일 최종 후보가 판가름 날 예정인 가운데, 두 후보의 전방위 경쟁은 더욱 거세질 전망입니다.YTN 이경국"
"동영상 뉴스[앵커]오는 4월 7일 서울시장 보궐 선거에 나설 예비후보들은 설 연휴 밥상머리 민심잡기에 분주한데요.오늘은 어떤 행보를 보이고 있는지 알아보죠. 국회 취재기자 연결합니다. 백길현 기자.[기자]네 오늘은 설 연휴 사흘째인데요. 더불어민주당 서울시장 예비 후보들은 오늘 '당심' 잡기가 키워드입니다. 박영선 예비후보는 오늘 오전 11시 비공개로 자신의 후원회장을 맡은 문희상 전 국회의장의 자택을 예방했습니다. 박 후보와 문 전 의장은 인연이 깊은데요. 2005년 열린우리당 대표가 됐던 문 전 의장은 당시 초선의원이었던 박 후보를 비서실장으로 발탁하기도 했습니다. 특히 박 후보는 문 전 의장이 고교 단짝 친구의 오빠라며 개인적인 친분을 밝히기도 했습니다. 우상호 후보는 오늘 오후 봉하마을에 내려갑니다. 지난 9일 김대중 전 대통령의 묘역을 방문했던 우 후보는 오늘은 노무현 전 대통령의 묘역에 참배할 예정입니다. 다음달 1일 서울시장 후보가 확정되는데요.권리당원투표 50%, 여론조사 50%로 경선이 진행되는 만큼 당심을 공략하는 것이 중요한데, 이를 염두에 둔 설 행보로 읽힙니다. [앵커]국민의힘을 비롯한 야권 후보들의 움직임은 어떤가요. [기자]오늘 국민의힘 예비후보들은 현장 행보보다는 페이스북 등을 통한 정책 구상 밝히기에 집중하고 있습니다. 나경원 예비후보는 최근 서울시 7급 공무원이 극단적인 선택을 했다는 비보에 애도를 표하며 시민단체 등 외부인사가 부당 채용되는 일을 막겠다고 말했습니다. 오세훈 예비후보는 서울 관악 난곡로의 한 교회가 운영하는 베이비박스를 방문해 시설을 점검하고 아동정책 구상을 밝혔습니다. 이에 앞서 한 종편에 출연한 오 후보는 ""안철수 후보와의 노선이 다르지 않다""며 안 후보와 최종단일화가 될 경우 서울시를 공동운영할 수도 있다는 입장도 밝혔습니다.이번 설 연휴가 지나고 다음주 화요일부터 국민의힘 경선 레이스는 본격적인 토론회 국면에 접어들게 되는데요. 후보들이 1대 1 토론 등으로 진검승부를 벌이게 되는 만큼 전략짜기에 몰두하고 있는 상황입니다. 또 오는 15일 제3지대 첫 토론회를 여는 안철수-금태섭 예비후보 역시 외부 활동을 하지 않고 참모들과 정책 가다듬기에 총력을 다하고 있습니다. 지금까지 국회에서 전해드렸습니다. 연합뉴스TV 기사문의 및 제보 : 카톡라인 jebo23 ▶ 네이버에서 연합뉴스TV를 구독하세요 ▶ 연합뉴스TV 생방송 만나보기  ▶ 균형있는 뉴스, 연합뉴스TV 앱 다운받기"
[서울=뉴시스]김명원 기자 = 박영선 서울시장 예비후보가 설날 연휴 세째날인 13일 오전 문희상 전 국회의장의 경기도 의정부 자택을 예방했다. 박 후보의 후원회장을 맡은 문 전 의장은 박 후보에게 “반드시 승리하리라 믿는다”며 격려했다. (사진=박영선 예비후보 제공) 2021.02.13.
"문희상 예방한 박영선우상호는 盧묘소 참배서울시장 보궐선거 더불어민주당 박영선 예비후보가 13일 오전 경기도 의정부시에 위치한 문희상 전 국회의장 자택을 방문했다. 사진=연합뉴스설 연휴 셋째 날인 13일, 더불어민주당 박영선·우상호 서울시장 경선 후보가 선거 운동을 이어갔다.박 후보는 이날 자신의 후원회장인 문희상 전 국회의장을 예방했다. 이 자리에서 박 후보는 ""2021년 서울이 미래 100년 세계도시의 표준으로 도약할 계기를 만들겠다""며 ""이번 선거의 시대정신인 '서울시 대전환'을 꼭 이루겠다""고 말했다.문 전 의장은 ""박 후보가 승리하는 것만이 당을 살리고 정권도 살리고 나라도 살리는 일""이라며 ""박 후보는 서울시를 꽉 잡고 시정을 확실히 챙길 것""이라고 응원했다.박 후보는 전날 저녁 음성기반 채팅 앱 '클럽하우스'에서 민주당 정청래 의원과 함께 330여 명의 사용자와 대화를 나눴다. 박 후보는 ""시장이 되면 서울보증보험이 보증을 서고 서울시가 대출 이자를 지원하는 청년 무이자 대출을 시행하겠다""는 청년 공약을 소개했다.노무현 전 대통령 묘역을 참배하는 서울시장 보궐선거 더불어민주당 우상호 예비후보. 사진=연합뉴스우 후보는 이날 김해 봉하마을을 찾아 고(故) 노무현 전 대통령 묘소를 참배했다. 방명록에는 ""늘 곁에 있겠습니다. 꿈을 이루겠습니다""라고 적었다.우 후보는 페이스북을 통해 ""사회적 거리두기를 지키기 위해 여사님과 전화로 이야기를 나누었다""며 ""'열심히 하라'는 격려가 어느 때보다 힘이 난다""고 말했다. 그는 이후 경남도청으로 이동해 김경수 경남도지사와 면담했다.그는 페이스북을 통해 노동 공약도 홍보했다.우 후보는 ""현대사회에서 늘고 있는 이동노동자, 플랫폼 노동자를 어떻게 보호할지 고민""이라며 ""이동노동자에 대한 휴식처 제공, 미조직된 노동자들도 발언권을 행사하는 시민노동의회, 코로나로 위축된 신규 채용을 대체하는 공공일자리 2000개 등이 그 약속""이라고 말했다.한편 범여권 후보 단일화를 제안한 열린민주당 김진애 서울시장 후보는 페이스북에 우 후보가 박 후보를 '누나'라고 부른다는 기사를 거론하며 ""'박영선 누나'라니, '박근혜 누나'가 연상된다""고 비판했다.오세성 한경닷컴 기자"
"박 전 장관, '후원회장' 문희상 만나박영선 전 중소벤처기업부 장관이 13일 경기도 의정부시에 위치한 문희상 전 국회의장 자택을 방문, 환담하고 있다. 문희상 전 국회의장은 박영선 예비후보의 후원회장을 맡고 있다. 박영선 예비후보 측 제공더불어민주당 서울시장 예비후보인 박영선 전 중소벤처기업부 장관이 13일 자신의 후원회장인 문희상 전 국회의장을 찾았다. 문 전 의장은 박 전 장관 고교시절 단짝 친구의 친오빠이기도 하다.문 전 의장은 이날 오전 경기도 의정부 자택에서 박 전 장관 내외의 예방을 받고 “박 후보가 승리하는 것만이 당을 살리고, 정권도 살리고, 나라도 살리는 일”이라고 말했다. 그는 “박영선은 그 누구의 리더십과도 다르다”며 “독보적인 추진력으로 서울시장이 되는 순간 서울시를 꽉 잡고 시정을 확실히 챙길 것”이라고 강조했다.이에 박 전 장관은 “아날로그에서 디지털로의 대전환을 이루는 2021년을 맞아 서울이 미래 100년의 좌표를 찍는 세계도시의 표준으로 도약할 수 있는 계기를 만들겠다”며 “의장님이 걸어오신 민주주의의 역사를 가슴에 새기며 이번 선거의 시대정신, 서울시 대전환을 꼭 이루겠다”고 했다.이서희 기자"
(서울=뉴스1) 박지혜 기자 = 박영선 더불어민주당 서울시장 예비후보가 13일 의정부 문희상 전 국회의장의 자택을 예방해 문 전 의장과 기념촬영을 하고 있다.문 전 의장은 박영선 서울시장 예비후보의 후원회장을 맡고 있다. (박영선 캠프 제공) 2021.2.13뉴스
[서울=뉴시스]최동준 기자 = 박영선 더불어민주당 서울시장 예비후보가 13일 경기 의정부 문희상 전 국회의장 자택을 찾아 기념촬영을 하고 있다. (사진=박영선 예비후보 캠프 제공) 2021.02.13.
"朴, 후원회장 문희상 방문…禹, 盧묘소 참배 청년 무이자 대출부터 노동 공약 홍보까지[헤럴드경제] 박영선, 우상호 더불어민주당 서울시장 경선 후보가 설 연휴 셋째 날인 13일에도 선거 운동을 이어갔다.문희상 전 국회의장을 만난 박영선 예비후보. [연합]박 후보는 이날 경기도 의정부를 찾아 자신의 후원회장인 문희상 전 국회의장을 만났다. 문 전 의장은 “박 후보가 승리하는 것만이 당을 살리고 정권도 살리고 나라도 살리는 일”이라며 “박 후보는 독보적인 추진력으로 시장이 되는 순간 서울시를 꽉 잡고 시정을 확실히 챙길 것”이라고 말했다.박 후보는 “아날로그에서 디지털로 대전환을 이루는 2021년 서울이 미래 100년 세계도시의 표준으로 도약할 계기를 만들겠다""며 ""이번 선거의 시대정신인 '서울시 대전환'을 꼭 이루겠다”고 말했다.박 후보는 전날 저녁 최근 음성기반 채팅 앱(App) 클럽하우스에서 정청래 민주당 의원과 함께 330여명의 사용자와 대화를 나눴다. 박 후보는 “시장이 되면 서울보증보험이 보증을 서고 서울시가 대출 이자를 지원하는 청년 무이자 대출을 시행하겠다”는 청년 공약을 소개했다.서울시장 보궐선거 우상호 더불어민주당 예비후보가 13일 경남 김해시 진영읍 봉하마을 노무현 전 대통령 묘역을 참배한 뒤 남긴 방명록. [연합]우 후보는 이날 김해 봉하마을을 찾아 고(故) 노무현 전 대통령 묘소를 참배했다. 그는 방명록에 “늘 곁에 있겠습니다. 꿈을 이루겠습니다”라고 적었다. 권양숙 여사와는 전화로 안부를 나눴다.우 후보는 페이스북 글에서 “사회적 거리두기를 지키기 위해 여사님과는 전화로 이야기를 나누었다”며 “열심히 하라는 격려가 어느 때보다 힘이 난다”고 말했다. 우 후보는 이후 경남도청으로 이동해 김경수 경남도지사와 면담했다.우 후보는 노동 공약도 홍보했다. 그는 페이스북 글에서 “현대사회에서 늘고 있는 택배, 대리운전, 간병인 등 직장이 고정되지 않은 이동노동자, 플랫폼 노동자를 어떻게 보호할지 고민해야 한다”며 “이동노동자에 대한 휴식처 제공, 미조직된 노동자들도 공평한 발언권을 행사하는 시민노동의회, 코로나로 위축된 신규 채용을 대체하는 공공일자리 2000개 등이 그 약속”이라고 말했다.한편, 범여권 후보 단일화를 제안한 김진애 열린민주당 서울시장 후보는 페이스북에서 우 후보가 박 후보를 누나라고 부른다는 기사를 거론한 뒤 “박영선 누나라니, 박근혜 누나가 연상된다”며 “박영선 우상호 경선이 너무 밋밋한 것은 사실이다. 당 경선이 치열해야 본 선거 경쟁력이 올라가는데 우려된다”고 말했다"
"""안전책임지는공공기관부터도입""오세훈등野공세에도추진의지표명박영선,청년정책간담회서도""주4.5일제확립""吳""알바자리도없는데,가당키나한공약인가""주52시간도난관많았다,일자리고민부터하라"" 박영선 더불어민주당 서울시장 예비후보가 설날인 12일 오후 서울역에서 철도종사자를 만나 인사하고 있다. 박영선 선 예비후보 SNS [파이낸셜뉴스] 더불어민주당 서울시장 경선에 나선 박영선 예비후보가 ""안전을 책임지는 공공기관부터 주 4.5일제를 도입하겠다""고 밝혔다.   당 청년 정책간담회에서 주 4.5일제 확립을 언급한 뒤 야권 진영에서 공세가 있었지만, 유력 서울시장 후보 중 하나로 꼽히는 박 후보는 ""서울역을 다녀와서 더 확고해졌다""며 주 4.5일제를 자신의 주요 공약으로 추진하겠다는 의지를 표명했다.   박 후보는 지난 12일 자신의 SNS를 통해 ""안전을 책임지는 공공기관부터 주4.5일제가 적용되어야 한다는 것이 박영선의 생각""이라며 ""그래야 보다 안전한 서울을 만들수 있다""고 강조했다.   이날 서울역을 방문해 철도근로자들을 만나 의견을 청취한 박 후보는 ""설날에도 쉬지 못하는 철도관련 근로자들을 찾았다""며 ""하루 320회 운송, 하루 예상 운송객 약 30만. 그래도 지난 1년간 KTX 에선 철저한 방역으로 확진자가 한명도 없었다는 자부심이 명절 근무의 고단함을 잊게하는듯 했다""고 부연했다.   앞서 지난 8일 민주당이 주최한 청년정책간담회에서 박 후보는 주 4.5일제를 꺼내든 바 있다.   박 후보는 ""제가 서울시장이 된다면 주 4.5일제를 확립시키고 싶다""며 ""우리나라 젊은이들의 워라밸(일과 생활의 균형)과 직결된 문제이자 자신의 삶을 향상하는 데 있어 굉장히 바라고 있고 깊이 생각하고 있다""고 말했다.   그는 ""주 4.5일제는 청년, 일자리, 보육 등 여러 가지 복지 문제와 연결돼 있다""며 ""서울시의 대전환, 아날로그에서 디지털로 넘어가는 새 패러다임을 만들고 싶다""고 다짐했다.   그러나 국민의힘 서울시장 경선후보인 오세훈 전 시장은 박 후보의 '주 4.5일제 확립'에 대해 ""을 언급한 박영선 전 장관을 향해 ""4.5일은 커녕 아르바이트 자리마저 없어 당장 생계가 걱정인 그들에게 4.5일제 공약이 가당키나 한가""라고 비판했다.   오 전 시장은 ""디테일한 실행계획도 없는 꿈같은 말을 청년들 앞에서 비전이라고 제시한다""며 ""기업가 마인드를 죽이는 입법으로 일관하는 민주당 후보이기에 더욱 앞뒤가 맞지않는 행보""라고 지적했다.   또 ""2018년 도입된 '주 52시간 근무제'도 난관이 많았다""며 ""진심으로 '봄날 같은 따뜻한 시장'이 되고 싶다면 서울시가 어떻게 양질의 일자리를 만들어낼 수 있을지부터 고민하시라""고 일침했다."
"""가장 힘든 시기, 세월호 협상 실패""'왜 또 나오냐' 날카로운 질문도[서울=뉴시스]국회사진기자단 = 박영선 더불어민주당 서울시장 예비후보가 9일 오전 서울 종로구 율곡로 선거캠프에서 ‘서울 도시공간의 대전환  수직정원도시’라는 주제로 세번째 시민보고를 하고 있다. 2021.02.09."
"더불어민주당 박영선, 우상호 서울시장 경선 후보가 설 연휴 셋째 날인 오늘(13일) 당심에 호소하는 선거 운동을 이어갔습니다. 민주당 경선은 권리당원투표 50%와 여론조사 50%를 합산해 치러집니다. 박영선 경선 후보는 오늘 대표적 친문 인사 중 하나로 꼽히는 문희상 전 국회의장을 예방했습니다. 문 전 의장은 박 후보의후원회장이기도 합니다. 문 전 의장은 이 자리에서 “박 후보가 승리하는 것만이 당을 살리고 정권도 살리고 나라도 살리는 일”이라며 “박 후보는 독보적인 추진력으로 시장이 되는 순간 서울시를 꽉 잡고 시정을 확실히 챙길 것”이라고 말했다고, 박 후보측은 보도자료를 통해 밝혔습니다. 박 후보는 “아날로그에서 디지털로 대전환을 이루는 2021년 서울이 미래 100년 세계도시의 표준으로 도약할 계기를 만들겠다”며 “이번 선거의 시대정신인 ‘서울시 대전환’을 꼭 이루겠다”고 말했습니다. 박 후보가 오늘 문 전 의장과 만난 것은 친문 성향의 당원들에게 자신을 알리기 위한 행보로 풀이됩니다. 박 후보는 2017년 대선에서 안희정 당시 후보 캠프에 합류하는 등 친문과는 대척점에 서기도 했습니다. 역시 친문 표심 잡기에 공을 들이고 있는 우 후보는 오늘 김해 봉하마을을 찾아 고(故) 노무현 전 대통령 묘소를 참배했습니다. 우 후보는 방명록에 “늘 곁에 있겠습니다. 꿈을 이루겠습니다”라고 적었습니다. 우 후보는 페이스북 글에서 “사회적 거리두기를 지키기 위해 여사님과는 전화로 이야기를 나누었다”며 “‘열심히 하라’는 격려가 어느 때보다 힘이 난다”고 말했습니다. 그러면서 “6월 항쟁의 동지이자 그리운 대통령님, 상식이 통하는 사회, 사람 사는 세상, 서울시장이 되어 당신의 정신을 계승하겠다”라고 말했습니다.  우 후보는 이후 경남도청으로 이동해 김경수 경남도지사와 면담했습니다. 면담 이후 우 후보는 페이스북에 “서울시장이 되면 서울시와 경남도가 협력하여 멋진 대한민국을 만들어보자며 서로의 의지를 다졌다”라며 “완전히 새로운 경남, 내일을 꿈꾸는 서울”이라고 적었습니다.이병도 "
"[한겨레21] 4.7민심 르포종로구·성동구 시민 64명에게 코로나19·부동산·일자리 주제별로 물었습니다도시재생활성화지역인 서울 종로구 창신동의 한 골목. 박승화 기자역대 가장 조용한 선거가 다가온다. 2021년 4월7일 재보궐선거다. 재보선에 대한 낮은 주목도, 정치 싫증, 선거 피로, ‘회전문 후보자’의 식상함에 코로나19 속 ‘대화 실종’까지 더해진 결과다.당분간은 가족·친구와 모일 수 없으니, ‘정치 대목’이라는 설 명절에도 조용한 선거 분위기는 이어질 것으로 보인다. 선거 이야기를 하다가 서로 감정 상하는 불상사는 막을 수 있지만, 여론 형성과 시민 대표 선출이라는 선거의 효능을 떨어뜨리는 부작용도 감수해야 한다.그러니 이번 설에는 만날 수 있는 몇 명하고라도 선거 이야기를 마구 나눠보자. 풍성한 ‘대화’ 상차림을 위해 명절에 만날 수 없는 가족과 친구의 마음을 <한겨레21>이 먼저 들었다. 새로 시장을 뽑는 서울과 부산에서 유권자들을 만났다. 다양한 갈래의 이야기를 모으니, 유권자의 마음이 2021년 재보선을 넘어 2022년 대선에서 어디로 향할지 어렴풋이 보이는 듯도 하다._편집자 주“아직 어느 당의 누구를 찍을지 못 정했어. 지금까지처럼 민주당 찍기는 고민스러운데, 그렇다고 야당에도 선뜻 마음이 가지는 않으니까.”낡아서 삐거덕 소리를 내는 의자에서 자세를 고쳐 앉으며 최아무개(83)씨가 말했다. 1월27일 점심시간. 서울 종로5가 광장시장은 한산했다. 최씨가 운영하는 분식점에도 손님은 없었다. 코로나19가 덮치기 전만 해도, 점심시간 이곳엔 중국인과 일본인 관광객으로 발 디딜 틈이 없었다. 지난 1년간 관광객의 발길은 끊겼다. 음식점과 반대쪽 방향에 줄지어 있는 한복집, 수예점 역시 설 명절을 앞둔 대목인데도 사람들 발길이 뜸했다. 가게 주인들은 하릴없이 스마트폰만 들여다봤다.“장사는 안 되는데 집값이 다락같이 올라가니까 정부가 잘한다는 소리 안 나오지. 올라도 너무 올랐어. 집값 잡을 사람이 (서울시장이) 돼야 할 텐데 얼마나 잘할 수 있을지 모르겠어.” 최씨는 2020년 21대 총선에서는 더불어민주당을 지지했다. 2021년 4월7일 서울시장 보궐선거 때도 “투표는 할 것”이다. 하지만 마음이 복잡하다. 선뜻 마음이 가는 정당이나 후보가 없기 때문이다. “내 아들이 여행사에서 오래 근무했는데 코로나19 때문에 지금은 무급휴직 중이야. 1년이 다 돼가는데…. 밥벌이는 해야 하니 아르바이트한다고 하는데 무슨 일을 하는지는 말을 안 해줘서 몰라. 일자리를 만들어낼 수 있는 사람을 찍을까 해.”광장시장에서 500m가량 떨어진 신진시장에는 곳곳에 문 닫은 가게들이 눈에 띄었다. “이번 선거에서도 민주당 찍어야지. 선택의 여지가 없잖아. 빨간당(국민의힘)은 부유한 사람들만 위하고 배고픈 사람들 생각은 안 하니까. 그나마 민주당이 나아.” 노릇노릇 익어가는 호떡에 기름을 두르며 한인석(65)씨가 말을 이었다. “민주당이 총선에서 얻은 180석 여세를 몰아서 가야 해.”4·7 서울시장 보궐선거가 두 달 앞으로 다가왔다. 이번 선거는 대통령에 이어 선출직 ‘넘버 투’를 뽑는다는 점과 함께, 1년 뒤 있을 대통령선거에 영향을 미친다는 정치적으로 묵직한 의미를 담고 있다. 이에 <한겨레21>은 1월27~28일 서울 종로구와 성동구의 민심을 바닥에서 샅샅이 훑어봤다. 두 지역은 21대 총선에서 민주당과 국민의힘이 박빙의 정당 득표율을 얻은 곳이다. 그만큼 여야에 대한 민심 편향이 상대적으로 작은 지역이라고 볼 수 있다.이틀 동안 만난 시민 64명은 집권여당인 더불어민주당에 대해 ‘책임’과 ‘견제’를 이야기했다. 더러는 ‘심판’이 필요하다는 목소리도 나왔다. 그렇다고 야당인 국민의힘을 마냥 지지하는 분위기도 아니었다. 거리에서, 시장에서, 가게에서, 대학교에서 만난 유권자들의 속내를 크게 △코로나19와 자영업 지원책 △부동산과 도시재생사업 △청년 일자리로 주제를 나눠서 전한다.코로나19와 자영업1월27일 저녁, 성동구 마장동 축산시장 정육점 매대에는 부위마다 따로 포장된 한우들이 선홍빛 자태를 뽐내고 있었다. 양쪽으로 늘어선 가게 사이 통행로에는 손님을 찾아볼 수 없었다. “싸게 해줄게요, 보고 가요.” 통행로를 지나는 내내, 상인들이 말을 걸었다. 하지만 서울시장 보궐선거에 대해 묻자, 상인들은 손사래를 쳤다. “당장 먹고살기 힘든데 무슨 정치 이야기냐.”이곳에서 10년째 식당을 운영하는 한승호(47)씨는 “마장동 동네 자체는 민주당 지지 성향이 강한데, 코로나19로 경제에 대한 불만이 늘었다”고 말했다. 서울시장 후보들은 너도나도 자영업자 지원책을 내놓는다. 하지만 코로나19 바이러스 공습에 지난 1년간 지친 자영업자들에겐 정부 지원책도, 선거 공약도 기대에 못 미친다. “이 정육식당도 월세만 2천만원이다. 정부가 한번에 100만~150만원씩 주는 재난지원금을 받는다 해도 효과를 체감하긴 어렵다.” 재난지원금보다는 “차라리 일자리 대책 마련”을 주문했다. 일자리와 소득이 늘어나면 그게 결국 자영업자한테 도움이 되는 선순환이라는 것이다.“(일회성 재난지원금보다는) 자영업자들에게 세금을 깎아주거나 신용카드 수수료를 낮춰주면 좋겠다.” 성수동 뚝도시장에서 35년째 방앗간을 하는 이성수(71)씨의 바람이다. 반대로 신진시장에서 호떡을 파는 노점상 한인석씨는 재난지원금 대상 확대를 원했다. “나는 1차 재난지원금만 받았다. 그 뒤로 노점은 (재난지원금 대상에) 해당되지 않아 못 받았다. 노점상, 일용직, 아르바이트생 등은 자영업자보다 더 배고픈 사람들이라 도움을 주면 좋겠다.”“먹고살기 힘든데 무슨 정치냐”코로나19는 골목상권도 파고들어 자영업자의 불안을 더했다. 종로구 혜화동에서 2년째 작은 카페를 운영하는 박아무개(42)씨는 “이런 상황이 지속되면 우리 가정이 극빈층으로 전락할 수밖에 없다는 위기감이 든다. 한 푼이라도 아쉬울 때 재난지원금을 받는 건 고마운 일이지만 일회성이라 크게 도움은 안 된다. 방역과 일자리 대책에 힘써서 돈을 벌 수 있는 환경을 만들어주면 좋겠다”고 말했다. 성동구 성수동에 사는 전복례(60)씨는 서초구 양재동에서 세탁소를 운영하다 2020년 폐업했다. “임대료가 너무 비싸서 견디기 힘들어. 서울시장 선거에서 민생이 제일 중요해. 민생이든 코로나 대책이든 지금 정부는 마음에 안 들어.” 전씨는 이번 선거에서 “마음에 드는 후보는 아직 없지만” 무조건 야당을 찍을 작정이다.자영업자들은 하나같이 코로나19의 빠른 종식을 간절히 희망했다. 종로구 광장시장에서 분식점을 하는 70대 유아무개씨는 “지난 1년 동안 (코로나19로 손님이 끊겨) 경제적으로 무척 힘들었다. 새 서울시장이 코로나19 좀 잘 잡아서 (장사가 될 수 있도록) 사람이 많이 다니게 해주면 좋겠다”고 말했다.“지금 당장 죽겠는데, (서울시장 후보들이) 내일 있을 정책을 말하는 게 뭐가 중요해. 당장 현실성 있는 대책을 내놓을 수 있는 사람이면 좋겠어. 자영업자들은 당장 오늘 죽느니 사느니 하는데, 내일이나 미래는 먼 얘기야.” 성수동에서 20년째 미용실을 하는 조미숙(52)씨는 ‘현실적인 보상책’을 약속하는 후보에게 투표하고 싶다.2021년 2월2일 서울 성동구 성수동 뚝도시장이 한산한 모습이다. 류우종 기자부동산성수동 ‘서울숲 트리마제’ 아파트는 동네에서 섬 같은 곳이다. 47층 높이를 자랑하며 한강이 내려다보이는 아파트 주변은 2017년 재개발이 끝나 깔끔하고 화려하다. 그러나 아파트에서 뚝도시장 방향으로 걷는 길에는 180도 전혀 다른 풍경이 펼쳐진다. 성수전략정비구역을 낀 뚝섬구길(성덕정로)에는 구축 아파트와 오래된 연립주택들, 좁고 구불구불한 도로, 낡은 간판을 단 상점들이 늘어서 있다.성수전략정비구역은 2009년 오세훈 서울시장 당시 시행된 한강 르네상스 사업으로 최고 50층까지 건축이 허용됐다. 이때 인허가를 받아 지은 47층짜리 아파트가 트리마제다. 그러나 박원순 서울시장 취임 뒤 한강변 아파트는 ‘35층 층고 제한’을 하면서 성수전략정비구역 사업은 수년째 답보 상태다.그래서 이곳의 최대 선거 이슈는 부동산이다. 오세훈 국민의힘 예비후보는 1월19일 성수전략정비구역을 방문했다. “50층짜리 아파트가 될 걸로 보고 (구축 아파트를) 샀다. 그런데 박원순 전 시장이 재개발과 재건축을 규제해 개발이 지지부진했다. 이번 선거에서 규제를 완화하겠다는 국민의힘 후보를 찍을 거다.” 성수동의 한 카페에서 만난 정아무개(41)씨가 성수전략정비구역 쪽으로 눈길을 돌리며 말했다. 2017년 구축 아파트 한 채를 산 그는 현재 행당동 아파트에서 전세로 산다.“임기가 1년 남짓인데…”박원순 전 시장이 부동산 시장을 안정시키기 위해 재개발·재건축 규제를 단행해 성수전략정비구역처럼 비슷한 상황에 놓인 곳이 서울시에 적지 않다. 성동구 왕십리2동에서 만난 윤용현(71)씨도 “사람들 수준이 점점 높아지고, 좋은 집에서 살고 싶은 욕망이 있는데 옛날 집을 그대로 보존하는 방식은 적절치 않다”고 말했다.2014년 서울형 도시재생활성화 1호 지역으로 선정된 종로구 창신·숭인동. 도시재생사업은 문재인 대통령과 박원순 전 시장이 재개발·재건축의 대안으로 제시한 정책이다. 창신동은 전통적으로 민주당 강세 지역이지만, 도시재생사업 문제로 표심 변화가 감지된다. “창신동 도시재생사업은 폐지해야 한다. 이번 선거에서 폐지를 공약하는 후보에게 투표할 거다.” 1월27일 창신2동 주민센터 근처에 있는 창신동 공공재개발 추진위원회 사무실에서 만난 주민 강대선(49)씨는 마시던 커피잔을 내려놓으며 말했다. 옆자리에 있던 주민 오아무개(62)씨도 “문재인 정부와 민주당에 대한 실망이 너무 크다”고 거들었다. 강씨와 오씨는 지난 총선에서 민주당을 지지했다고 한다.무분별한 재개발·재건축 사업 대신 지역의 원형을 보존하자는 취지로 도시재생사업이 도입됐지만, 이로 인해 오히려 원주민이 이사 나가는 등 창신동이 슬럼화되고 있다는 게 이들의 주장이다. 강씨 등은 창신동의 도시재생사업 중단을 촉구하고 있다. 안철수 국민의당 예비후보는 1월1일 창신동을 찾아 “서울시장이 되면 전반적으로 (도시재생사업을) 점검하고 잘못된 부분을 고치겠다”고 말했다.반면 도시재생사업 문제를 지적하면서도 이번 선거에서 민주당을 지지하겠다는 유권자도 있었다. “봉제산업 자체가 죽어가는 산업이라, 봉제산업 특성화를 통해 창신동 도시재생사업의 성과를 내는 데는 한계가 뚜렷하다. 창신동에서 도시재생사업을 하려면 섬유수입 쿼터제 등 봉제산업을 살리기 위한 정책적 지원을 병행해야 한다.” 그러면서도 창신동의 자영업자 강아무개(66)씨는 민주당 ‘계속 지지’ 표심을 밝혔다. “임기 1년 남짓한 서울시장인데 야당 후보가 되면 일을 제대로 하겠나. 집권세력인 여당을 밀어주는 게 맞다”는 이유에서다.역사·문화 자원이 풍부해 2019년 도시재생활성화지역으로 선정된 종로구 청운·효자·사직동 일대(서촌)의 분위기도 비슷했다. 사직동에 거주하는 직장인 장아무개(56)씨는 “주민들의 거주 공간을 보존하는 것이 재개발이 아닌 도시재생을 하는 취지인데, 오히려 사람들이 떠나가고 있다. 길 포장하고, 벽화 그리는 등 밖으로 보여주기 위한 사업 위주로만 진행됐다. 무척 실망스럽다”고 말했다. 그는 “큰 실망감을 준 민주당을 지지할 수도 없고, 국민의힘을 지지하고 싶은 생각도 없어 이번 선거에서 선택이 매우 궁색해졌다”고도 토로했다.동상이몽 ‘모두의 문제’<한겨레21>이 만난 20대부터 80대까지, 부동산은 세대를 아우르는 ‘모두의 문제’였다. 종로구 명륜동에 사는 직장인 정아무개(35)씨는 “대출 ‘영끌’ 해서 집을 사려고 했는데 집값이 너무 올라 결국 못 샀다. 지금 상황에서는 영혼을 팔아도 집을 사지 못할 것 같다”고 푸념했다. 종로구 성균관대에서 만난 유아무개(26)씨는 “아파트 가진 사람들은 가격 오르면 불로소득으로 몇억씩 생기는데 우리는 어렵게 취업해서 한 달 내내 일해봐야 기백만원 버는 게 고작일 것이다. 너무 허탈하다”고 했다. 그는 이번 선거에서 국민의힘 후보를 찍을 작정이다.부동산은 ‘자신’의 문제를 넘어서 ‘자녀’ 문제로 나아갔다. 종로구 신진시장에서 옷 수선 일을 하는 이아무개(75)씨는 “지지 정당이 후보를 아직 정하지 못했다”면서도 요즘 세태를 걱정했다. “우리는 없이 살아도 다 같이 비슷하게 산다는 게 재미였어. 근데 지금은 양극화가 너무 심해졌어. 20~30대 손자랑 손녀가 9명이 있는데 걔들이 살아갈 세상이 걱정돼. 요즘은 집값이 너무 비싸서 부모가 안 사주면 집을 못 사는데, 부모가 사줄 능력이 안 돼. 그럼 얘들은 낙오자가 되는 거 아니야?”특히 전셋값 상승은 유권자에게 시름을 더한다. 2020년 결혼해 마장동 전셋집에서 사는 김아무개(32)씨는 “서울 전셋값이 빠르게 치솟았는데, 살 곳을 찾는 게 정말 만만치 않다. (주택) 청약만 바라보는데 이마저도 쉽지 않을 것 같다”고 고개를 절레절레 흔들었다.다만 ‘모두의 문제’이지만 모두를 만족시키는 해법을 찾기는 어려워 보인다. “젊은 사람들을 위해 도심권에 공공주택을 많이 지어주면 좋겠다.”(성수동 50대 공인중개사) “실거주 목적으로 집 한 채 갖고 있는 사람들까지 왜 보유세를 내야 하는지 모르겠어. 각종 부동산 규제랑 너무 막혀 있는 대출 규제도 다 풀어주면 좋겠어.”(행당동 30대 의사) “고층 아파트만 올라가면 돈 없는 사람들은 갈 데가 없어지잖아. 서울에서 살 수 없어. 재개발·재건축 규제 유지했으면 좋겠다.”(성수동 60대 자영업자) 그야말로 동상이몽이었다.청년 일자리와 젠더1월27일 저녁 찾은 종로구 성균관대에는 학생이 드물었다. 코로나19와 겨울방학, 추운 겨울 날씨가 겹친 탓으로 보였다. 그래도 이 세 개의 장벽을 뚫고 중앙도서관을 찾은 학생과 취업준비생이 드문드문 눈에 띄었다.20대의 최대 관심은 역시 일자리였다. 경영관 앞에서 4학년 김아무개(24)씨를 만났다. “일자리 등 청년들을 위한 정책을 내놓는 후보에게 투표할 예정인데 아직 지지 정당이나 후보를 정하지 못했다.” 21대 총선에서 민주당을 지지했다는 이아무개(23)씨는 이번 선거에서는 지지 정당을 바꿨다고 했다. “가장 체감되는 이슈는 공공기관 등에서 시행하는 지역인재 채용이다. 이건 역차별이라고 생각한다. 이번 선거에서는 야당에 투표하려고 한다.” 국가균형발전을 취지로 공공기관 등에서 신규 채용 인원 중 지역대학 출신을 일정 비율 이상 의무적으로 채용하는데, 이는 지역 출신으로 수도권 대학에 진학한 이씨 같은 학생들이 역차별을 받는다는 주장이다.“젠더 이슈 체계 반드시 마련하라”민주당이 자신들에게 귀책사유가 있을 때는 선거에 후보를 내지 않기로 한 당헌을 개정하며 서울시장 후보를 낸 데 대한 문제제기도 했다. 중앙도서관 앞에서 만난 정아무개(26)씨는 “친구들끼리 이번에 여당은 안 뽑겠다는 이야기를 나눴다. 민주당 소속 시장의 잘못으로 보궐선거를 치르게 됐는데, 당헌을 고쳐가며 후보를 낸 것은 국민과의 약속을 저버린 처사이기 때문”이라고 비판했다. 김아무개(24)씨도 비슷한 생각이다. “이 정부가 ‘기회는 균등하고 과정은 공정하고 결과는 정의로울 것’이라고 했지만, 조국 사태 등을 봤을 때 우리 사이에서는 말과 행동이 다르게 생각돼 이 말 자체가 조롱의 대상이 되곤 한다.”권력형 성범죄로 촉발된 탓에 20대는 젠더 이슈에 민감하게 반응했다. 1월28일 펑펑 내리던 함박눈이 그친 뒤 종로구 청운동 길에서 만난, 생애 첫 투표를 앞둔 최혜성(20)씨는 “이번 선거가 성 비위로 치르는 거라 각 정당이 젠더 이슈를 어떻게 풀어가는지가 가장 큰 관심이다. 새로 뽑히는 시장은 권력형 성범죄, 일상적인 여성혐오 등 젠더 이슈에 대한 체계를 반드시 마련하기 바란다”고 당부했다.그러나 그들의 마음이 곧바로 국민의힘 지지로 이어지지는 않는 것으로 보였다. 성균관대에서 만난 민아무개(23)씨는 “이번 선거를 앞두고 정부·여당이 마음에 들진 않지만, 그렇다고 국민의힘을 찍고 싶지는 않다. 국민의힘은 반대를 위한 반대 이미지가 너무 강하다”고 했다. 윤아무개(26)씨는 “거대 양당 모두 마음에 안 들어 제3세력이 나오면 좋겠는데, 나온다 해도 당선 가능성이 미미해 어딜 지지해야 할지 모르겠다”며 방황하는 표심의 속내를 드러냈다. 성동구 사근동에 사는 대학원생 이준희(29)씨는 “정의당에서 누가 나오면 뽑아주고 싶었는데, 기본소득당 같은 진보정당에 표를 줄까 하는 생각도 든다”고 고민했다.인물부동산과 일자리, 자영업 지원책 등 자신의 삶과 맞닿은 이슈에 유권자들은 솔직한 속내를 들려줬지만, 막상 누구에게 투표할지 확실한 대답을 하는 유권자는 많지 않았다. 여야 모두 아직 다양한 인물들이 각축 중이라서, 최종 후보의 뚜렷한 윤곽이 드러나지 않은 탓이다.청운동에서 만난 김아무개(46)씨는 “여야 후보들 모두 그 나물에 그 밥 같아 찍고 싶은 사람이 없다”며 고개를 저었다.아직까지는 마음을 정하지 않았다그런 가운데 이미 나름의 이유로 지지 후보를 정한 이들도 있었다. “공공주택 공급 공약을 제시한 우상호(더불어민주당 의원)가 좋을 거 같다.”(신진시장 한인석씨) “‘21분 도시 계획’이 참신하게 느껴져서 박영선(전 중소벤처기업부 장관)이 어떨까 싶다.”(뚝도시장 이성수씨) “재개발·재건축 규제 완화한다는 나경원(국민의힘 전 의원)을 지지할까 한다.”(성수동 정아무개씨) “사생활이 깨끗해 보이는데다 서울시장을 한 경험도 있는 오세훈(전 서울시장)이 좋을 것 같다.”(성수동 전복례씨) “국민의힘도 새로운 인물을 내놔야지. 정치인보다는 행정 업무를 한 조은희(서초구청장)가 나을 것 같다.”(행당동 박아무개씨) “이쪽도 저쪽도 아닌 제3자인 안철수(국민의당 대표)가 낫겠다.”(마장동 축산시장 한승호씨) “차라리 새로운 사람인 금태섭(전 의원)을 뽑을까 생각 중이다.”(명륜동 정아무개씨)한 달여 걸친 각 당의 경선과 이후 야권 단일화 등 교통정리 과정이 남아 있다. 이를 통해 인물 구도가 선명해지면 선거 열기도 한층 달아오를 것이다. 선택의 시간이 다가오고 있다.김규남 기자"
"조사마다 엎치락뒤치락…野단일화 ‘주목’박영선-안철수 가상 양자 대결시 초박빙나경원도 만만찮아…3자대결땐 ‘朴 우위’(왼쪽부터) 박영선 더불어민주당 예비후보, 안철수 국민의당 대표, 나경원 국민의힘 경선후보. [연합][헤럴드경제=강문규 기자] 서울지역 민심이 요동치고 있다. 오는 4월 7일 재보선을 앞두고 지지 정당 순위는 물론 유력 후보자 이름까지 여론조사 결과마다 다를 정도다. 대체적으로 양자대결 시에는 아직까지 절대 강자가 없는 혼전 양상이다. 더불어민주당 예비후보인 박영선 전 중소벤처기업부 장관과 안철수 국민의당 대표가 오차범위 내에서 치열한 접전을 벌이고 있지만 누구도 확실한 우위에 있다고 볼수 없다. 국민의힘 경선후보인 나경원 전 의원 또한 만만찮다. 결국 야권 단일화에 따라 서울시장 선거 판도는 크게 요동칠 것으로 보인다. 야권 단일화가 무산돼 3자 대결이 펼쳐지는 경우 박 후보는 국민의힘 후보가 누가 되느냐에 상관없이 오차범위 밖 우위를 나타냈다.리얼미터가 YTN·TBS의 의뢰를 받아 18세 이상 서울시민 1016명을 대상으로 지난 10일 발표한 여론조사에서 박 후보는 야권 단일화가 무산돼 3자 대결이 펼쳐지는 경우 나 경선후보가 국민의힘 후보로 나설 경우 박 후보 37.5%, 나 경선후보 25.0%, 안 대표 22.7%였고, 오세훈 경선후보가 출마하면 박 후보 37.7%, 오 경선후보 18.7% 안 대표 26.7%로 조사됐다. 야권 단일화 시 박 후보는 안 대표와의 양자대결에서 38.9% 대 36.3%로 앞섰다. 나 경선후보와의 맞대결에서도 39.7%의 지지율로 나 후보(34.0%)에 5.7%포인트(p) 차이로 우세를 보였다. 오 경선후보에겐 40.6% 대 29.7%로 오차 범위 밖 우위를 보였다.박영선 더불어민주당 서울시장 예비후보가 설날인 12일 서울역에서 승객들에게 인사하고 있다. [연합]반면 야권 단일화 경우 안 대표의 우세를 점치는 여론 조사결과도 많다. 엠브레인퍼블릭이 뉴스1 의뢰로 지난 8~9일 서울에 거주하는 만 18세 이상 남녀 1002명을 대상으로 한 여론조사 결과, ‘누가 서울시장 감으로 가장 낫다고 생각하나’는 질문에 ‘박 후보’라고 응답한 비율이 23.1%로 가장 높았다. 안 대표는 18.9%로 오차범위 안에서 2위를 차지했고 나 경선후보가 15.4%로, 오경선 후보 8.5%로 뒤를 이었다. 야권 단일화를 전제로 안 대표가 출마할 경우 박 후보를 오차범위 밖에서 이기는 것으로 나타났다. 양자대결에서 안 대표는 45.2%를 얻어 박영선 예비후보(35.3%)를 앞섰다. 박 후보는 같은 여론조사에서 안 대표와 국민의힘 후보와 치러질 가상 3자대결에서는 우세를 보였다.안철수 국민의당 대표가 설 연휴 첫날인 지난 11일 서울역 임시선별진료소에서 신종 코로나바이러스 감염증(코로나19) 검체 채취 의료 봉사를 하고 있다. [연합]입소스가 SBS의 의뢰로 지난 6~9일 서울에 거주하는 만 18세 이상 800명을 대상으로 실시한 여론조사 결과에서 단일화를 전제로 양자대결을 벌일 경우 지지율은 안 대표가 43.5%, 박 후보가 40.6%였다. 국민의힘 후보로 야권이 단일화될 경우에는 박 후보의 지지율이 모두 10%p 이상 앞서는 것으로 조사됐다.안 대표와 박 후보 양자대결시 격차가 1%p에도 못 미치는 초접전을 벌인다는 여론조사도 있다. 코리아리서치가 MBC 의뢰로 지난 8∼9일 양일간 18세 이상 서울시민 804명을 대상으로 여야 모두 단일화에 성공해 박 후보와 안 대표가 맞붙을 경우 박 후보가 41.9%, 안 대표 41.4%로, 격차는 0.5%p에 불과하다. 박 후보와 나 경선후보의 맞대결은 46.0% 대 33.7%, 박 후보와 오 경선후보의 대결은 45.3% 대 36.1%로 집계됐다. 또한 야권 단일화 무산으로 3자 대결이 펼쳐질 경우에는 박 후보의 넉넉한 우세가 점쳐졌다.나경원 국민의힘 예비후보가 설 연휴 첫날인 지난 11일 서울 은평소방서를 방문, 장비를 착용하고 기념촬영을 하고 있다. [연합]한편 서울지역 지지 정당은 1주일만에 순위를 뒤바궜다. 리얼미터가 YTN 의뢰로 지난 8∼10일 전국 18세 이상 1502명을 대상으로 조사한 결과 서울 지역의 민주당 지지율은 전주보다 5.0%p 상승한 31.7%로 조사됐다. 5.1% 하락한 국민의힘 30.1%을 오차범위 이내지만 1주일만 다시 추월한 것이다. 전국 지지율 역시는 민주당이 2.1%p 상승한 33.0%, 국민의힘이 0.7%p 하락한 31.1%로 나타났다.자세한 사항은 중앙선거여론조사심의위원회 홈페이지를 참조하면 된다"
"박영선 전 중소벤처기업부 장관(왼쪽)과 우상호 더불어민주당 의원이 1일 오후 서울 금천구의 한 스튜디오에서 ‘더불어민주당 시장후보지원자들의 국민면접’ 방송촬영에 앞서 기념촬영을 하고 있다. 오종택 기자           김진애 열린민주당 서울시장 후보가 ""박영선-우상호 경선이 너무 밋밋한 건 사실""이라며 일침을 놓았다.  김 후보는 13일 페이스북을 통해 ""당 경선이 치열해야 본 선거 경쟁력이 올라가는데, 우려된다""며 ""우쭈쭈 받쳐주는 후보 거품은 언제 푹 꺼질지 모른다""고 여권의 경선 경쟁을 비판했다. 후보자 간에 ""영선 누나"", ""상호 동생""이라고 부르며 ""공격 없는 경쟁""을 벌이는 것에 대한 우려다. 김 후보는 ""'박영선 누나'라니 '박근혜 누나'가 연상된다""고 덧붙였다.       4.7 재보궐선거 열린민주당 서울시장 후보로 확정된 김진애 후보가 9일 국회에서 공천장을 받은 뒤 소감을 밝히고 있다. 오종택 기자       한편 설 연휴 사흘째인 13일을 맞아 박영선 더불어민주당 서울시장 예비 후보는 경기도 의정부를 찾아 자신의 후원회장인 문희상 국회의장을 예방했다.        친문 표심을 얻기 위해 노력하고 있는 우상호 민주당 예비후보는 이날 김해 봉하마을을 찾아 고 노무현 전 대통령 묘소에 참배했다. 이후 경남도청으로 이동해 김경수 경남지사와 면담했다.        이해준 기자"
"서울시장 보궐선거 더불어민주당 박영선 예비후보가 13일 경기도 의정부시에 있는 문희상 전 국회의장 자택을 방문, 환담하고 있다. 박영선 예비후보 캠프 제공    서울시장 예비후보 열린민주당 김진애 의원이 더불어민주당 박영선 후보와 우상호 후보가 치열하게 경쟁해야한다고 조언했다.   13일 김 의원은 페이스북에 “박영선-우상호 경선이 너무 밋밋한 건 사실”이라며 이같이 일침했다.   김 의원은 “정체성-도덕성-리더십-공약 검증이 전혀 안되고 있다”고 진단하며 “당 경선이 치열해야 본 선거 경쟁력이 올라가는데, 우려된다”라고 말했다.   그는 “우쭈주 받쳐지는 후보 거품은 언제 푹 꺼질지 모른다”며 “혹시 박영선 후보는 벌써 승리감에 도취되어 있는가? 혹시 우상호 후보는 벌써 양보 압박을 받는 것은 아니겠죠”라고 지적했다.   단일화와 관련해 “혹시 김진애-박영선 단일화를 흥미진진하게 고대하시나?”라며 “보수언론·보수세력도 박영선 후보 검증을 별로 안하는 이유는 본선에 가면 본격적으로 털 게 많아서인가?”라고 반문했다. 이어 “보수언론이 손잡기 좋고 타협하기 쉬운 인물이 박영선 후보라서?”라고 덧붙였다.     서울시장 보궐선거 더불어민주당 우상호 예비후보가 13일 경남 김해시 봉하마을 노무현 전 대통령 묘역을 찾아 참배하고 있다. 우상호 예비후보 캠프 제공    우 후보가 박 후보를 누나라고 부른점에 대해 “박영선 누나라니 박근혜 누나가 연상되고 저는 누나 호칭 사절한다”라고 말했다. 그러면서도 그는 “언니 호칭은 좋다“며 “여성의 동지의식이 좋고, 남성들도 서로 언니라 부른 전통이 있다”라고 덧붙였다.   한편 이날 박 후보는 문희상 전 국회의장을, 우 후보는 봉하마을을 찾았다. 문 전 의장은 “박영선은 그 누구의 리더십과도 다르고 독보적인 추진력으로 서울시장이 되는 순간 서울시를 꽉 잡고 시정을 확실히 챙길 것”이라고 말했다.   우 후보는 고(故) 노무현 전 대통령 묘역이 있는 김해 봉하마을을 찾았다. 방명록에는 “늘 곁에 있겠습니다. 꿈을 이루겠습니다”라고 적었고 권양숙 여사와는 전화로 안부를 나눴다.   양다훈 기자"
"(서울=연합뉴스) 서울시장 보궐선거 더불어민주당 박영선 예비후보가 13일 오전 경기도 의정부시에 위치한 문희상 전 국회의장 자택을 방문, 환담하고 있다.     문희상 전 국회의장은 박영선 예비후보의 후원회장을 맡고 있다. 2021.2.13    [박영선 예비후보 측 제공. 재판매 및 DB금지]"
(서울=뉴스1) 박지혜 기자 = 박영선 더불어민주당 서울시장 예비후보가 13일 의정부 문희상 전 국회의장의 자택을 예방해 문 전 의장과 대화를 나누고 있다.문 전 의장은 박영선 서울시장 예비후보의 후원회장을 맡고 있다. (박영선 캠프 제공) 2021.2.13뉴스
"문 전 의장, `단짝 친구` 친오빠이자 후원회장 맡아봉하마을 찾아 민주당 `적자` 후보 강조[이데일리 이성기 기자] 4·7 서울시장 보궐선거 더불어민주당 경선후보인 박영선 전 중소벤처기업부 장관과 우상호 의원은 13일 설 연휴 주말을 맞아 지지 호소 행보를 이어나간다. 여론조사에서 우세한 흐름을 보이고 있는 박 전 장관은 자신의 후원회장을 맡은 문희상 전 국회의장을 찾아 조언을 듣고, 우 의원은 경남 김해 봉하마을에 있는 고(故) 노무현 전 대통령 묘역을 참배한다.서울시장 보궐선거 출마 선언을 한 우상호(왼쪽) 더불어민주당 의원과 박영선 전 중소벤처기업부 장관이 지난달 27일 서울 여의도 더불어민주당 서울시당에서 열린 `민주당 정책엑스포 in 서울`에서 기념촬영을 하고 있다. (사진=연합뉴스)박 전 장관은 이날 경기 의정부 소재 문 전 의장의 자택을 예방한다. 다만 예방 일정은 언론에 비공개로 진행될 예정이다. 문 전 의장은 “그간 지켜본 박 전 장관은 누구보다 날카롭고 예리한 눈으로 세상을 바라보고 목표를 향해 우직하게 걸어 나가는 사람”이라고 평가하며 이달 초 후원회장을 맡았다. 박 전 장관과 문 전 의장의 인연은 40여년 전으로 거슬러 올라간다. 문 전 의장은 박 전 장관이 수도여고 1학년 시절 만난 단짝 친구 문희숙의 친오빠다. 박 전 장관이 2004년 총선에 당선되면서 두 사람은 `정치적 동지`가 됐다. 문 전 의장은 열린우리당 의장(대표) 시절 박 전 장관을 첫 여성 비서실장으로 발탁해 7개월 임기 동안 호흡을 맞췄다. 박 전 장관은 흔쾌히 후원회장을 맡아준 문 전 의장에게 “고 김대중·노무현 전 대통령을 모신 민주당의 역사이자 `친구 오빠`로 고교 시절부터 민주주의 역사에 대한 영감을 주신 분”이라고 감사 인사를 전했다.우 의원은 이날 오후 고 노무현 전 대통령 묘역이 있는 봉하마을로 향한다. 경선 후보 등록일인 지난 9일엔 현충원과 고 김대중 전 대통령 묘역을 참배했다. 민주당의 `적자`임을 강조하고 있는 우 의원은 “영원한 스승, `김대중 정신`을 끝까지 지키겠다”고 다짐했다. 한편 젊은 층과의 소통 강화를 위해 `2030 온라인 서포터즈` 모집에도 나섰다.캠프 소식과 정책을 사회관계망서비스(SNS)를 통해 활발하게 전달하고 `가짜 뉴스`를 신고하는 등 다양한 캠페인 활동을 펼친다는 계획이다.이성기 "
"김진애 “박영선 벌써 승리감 도취됐나”김진애 열린민주당 의원연합뉴스열린민주당 서울시장 보궐선거 예비후보인 김진애 의원이 별다른 이슈 없이 밋밋하게 진행되고 있는 더불어민주당의 후보 경쟁 구도를 꼬집었다.김 예비후보는 13일 자신의 페이스북에서 “박영선-우상호 경선이 너무 밋밋한 건 사실”이라며 “정체성-도덕성-리더십-공약 검증이 전혀 안되고 있다”고 지적했다. 그는 “당 경선이 치열해야 본 선거 경쟁력이 올라가는데, 우려된다”며 “우쭈쭈 받쳐지는 후보 거품‘은 언제 푹 꺼질지 모른다”고 말했다.특히 김 예비후보는 더불어민주당 우상호 서울시장 예비후보가 박영선 예비후보에게 ’박영선 누나‘라고 호칭했던 것을 두고 날을 세웠다. 김 예비후보는 “’박영선 누나‘라니 ’박근혜 누나‘가 연상된다”고 비판했다. 우 예비후보와 박 예비후보는 지난달 24일 이낙연 민주당 대표와 함께 서울 남대문시장 민생탐방을 떠났을 때 서로를 ’누나‘, ’동생‘으로 부르며 화기애애한 모습을 연출한 바 있다. 다만, 김 예비후보는 “’언니‘ 호칭은 좋다. 남성들도 서로 언니라 부른 전통이 있으니까”라고 덧붙였다.열린민주당 김진애 서울시장 예비후보 페이스북 갈무리김 예비후보는 박 예비후보에 대한 검증이 없다는 것도 지적하는 동시에 우 예비후보의 ’후보 양보 가능성‘을 거론했다. 그는 “혹시 박영선 후보는 벌써 승리감에 도취되어 있는가”라면서 “혹시 우상호 후보는 벌써 양보 압박을 받는 것은 아닌가”라고 직격했다.김 예비후보의 지적처럼 민주당 서울시장 보궐선거 경선을 두고 정치권에서는 ‘흥행성이 떨어진다’는 평가를 내놓고 있다. 네거티브는 차치하더라도 두 후보가 서로의 정책에 대한 평가조차 자제하고 있어서다.이런 가운데 범여권 서울시장 후보 지지율은 박 예비후보 30%, 우 예비후보 9.8%, 김 예비후보 2.1% 순인 것으로 나타났다. 이번 조사는 SBS가 여론조사기관 입소스에 의뢰해 지난 6일부터 9일까지, 유무선 전화면접조사로 서울 유권자 800명의 응답을 얻었으며, 표본오차는 95% 신뢰 수준에 ±3.5%p다.신형철 기자"
"박영선·조정훈·금태섭은 이미 활동 중…김진애·나경원도 계정 개설'폐쇄성' 논란에 계정 개설 꺼리기도…吳·安 후보측 ""계획 없다""© News1 이은현 디자이너(서울=뉴스1) 이준성 기자 = 선거를 앞둔 설 명절, 평시라면 정치인들이 서울 각지에서 귀경 인사를 다닐 시기지만, 신종 코로나바이러스 감염증(코로나19)으로 대면 접촉이 어려워진 상황에서 '클럽하우스'를 통한 비대면 소통이 서울시장 예비후보들 사이에서도 인기를 끌고 있다.클럽하우스는 지난해 3월 출시한 음성 기반 소셜네트워크서비스(SNS)로, 최근 국내외에서 페이스북과 인스타그램을 잇는 차세대 SNS로 급성장하고 있다. 기존 이용자로부터 초대를 받아야만 이용할 수 있다는 점에서 '폐쇄형'이라는 지적을 받지만, 정치, 직업, 음악, 건강 등 본인의 관심사에 맞는 대화방에 참여할 수 있고, 오직 음성으로만 대화가 이뤄진다는 점, 유명인사들과 실시간으로 대화를 나눌 수 있다는 점 등이 부각되며 인기를 끌고 있는 것.국내에서는 4월 서울시장 선거에 출마한 박영선 전 중소기업벤처부 장관과 김봉진 우아한형제들 의장 등이 클럽하우스를 이용한다는 소식이 전해지며 입소문을 타기도 했다.박영선 민주당 예비후보가 12일 정청래 의원과 함께 클럽하우스에서 시민들의 질문을 받는 채팅방을 열었다. (클럽하우스 화면 캡처) © 뉴스1박영선 민주당 예비후보는 전날(12일)에도 정청래 의원과 클럽하우스 방송을 통해 소통에 나섰다. 박 후보는 '서울시장 선거에 나왔던 사람이 왜 또 나오냐'는 질문에 ""세 번째 출마하니 서울이 보인다. 축적된 시간이 서울을 보여준다""고 답한 것으로 전해졌다.1972년생으로 서울시장 예비후보 중 가장 젊은 조정훈 시대전환 예비후보도 최근 클럽하우스 계정을 개설했다. 조 예비후보는 지난 10일 '지지율 0.5% 서울시장 후보에게 조언해주실 분?'이라는 '반말방'을 개설해 500여 명의 시민들과 소통에 나섰다. 반말방은 서로 반말로 대화하는 컨셉의 방으로 격 없는 소통이 가능하다는 장점이 있다.조정훈 시대전환 예비후보가 지난 10일 클럽하우스 방송을 통해 비대면 소통에 나섰다. (조정훈 의원실 제공)© 뉴스1금태섭 무소속 예비후보도 지난 9일 클럽하우스에 '무엇이든 물어보세요'라는 제목의 방을 만들고 400여 명의 시민들과 실시간 소통에 나섰다. 금 후보는 ""처음이라 좀 딱딱했는데, 오늘 경험을 복기해 다음엔 더 재미있게 해보겠다""고 소감을 남겼다.김진애 열린민주당 후보도 이날 페이스북에 ""클럽하우스는 딱 김진애 스타일""이라면서 클럽하우스 방송을 통해 소통에 나설 계획을 밝히기도 했다.유튜브를 통한 비대면 홍보에 주력하던 우상호 민주당 예비후보 측도 최근 클럽하우스 계정 개설을 검토 중인 것으로 알려졌다. 우 후보는 최근까지 팟캐스트 방송을 하며 음성 기반 소통을 해오기도 했다.나경원 국민의힘 예비후보도 최근 클럽하우스 계정을 개설하고 시일 내 클럽하우스 방송을 진행할 계획인 것으로 알려졌다.다만 아이폰 유저만 이용이 가능하고, 초대를 받아야 가입이 가능하다는 클럽하우스의 특성상 '폐쇄성' 논란을 야기할 수 있는 만큼, 일각에선 클럽하우스 소통을 꺼리는 분위기도 감지된다.오세훈 국민의힘 예비후보 측은 이날 통화에서 ""기존의 SNS와는 다르게 접근성 문제도 있고 가입하는 권리가 사고 팔리기도 하는 등 논란이 될 수 있다""면서 ""시민 통합, 서울 통합을 얘기하면서 (클럽하우스를 이용하는 건) 맞지 않는 것 같다""고 밝혔다.안철수 국민의당 예비후보 측도 ""예비후보들이 클럽하우스를 비대면 소통에 이용하는 것은 인지하고 있지만 현재 (안 후보는) 클럽하우스 사용을 고려하고 있지 않다""고 밝혔다"
"박영선·우상호·김진애 모두 ""단일화 빠를수록 좋아""3월1일 민주당 후보 후 속도 높일 듯…'합당' 논의는 미지수왼쪽부터 박영선 전 중소벤처기업부 장관, 우상호 민주당 의원, 김진애 열린민주당 의원. © 뉴스1(서울=뉴스1) 정재민 기자 = 4·7 서울시장 보궐선거를 앞두고 먼저 토너먼트 방식의 후보 단일화 대진표를 완성한 보수 야권에 맞서 여권의 후보 단일화, 나아가 통합 움직임이 설 이후 가속화할 수 있을지 끈다.더불어민주당 경선에 출마한 박영선 전 중소벤처기업부 장관, 우상호 의원과 열린민주당의 김진애 후보는 단일화에 긍정적이며, 민주당 후보들은 통합도 '좋다'는 입장이다. 다만 현재로선 단일화 가능성은 높은 반면 합당 카드는 넘어야 할 장애물이 많은 상황이다.◇與 단일화 시기는…내달 1일 민주당 후보 확정돼야13일 정치권에 따르면 민주당 두 후보와 열린민주당 예비후보들은 모두 '후보 단일화'에 긍정적인 입장을 밝히고 있다.더불어민주당, 열린민주당의 후보 단일화는 예비후보들 간 공감대를 이룬 상황으로, 결국 방식과 시기의 문제가 될 것으로 보인다.김진애 열린민주당 후보는 ""10년 전 박영선 (후보와) 고(故) 박원순(전 서울시장)의 단일화 성공 모델을 복기해달라""며 ""민주당은 후보 단일화 일정과 방식을 열린민주당에 제안해달라""고 공을 민주당에 돌렸다.구체적인 시기는 민주당의 최종 후보가 결정되는 다음 달 1일 이후에야 논의될 것으로 보인다. 박 전 장관, 우 의원 모두 아직 '예비후보' 신분이기에 김 후보와의 경선 과정에 대해 미리 구체적으로 언급하기는 다소 부담스러울 수 있는 상황이다.내달 1일 민주당의 서울시장 후보가 확정되면, 단일화 시계추는 빨라질 것으로 예상된다. 선거관리위원회에 후보자 등록을 마치는 기한이 3월19일인데, 현직 의원의 경우 보궐선거에 나서기 위해 3월8일까지는 의원직을 내려놔야 한다. 이를 고려하면 8일 혹은 그 이전에도 단일 후보가 나올 수 있다.다만 조정훈 시대전환 후보는 단일화를 일축했다. 앞서 국민의당 측에서 제안한 제3지대 후보 단일화를 거절한 그는 지난 8일 범여권의 후보 단일화에 대해서도 ""제가 들어가서 (민주당의) 지지율이 몇%나 올라갈까""라고 거부 의사를 밝혔다. 그는 서울시장 선거 출마 이유에 대해 ""제가 시민 여러분께 얼마의 지지를 받을 수 있을지에 대한 평가를 받아보고 싶은 것이 출마 이유""라고 말해 완주 의지를 나타냈다.◇열린민주당 ""단일화는 OK, 합당은 글쎄…""후보 단일화뿐 아니라 민주당과 열린민주당의 '합당'도 예비후보들을 중심으로 논의되고 있지만, 해석은 제각각이다. 김 후보는 '단일화가 두 당의 합당을 전제로 한 건가'라는 질문에 ""정봉주 전 의원이 합당을 이야기하셨지만, 솔직히 합당은 (당내에서) 논점이 된 적이 없다""고 답했다.이어 ""저희는 민주당 제안이 없기 때문에 진지하게 이야기해본 적이 없다""며 공을 민주당으로 넘겼다.박 전 장관과 우 의원은 모두 단일화도, 합당도 좋다며 민주당에 논의를 촉구하고 나섰다. 이번 보궐선거를 넘어 대선까지 바라봐야 한다는 주장이지만, 현실적인 문제와 실익이 있냐는 지적도 따른다.민주당과 열린민주당의 통합 논의는 매 선거마다 부상했다. 지난해 총선 당시 이해찬 대표는 합당 가능성에 선을 그으며 조심스러운 입장을 밝혔다. 민주당의 한 중진 의원은 열린민주당이 강성 지지층을 갖고 있는 점을 의식해 ""중도층 표심이란 변수가 있다""고 전했다. 이런 이유로 이낙연 대표 등 현 지도부에서도 열린민주당과의 합당에 대한 의견을 명확히 하지 않고 있다. 현재로선 관련 논의는 3월 초 이낙연 대표가 물러난 이후 펼쳐질 민주당 차기 지도부 선출 과정에서 화두가 될 가능성이 점쳐진다.민주당 관계자는 ""누구나 공감대가 있지만 시기와 방식에 따라선 입장이 갈릴 것""이라며 ""차기 (당대표) 주자별로 이에 대한 입장을 밝힐 기회가 있을 것""이라고 내다봤다"
"동영상 뉴스▶ 수도권도 '밤 10시'…'5인 이상 금지' 연장  오는 15일부터 수도권 실내이용시설과 유흥시설의 영업제한이 밤 10시까지 연장되고, 비수도권은 모든 영업 제한이 풀립니다.  '5인 이상 모임' 금지는 계속 유지되지만, 직계 가족이면 거주지가 달라도 모임이 허용됩니다.▶ 귀경·나들이객 몰려 정체…내일까지 미세먼지  설 연휴 사흘째인 오늘 귀경과 나들이 차량이 몰리면서 전국의 고속도로 정체가 이어지고 있습니다.  내일까지 미세먼지가 예보된 가운데, 초봄 날씨에 도심 곳곳은 마스크를 쓴 시민들로 북적였습니다.▶ '2주 신생아 사망' 부부에 ""살인죄 적용해야""  생후 2주밖에 안 된 아들을 때려 숨지게 한 부부가 아동학대치사혐의로 구속됐습니다.  하지만, 부부가 신생아를 의도적으로 숨지게 했다며 살인죄 적용을 요구하는 목소리가 커지고 있습니다.▶ ""속옷 팝니다"" 제2 n번방 우려 '일탈계' SNS  유명 SNS에서 특정 단어만 검색하면 음란물과 입던 속옷까지 거래되는 글이 MBN 취재 결과 확인됐습니다.   이른바 '일탈계'의 행각으로 불법이지만, 파는 사람이나 사는 사람 모두 공개되길 꺼려서 단속이나 처벌이 쉽지 않습니다.▶ 쿠팡 직원 ""1천억 주식""…배달료 ""5천 원""  온라인 쇼핑몰 쿠팡이 미국 뉴욕증시 상장을 예고한 가운데 일선 직원과 비관리직 직원에게 최대 1천억 원어치의 주식을 나눠주겠다고 밝혔습니다.  민주노총 산하 배달서비스 지부는 서울 일부 아파트들의 갑질이 개선되지 않으면 배달료를 5,000원으로 인상하겠다고 배달 대행업체에 통보했습니다. ▶ 오세훈 ""안철수와 연립정부""…여권 후보 '분주'  오세훈 국민의힘 서울시장 예비후보가 오늘 MBN 뉴스와이드에 출연해 ""안철수 국민의당 대표와 서울시 연립정부를 만들어 공동 운영할 수 있다""고 말했습니다.  박영선 더불어민주당 후보는 청년층과 자영업자들의 표심을  공략했고, 우상호 후보는 노무현 전 대통령 묘소를 참배했습니다.▶ 네이버에서 'MBN뉴스'를 구독하세요!▶ 김주하 앵커 'MBN 종합뉴스' 저녁 7시 20분 진행▶ MBN Y포럼 사전등록 GO! GO!< Copyright ⓒ MBN(www.mbn.co.kr) 무단전재 및 재배포 금지 >"
"더불어민주당 서울시장 후보자리를 놓고 경쟁 중인 박영선, 우상호(왼쪽부터) 예비후보. 지난 9일 열린민주당 후보로 확정된 김진애 후보는 이들과 차별화를 시도하면서 단일화 가능성에도 대비하는 등 바삐 움직이고 있다. © 뉴스1(서울=뉴스1) 박태훈 선임기자 = 김진애 열린민주당 서울시장 후보는 13일, 더불어민주당 후보경쟁 판세가 박영선쪽으로 기울고 있는 듯하다고 판단했다.그러면서 박영선 예비후보에 대한 비판적 기사가 적게 나오는 것은 '거품론' 아니면 '다루기 쉬운 인물'이라는 신호로 보인다고 주장했다. 또 박 후보가 ""우상호 후보와는 누나 동생하는 사이다"", 우상호 후보도 '누나'로 호칭하고 있는 것과 관련해선 ""박영선 누나하니까 '박근혜 누나'가 연상된다""며 비꼬았다.이는 박근혜 전 대통령이 보수판을 좌지우지할 때 실세 중 실세는 사석에서 '박근혜 누나'라고 부르는 이라는 말이 나도는 등 정치를 사적영역으로 몰고간 것과 같은 폐단을 경계한 말이다. 김 후보는 이날 페이스북에 ""정체성-도덕성-리더십-공약 검증이 전혀 안돼 박영선-우상호 경선이 너무 밋밋한 건 사실이다""며 민주당이 컨벤션 효과를 누리지 못하고 있다고 지적했다.이어 ""당 경선이 치열해야 본 선거 경쟁력이 올라가는데 우려된다""며 ""떠 받쳐지는 '후보 거품'은 언제 푹 꺼질지 모른다""라고 한 뒤 박영선 후보를 쳐다봤다.김 후보는 ""혹시 박영선 후보는 벌써 승리감에 도취되어 있는지, 우상호 후보는 벌써 양보 압박을 받는 것은 아니지""를 물었다. 김 후보는 ""보수언론이 박영선 후보 검증을 별로 안하는 이유는 본선에 가면 본격적으로 털 게 많아서인지, 아니면 손잡기 좋고 타협하기 쉬운 인물이라서 그런지""라며 박 의원의 선명성과 전투력까지 의심했다.끝으로 김 후보는 ""'박영선 누나'라니, '박근혜 누나'가 연상된다""며 박 후보가 '누나'라는 말로 친근한 이미지를 연출하려 하지만 '끼리끼리' 폐단이 예상된다며 반대했다.따라서 김 후보는 '누나' 대신 ""여성의 동지의식에 좋고, 남성들도 서로 언니라 부른 전통이 있다""며 '언니'를 사용할 것을 주문했다"
"“명절에도 시민 위해 애써주셔서 감사”“열차 내 확진 사례 ‘0’···박수 보낸다”“일상 회복하는 서울 위해 노력할 것”    더불어민주당 박영선 서울시장 예비후보가 12일 서울 중구 서울역을 찾아 철도 근로자와 인사를 나누고 있다. 박 후보 측 제공    더불어민주당 박영선 서울시장 예비후보가 설 명절을 맞아 서울역을 방문해 연휴 기간에도 ‘시민의 발’이 돼 고생하는 철도 근무자들을 격려했다.   13일 정치권에 따르면 박 후보는 설 당일인 전날 서울 중구 서울역을 방문해 명절 연휴를 반납하고 근무하는 철도 근로자들을 만나 위로와 감사의 뜻을 전했다. 특히 신종 코로나바이러스 감염증(코로나19) 확산으로 전국에 비상이 걸렸는데도 KTX고속열차 내에선 단 1건의 확진 사례도 발생하지 않은 점을 거론하며 철도 근로자들의 방역 노력에 깊은 감사를 표했다.     더불어민주당 박영선 서울시장 예비후보가 12일 서울 중구 서울역을 찾아 KTX 열차에 오른 시민들에게 손을 흔들며 인사하고 있다. 박 후보 측 제공    박 후보는 서울역에서 부산역으로 향하는 87호 KTX 열차 앞에서 김태건 기관사를 만나 “명절 휴일에도 시민들을 위해 애써주셔서 정말 감사하다”고 했다. 열차에 오르는 시민들과도 손을 흔들고 인사를 나누는 등 친근감을 보였다.   박 후보는 역내 중앙통제실로 자리를 옮겨 근무자들과도 일일이 인사를 나누며 격려했다. 박 후보는 “명절에도 쉬지 못하고 시민의 손발이 돼 주시는 분들을 뵙기 위해 나왔다”고 말했다. 이어 “나와서 들어보니 지난 1년 동안 KTX 열차 안에서 코로나19가 확진된 사례가 없었다고 한다”면서 “굉장히 자부심을 느끼고 계신 걸 보며 박수를 보낸다”고 했다.     더불어민주당 박영선 서울시장 예비후보가 12일 서울 중구 서울역 중앙통제실을 찾아 연휴를 반납하고 근무 중인 철도 근로자들과 인사를 나누며 격려하고 있다. 박 후보 측 제공    박 후보는 “열차표가 절반밖에 판매되지 않기 때문에 과거 명절의 서울역과는 완전히 다른 모습이다”라며 “정말 일상을 찾아가는, 봄을 기다리는 마음 가득해진다”고 했다. 그러면서 “우리가 방역을 위해 합심하고 빠르게 일상으로 회복할 수 있는, 그런 서울이 될 수 있도록 최선의 노력을 다하겠다”고 했다.   배민영 기자"
"조정훈 시대전환 서울시장 후보가 5일 국회 소통관에서 '맞춤형 주4일제' 노동환경에 대한 공약을 발표하고 있다.윤동주 기자 doso7@[아시아경제 박철응 기자] '주4일제 근무' 논의가 수면 위로 부상하고 있다. 서울시장 보궐선거가 계기다.박영선 전 중소벤처기업부 장관은 지난 8일 청년정책 간담회에서 ""서울시장이 되면 주4.5일제를 확립시키고 싶다""면서 ""청년 일자리 문제와 여성의 삶, 육아와 보육 등 여러 복지 문제와 연결돼 있는데 이를 통해 서울시 대전환의 새로운 프레임을 만들고 싶다""고 했다.서울시장 선거에 나선 조정훈 시대전환 의원이 주창하고 있는 '주4일제'와 유사한 4.5일제를 내세운 것이다. 이에 조 의원은 페이스북에서 ""0.5의 차이가 나지만 현재의 OECD 최고 수준의 우리 나라 노동시간에 관한 문제의식을 공유하고 있다고 생각한다""며 정책토론회를 제안했다.앞서 우상호 민주당 의원도 페이스북을 통해 주4일제 도입 공약을 거론하면서 ""시민들이 ‘일하고 쉴 수 있는 서울’을 만들겠다는 그의 취지에 지지를 보낸다""면서 ""이것이 우리가 나아가야 할 사회적 방향이라는 것도 동의한다""고 했다.그는 이어 ""다만 이 제도의 도입을 위해서는 기업의 다양한 사정도 고려해야 하는 만큼, 실용적으로 접근해야 한다는 것이 나의 생각이다. 또 코로나 위기 국면에서 많은 분들이 고통받고 있는 현실도 고려해야 한다""고 했다.이후 우 의원과 조 의원은 이를 주제로 정책간담회를 갖기도 했다.하지만 오세훈 전 시장은 ""꿈속에 사는 박영선 후보에 청년과 중소기업인들은 절망""이라며 ""4.5일을 일하기는커녕 아르바이트 자리마저 없어 당장 생계가 걱정인 그들에게 4.5일제 공약이 가당키나 한 것인가""라고 강하게 비판했다.박철응 기자"
"[파이낸셜뉴스] 음성 기반 소셜네트워크서비스(SNS) '클럽하우스'를 통한 비대면 소통이 서울시장 예비후보들 사이에서도 인기를 끌고 있다.   클럽하우스는 정치, 직업, 음악, 건강 등 본인의 관심사에 맞는 대화방에 참여할 수 있고, 오직 음성으로만 대화가 이뤄진다는 점, 유명인사들과 실시간으로 대화를 나눌 수 있다는 점 등이 부각되며 인기를 끌고 있다.   국내에서는 4월 서울시장 선거에 출마한 박영선 전 중소기업벤처부 장관과 김봉진 우아한형제들 의장 등이 클럽하우스를 이용한다는 소식이 전해지며 입소문을 타기도 했다.   박영선 민주당 예비후보는 전날(12일)에도 정청래 의원과 클럽하우스 방송을 통해 소통에 나섰다. 박 후보는 '서울시장 선거에 나왔던 사람이 왜 또 나오냐'는 질문에 ""세 번째 출마하니 서울이 보인다. 축적된 시간이 서울을 보여준다""고 답한 것으로 전해졌다.   금태섭 무소속 예비후보도 지난 9일 클럽하우스에 '무엇이든 물어보세요'라는 제목의 방을 만들고 400여 명의 시민들과 실시간 소통에 나섰다. 금 후보는 ""처음이라 좀 딱딱했는데, 오늘 경험을 복기해 다음엔 더 재미있게 해보겠다""고 소감을 남겼다.   유튜브를 통한 비대면 홍보에 주력하던 우상호 민주당 예비후보 측도 최근 클럽하우스 계정 개설을 검토 중인 것으로 알려졌다. 우 후보는 최근까지 팟캐스트 방송을 하며 음성 기반 소통을 해오기도 했다.   나경원 국민의힘 예비후보도 최근 클럽하우스 계정을 개설하고 시일 내 클럽하우스 방송을 진행할 계획인 것으로 알려졌다.   다만 아이폰만 이용이 가능하고 초대를 받아야 가입이 가능하다는 클럽하우스의 특성상 '폐쇄성' 논란을 야기할 수 있는 만큼, 일각에선 클럽하우스 소통을 꺼리는 분위기도 감지된다.   오세훈 국민의힘 예비후보 측은 이날 통화에서 ""기존의 SNS와는 다르게 접근성 문제도 있고 가입하는 권리가 사고 팔리기도 하는 등 논란이 될 수 있다""면서 ""시민 통합, 서울 통합을 얘기하면서 (클럽하우스를 이용하는 건) 맞지 않는 것 같다""고 전했다.   안철수 국민의당 예비후보 측도 ""예비후보들이 클럽하우스를 비대면 소통에 이용하는 것은 인지하고 있지만 현재 (안 후보는) 클럽하우스 사용을 고려하고 있지 않다""고 말했다."
"설 직전 여론조사, 박영선 안철수 40%대에서 혼전국민의힘 후보로는 박영선 상대 우위 아무도 없어야권 단일화 후보 선호도, 안철수>나경원>오세훈 순서 오는 4월 7일 서울시장 보궐선거가 범여권에서는 박영선 전 중소벤처기업부 장관, 범야권에서는 안철수 국민의당 대표 양강 구도로 굳어지고 있다. 설 명절을 앞두고 실시된 각종 여론조사에서 박 전 장관과 안 대표가 여야의 대표선수로 서울시장 본선에 오를 경우 박빙의 승부를 펼칠 것이라는 가상대결 결과가 나왔다.상대적으로 야권이 앞선 것으로 나타났던 선거 양상이 설 명절 전후 혼전 양상으로 변하는 것으로 나타났다. 박 전 장관의 출마 선언 이후 여권 지지층이 결집하는 모양새다. 다만, 안철수 대표와 국민의힘 사이의 단일화가 무산될 경우 박영선 전 장관이 넉넉한 차이로 승리할 것으로 전망됐다. 결국 야권 후보 단일화가 어떤 형태로 결론나느냐가 서울시장 보궐선거 판세를 결정짓는 요인이 될 것이라는 전망에 힘이 실리고 있다. 민주당 후보들에 대한 안 대표의 본선 경쟁력이 야권 단일화에 어떤 영향을 미칠지가 서울시장 보궐선거 판세를 좌우할 것이라는 분석도 나온다.  더불어민주당 박영선 서울시장 예비후보가 설 연휴 첫날인 11일 서울 성북구 안암 창업밸리를 방문해 청년 창업과 청년 신혼부부 주거 문제를 살피고 있다. 연합뉴스◇ 설 전후 여론조사. 안철수 박영선 ‘장군멍군’ 13일 정치권에 따르면, 설 연휴 전후 MBC와 SBS에서 공개한 서울시장 보궐선거 여론조사에서 박영선 전 장관과 안철수 대표는 오차범위 내에서 팽팽한 접전을 펼치고 있었다.지난 10일 코리아리서치가 MBC 의뢰로 지난 8∼9일 18세 이상 서울시민 804명을 대상으로 조사한 결과, 여야 모두 단일화에 성공할 것을 가상한 양자대결에서 박 전 장관은 41.9%, 안 대표는 41.4%의 지지율을 얻었다. 박 전 장관이 오차범위(95% 신뢰수준에 표본오차 ±3.5%p) 안에서 미세하게 앞선 것으로 나타났다.반대로 11일 SBS가 여론조사기관 입소스에 의뢰해 지난 6일부터 9일까지, 유무선 전화면접조사로 서울 유권자 800명을 대상으로 조사한 결과, 단일화 성사를 전제로 가상 양자대결에서 안 대표 43.5%, 박 전 장관 40.9%의 지지율을 얻었다. MBC 조사와 달리 안 대표가 박 전 장관을 오차범위(표본오차는 95% 신뢰 수준에 ±3.5%p) 내에서 앞섰다.야권 단일 후보가 국민의힘 소속일 경우 박 전 장관은 오차 범위 밖에서 앞섰다. MBC조사에서 박 전 장관과 국민의힘 나경원 경선후보의 대결은 46.0% 대 33.7%, 박 전 장관과 국민의힘 오세훈 경선후보의 대결은 45.3% 대 36.1%로 집계됐다. SBS 조사에서는 박영선 대 나경원 43.7% 대 33.7%, 박영선 대 오세훈 45.1% 대 33%로 박 전 장관이 앞섰다.더불어민주당 우상호 의원의 영향력은 박 전 장관보다 작았다. 우상호 의원이 후보로 나설 경우엔 안 대표, 오 후보에겐 각각 15.4%포인트, 10.8%포인트 차이로 뒤졌다. 나 후보와는 33.9%(우 후보) 대 37.9%로 오차범위내 격차로 나타났다. SBS 조사에서도 우상호 대 안철수 가상대결에서는 33% 대 46.9%로 안 대표가 크게 앞섰고, 나경원, 오세훈 후보와는 우열을 가리기 어려웠다.정치권 관계자는 ""현 정부 부동산 정책에 대한 비판 여론이 우세하고, 여당 측 인사들의 도덕성 문제가 이슈가 됐음에도 국민의힘 후보들이 박 전 장관을 앞서지 못하는 것은 국민의힘 정당 지지율이 민주당을 앞서지 못하기 때문""이라고 말했다. 국민의당 안철수 대표가 설 연휴 첫날인 11일 오전 서울역광장에 설치된 임시선별검사소에서 검체 채취 의료 봉사를 하고 있다. 연합뉴스.◇ 국민의힘 후보, 아무도 박영선 못 이겨…야권단일후보 안철수 1위실제로 유권자들은 국민의힘 후보로의 야권 단일화를 선호하지 않는 것으로 나타났다. MBC 조사에서 범야권 단일후보로 안 대표 27.3%, 나 후보 15.1%, 오 후보 13.1%, 조은희 서초구청장 4.4%, 금태섭 전 의원 2.9%, 오신환 경선후보 1.2% 순으로 지지율이 높았다. SBS조사에서는 안철수 대표 27%, 나경원 후보 15.5%, 오세훈 후보 11.8%, 금태섭 전 의원 4.3% 순이었다. 자세한 내용은 중앙선거여론조사심의위원회 홈페이지를 참고하면 된다.전체적으로 지난 1월말 박영선 전 장관의 출마 선언 후 민주당의 지지율이 상승세를 타고 있는 모습이다. 공룡 여당인 더불어민주당의 입법 독주 논란과 여당 소속이었던 박원순 전 서울시장의 성추행 사태와 맞물려 선거초반 야권에 10%p 이상 뒤졌던 박영선 장관의 지지율이 40%대로 회복되는 모습니다. 박 전 장관의 지지율은 이달 초 30%중반에서 40% 초반으로 올라온 반면, 안철수 대표의 지지율은 40%중반에서 40%초반으로 내려오는 분위기다. 야권 후보 단일화를 둘러싼 안 후보와 국민의힘 사이의 신경전에 대한 유권자들의 실망감이 야권의 지지율 하락으로 이어지고 있다는 분석이 나온다. 결과적으로 야권은 후보단일화를 최대한 매끄럽게 마무리해야 서울시장 선거 승리를 내다볼 수 있게 됐다는 관측이다. 야권은 안 대표와 금태섭 전 의원 사이의 제3지대 단일화에 이어, 국민의당 경선 승리 후보와의 2단계 단일화를 거쳐 최종 단일 후보를 결정할 계획이다. 국민의힘은 당내 경선을 통해 지지층을 결집하고, 그 힘으로 안 후보와 단일화에 승리하겠다는 구상이다. 안 대표는 민주당 후보와의 여론조사 우위를 내세워 야권 지지층의 표심을 공략하겠다는 구상이다. 정치 전문가들은 안 대표가 잇따른 단일화 과정에서 본선 경쟁력을 얼마나 보여줄 지가 관건이 될 것이라고 본다. 구체적으로는 후보 단일화를 위한 TV토론 등에서 과거와는 달라진 모습을 얼마나 보여줄 지가 핵심 고비가 될 것이라는 분석이 나온다. 익명을 요구한 한 정치 컨설턴트는 ""지난 2017년 대선 TV토론 등을 거치며 안철수 후보에게는 ‘토론에 약하다’는 이미지가 굳어져있는 상황""이라면서 ""야권 후보 단일화는 물론이고, 보궐선거 본선에서 안 후보가 승리하기 위해서는 이 이미지를 떨쳐버릴 수 있는 반전이 있어야 한다""고 말했다. [양범수 기자"
더불어민주당 박영선·우상호 서울시장 예비후보가 경선을 앞두고 친문 표심 행보를 이어갔습니다.박영선 예비후보는 경기도 의정부에 있는 문희상 전 국회의장 자택을 찾아 서울이 미래 100년의 좌표를 찍는 세계도시의 표준으로 도약할 수 있는 계기를 만들겠다고 말했습니다.박 후보의 후원회장을 맡은 문 전 의장도 박 후보가 독보적인 추진력으로 서울시장이 되는 순간 서울시를 꽉 잡고 시정을 확실히 챙길 것이라고 격려했습니다.우상호 예비후보는 김해 봉하마을을 찾아 고 노무현 전 대통령 묘역을 참배한 뒤 방명록에 '늘 곁에 있겠습니다.꿈을 이루겠습니다'라는 글을 남겼습니다.이어 경남도청으로 이동해 김경수 경남도지사와 면담했습니다.이대건 
"동영상 뉴스【 앵커멘트 】  오세훈 국민의힘 서울시장 예비후보가 안철수 국민의당 대표와 함께 서울시를 공동운영해보자고 제안했습니다.  안 대표가 지난해 12월 제안했던 서울시 연립정부 방안에 발을 맞춘 건데 안 대표 측도 긍정적인 반응을 내놨습니다.  우종환 기자입니다.【 기자 】  오세훈 국민의힘 서울시장 예비후보가 MBN 뉴스와이드에 출연해 야권 단일화 방안으로 '연립 서울시 정부' 카드를 꺼냈습니다.  자신이 안철수 국민의당 대표와 가장 비슷한 중도 우파 성향을 가진 만큼 서울시를 '공동운영'해볼 수 있지 않겠느냐고 제안한 겁니다.▶ 인터뷰 : 오세훈  국민의힘 서울시장 예비후보 (MBN 뉴스와이드)- ""연립정부가 완전히 정당의 정강정책이나 추구하는 바가 다르다면 무리입니다. (저는) 안철수 후보와 노선이 다르지 않습니다. 서울시를 공동운영한다, 예를 들어서. 이런 제안을….""  오 후보의 이런 발언은 현재 야권에서 가장 지지율이 높은 안 대표의 지지층에 어필하려는 의도로 풀이됩니다.  국민의힘 본경선이 여론조사 100%로 진행되는 만큼 안 대표 지지층이 당의 본경선 결과에도 영향을 줄 수 있다는 점을 노린 셈입니다.  안 대표 역시 출마 선언 직후 야권 연립정부를 제안한 바 있습니다.▶ 인터뷰 : 안철수  국민의당 대표 (지난해 12월)- ""'연립 서울시 정부'를 통해 야권의 유능함을 보여주고, 정권교체의 교두보를 놓을 것입니다.""  오 후보 발언에 대해 안 대표 측은 MBN과 통화에서 ""괜않은 아이디어""라며 ""우리의 연립 시 정부 제안도 그대로다""라고 말했습니다.  이에 대해 나경원 후보는 단일화 뒤 공동운영은 당연하며 나아가 자유주의 상식 연합을 이뤄야 한다고 말했습니다.  한편, 우상호 더불어민주당 예비후보는 봉하마을을 찾아 고 노무현 전 대통령 묘역을 참배했고, 박영선 예비후보는 문희상 전 국회의장을 예방했습니다.  MBN뉴스 우종환입니다.  영상편집 : 이주호  #MBN    ▶ 네이버에서 'MBN뉴스'를 구독하세요!▶ 김주하 앵커 'MBN 종합뉴스' 저녁 7시 20분 진행▶ MBN Y포럼 사전등록 GO! GO!< Copyright ⓒ MBN(www.mbn.co.kr) 무단전재 및 재배포 금지 >"
"""야권 단일화 경선에 이길 수 있는 자료 있다""과거 단일화 사례 언급하며 국민의힘 단일 후보 주장새 인물 기대할 수 없는 상황서 현 후보에 집중[이데일리 송주오 기자] 김종인 국민의힘 비상대책위원장이 서울시장 보궐선거에 뛰어든 국민의힘 후보군 띄우기에 한창이다. 범야권의 유력주자인 안철수 국민의당 대표를 이길 수 있다며 자신감을 불어넣고 있다.김종인 국민의힘 비상대책위원장이 지난 4일 국회에서 열린 비상대책위원회의에서 모두발언을 하고 있다.(사진=노진환 기자)김 위원장은 지난 8일 미디어데이에 앞서 국민의힘 예비후보들과 간단한 티타임을 갖고 그 자리에서 “야권 단일화 경선에서도 이길 수 있는 자료를 갖고 있다”는 확신을 전달하며 격려한 것으로 전해졌다.이어 9일 오후 서울 서대문구의 미혼·한부모가족 복지시설을 방문한 후 기자들과 만난 김 위원장은 관련 질문에 “내가 우리 당 내부에 나름대로 생각하고 나름대로 갖고 있는 자료가 있다”고 답했다. 이어 “그런 의미에서 이야기한 것이고 그걸 특별하게 공표할 사항은 아니다”라고 덧붙였다.김 위원장은 최근 국민의힘 후보에 힘을 실어주는 언행을 이어가고 있다. 지난 6일 KBS ‘심야토론’에 출연해 통상 큰 정당 소속 인물이 최종 단일후보로 결정된 사례를 언급하며 다음달 안 대표와의 야권 후보 단일화에서 이길 수 있다고 했다. 그는 “내가 보기엔 (안 대표나 금 전 의원이 단일후보가 될) 그런 상황은 오지 않을 것이라고 본다”며 “과거 단일화 과정을 보면 큰 당에 뿌리를 가진 사람이 종국에 가선 단일 후보가 됐다”고 목소리를 높였다.이는 지난해와 비교해 확연히 다른 모습이다. 지난해 비대위원장 취임 직후 김 위원장은 ‘새 인물론’을 주창해왔다. 40대의 전문적 지식을 갖춘 인물을 영입해야 한다고 했다. 그러면서 당내에 주자가 안 보인다고 언급해 반발을 사기도 했다. 그럼에도 불구하고 뜻을 꺾지 않았던 김 위원장이다.김 위원장의 입장 변화는 현실적인 상황 때문으로 풀이된다. 김 위원장은 지난달 27일 신년 기자회견에서 ‘새 인물론’과 관련 “제대로 찾을 길이 없고, 스스로 나타날 경우도 없는 것 같다”며 “서울시장 후보를 놓고 볼 때 가능성이 없다고 생각한다”고 밝혔다. 즉 현재 후보군에서 선거 승리를 이끌어야 한다는 판단을 내린 것이다.다만 김 위원장의 입장 변화에도 불구하고 여전히 국민의힘 후보들은 안 대표에 열세를 면치 못하고 있다. 박영선 더불어민주당 예비후보와 대결에서 치열한 접전을 벌일 야권 후보로 안 대표가 뽑히고 있다. 3자 구도에서도 국민의힘 후보에 뒤지지 않고 있다.이런 분위기 탓인지 김 위원장은 안 대표와의 단일화 협상 신경전을 펼치며 노골적으로 국민의힘 후보들을 치켜세우고 있다.송주오 "
"서울 강남 재건축 단지. 서울시장 보궐선거 예비후보자들이 실현성 낮은 갖가지 부동산 공약을 쏟아내고 있다.임기 1년짜리 ‘4·7 서울시장 보궐선거’ 부동산 공약에 정책은 없고 정치만 난무하고 있어 누가 당선돼도 후유증이 심각할 것으로 전망된다. 당장 실현 가능성이 없는 정치성 구호를 남발해 부동산 가격 상승 부작용은 물론 무리한 사업 추진으로 세금 낭비와 갈등을 부추길 것으로 우려된다. 설 연휴가 끝나고 본격 선거전으로 돌입하면 출마 예정자들의 ‘부동산 대전’이 격화될 것으로 점쳐진다. 출마 예정자들의 부동산 공약에 거품은 없는지 연휴 기간 꼼꼼히 살펴보는 것도 의미 있을 것 같다.야권 주자인 안철수 예비후보(국민의당 대표)는 5년간 74만 6000가구를 짓겠다고 밝혔다. 국철과 전철을 지하로 놓고 그 위에 주택을 건설해 청년주택 10만 가구를 공급한다는 내용도 포함됐다. 계획을 세우고 철길을 까는데도 5년 이상 걸리는 사업이다.역세권·준공업지역에 아파트 40만 가구를 공급하겠다는 약속도 내놓았다. 정부가 ‘2·4대책’에서 밝힌 역세권·준공업지역 주택 공급 계획(8만 4000가구)도 구체성이 떨어져 목표를 달성하기 어렵다는 지적을 받고 있는 상황이다. 40만 가구를 공급하려면 서울 지하철역 주변은 모두 고층 주택단지로 개발해야 한다. 재개발·재건축사업으로 20만 가구를 공급하겠다는 공약 역시 물량 공급확대는 기대할 수 있지만 전세난, 가격 상승 부작용을 불러올 수 있다.여당 주자인 우상호 더불어민주당 의원은 강변북로와 철도용지를 덮어 그 위에 공공주택 16만 가구를 짓겠다고 했다. 강변북로를 박스형으로 건설해 부족한 택지를 확보하려는 아이디어인데, 역시 짧은 기간에 마칠 수 있는 사업이 아니다. 우리나라는 도로나 철길 위에 건설된 주택이 많지 않다. 서울 가좌동 철길 위에 지어진 행복주택 아파트 정도가 비슷한 유형이다. 현재로써는 도로 위에 주택사업을 활발히 펼칠 수 있는 법적 뒷받침이나 설계 기준 등도 부족하다.여권에서 후보적합도 1위를 달리는 박영선 예비후보가 내놓은 ‘21분 컴팩트시티’도 후폭풍을 일으키고 있다. 박영선 주자는 주거·소비·문화·의료 서비스 등을 한 곳에서 받을 수 있고 탄소중립적인 부동산 개발이라고 설명한다. 인구 1000만명 서울을 50만명 기준으로 21개 컴팩트도시로 재편해 21분 생활권을 형성하자는 구상이다. 행정구역으로 나뉜 도시가 아닌 새로운 시공간 개념이라는 점에서 참신하다는 평가도 나온다.문제는 행정구역에 따라 국회의원 선거구가 명확하게 나뉘어져 정치적 이해관계를 푸는데 새로운 갈등을 유발할 수 있다. 컴펙트 도시는 부동산을 이용 면적만으로 볼 때는 효율적이지만 고층화가 필연적인 사업이라서 저층에 거주하는 주민이나 건물주와 새로운 갈등도 걱정해야 한다.야당 주자 가운데 한 명인 나경원 전 의원은 토지임대부 공공주택을 1년에 1만 가구씩, 10년간 10만 가구를 짓겠다고 공약했다. 박영선 예비후보는 5년 동안 토지임대부 주택 30만 가구를 공급하겠다고 약속했다. 공공(서울시나 서울주택도시공사)이 확보한 땅이 없는 상황에서 거의 불가능에 가까운 공약이다. 민간이 소유한 땅을 사들여 토지임대부주택을 공급한다면 가격이 맞지 않기 때문에 실현 가능성이 떨어진다.야권의 오세훈 예비후보는 36만 가구 공급계획을 내세웠다. 재개발·재건축 활성화로 18만 5000가구를 공급하고 기존 서울시 공급계획(7만 5000가구)를 차질없이 추진해 26만 가구를 공급한다는 것이다. 용적률 상향, 높이 규제 완화 등 기존 다른 후보의 공약들과 비슷비슷하다.특이한 것은 ‘상생주택’ 7만 가구, ‘모아주택’ 3만 가구다. 상생주택은 준공업지역이나 자연녹지, 역세권에서 이용이 제대로 되지 않는 민간 소유 토지를 빌려 임대료를 지불하고, 주택은 SH공사가 건설해서 공급하는 민간토지임차형 공공주택이다. 토지주와 공공이 ‘윈-윈’한다고 해서 상생주택이라고 작명했다. 목표 달성은 어려워도 실천 가능성은 엿보이는 공약이다.모아주택은 작은 필지들을 모아 대규모로 개발하면 용적률을 높여주자는 상품이다. 필지별로 개발하면 주차장 한 면 변변하게 나오지 않고 진입로도 확보하기 어려운 만큼 일정 규모 이상 면적을 합쳐 지으면 용적률 인센티브를 주어 주차, 진입로 등 도시문제를 해결한다는 정책이다. 정부가 추진하는 정책과 상통한다.이밖에 대부분 주자들이 부차별적으로 내놓은 재건축·재개발 규제 완화나 초고층 아파트 건설 공약 역시 중앙정부와 박자를 맞춰야 할 정책이기 때문에 실현 가능성이 떨어진다는 비판을 받는다. 부동산 전문가들은 “부동산 정책을 펼치려면 국토교통부 등 중앙부처와 손발이 맞아야 하는데, 독자적으로 내놓은 ‘정치적’ 공약을 실행할 수 있을지는 의문”이라고 지적했다.세종 류찬희 선임기자"
"더불어민주당 서울시장 후보자리를 놓고 경쟁 중인 박영선, 우상호(왼쪽부터) 예비후보. 지난 9일 열린민주당 후보로 확정된 김진애 후보는 이들과 차별화를 시도하면서 단일화 가능성에도 대비하는 등 바삐 움직이고 있다. © 뉴스1(서울=뉴스1) 박태훈 선임기자 = 김진애 열린민주당 서울시장 후보는 13일, 더불어민주당 후보경쟁 판세가 박영선쪽으로 기울고 있는 듯하다고 판단했다.그러면서 박영선 예비후보에 대한 비판적 기사가 적게 나오는 것은 '거품론' 아니면 '다루기 쉬운 인물'이라는 신호로 보인다고 주장했다. 또 박 후보가 ""우상호 후보와는 누나 동생하는 사이다"", 우상호 후보도 '누나'로 호칭하고 있는 것과 관련해선 ""박영선 누나하니까 '박근혜 누나'가 연상된다""며 비꼬았다.이는 박근혜 전 대통령이 보수판을 좌지우지할 때 실세 중 실세는 사석에서 '박근혜 누나'라고 부르는 이라는 말이 나도는 등 정치를 사적영역으로 몰고간 것과 같은 폐단을 경계한 말이다. 김 후보는 이날 페이스북에 ""정체성-도덕성-리더십-공약 검증이 전혀 안돼 박영선-우상호 경선이 너무 밋밋한 건 사실이다""며 민주당이 컨벤션 효과를 누리지 못하고 있다고 지적했다.이어 ""당 경선이 치열해야 본 선거 경쟁력이 올라가는데 우려된다""며 ""떠 받쳐지는 '후보 거품'은 언제 푹 꺼질지 모른다""라고 한 뒤 박영선 후보를 쳐다봤다.김 후보는 ""혹시 박영선 후보는 벌써 승리감에 도취되어 있는지, 우상호 후보는 벌써 양보 압박을 받는 것은 아니지""를 물었다. 김 후보는 ""보수언론이 박영선 후보 검증을 별로 안하는 이유는 본선에 가면 본격적으로 털 게 많아서인지, 아니면 손잡기 좋고 타협하기 쉬운 인물이라서 그런지""라며 박 의원의 선명성과 전투력까지 의심했다.끝으로 김 후보는 ""'박영선 누나'라니, '박근혜 누나'가 연상된다""며 박 후보가 '누나'라는 말로 친근한 이미지를 연출하려 하지만 '끼리끼리' 폐단이 예상된다며 반대했다.따라서 김 후보는 '누나' 대신 ""여성의 동지의식에 좋고, 남성들도 서로 언니라 부른 전통이 있다""며 '언니'를 사용할 것을 주문했다"
"4·7 서울시장 보궐선거를 앞두고 여야 후보들이 설 연휴 주말을 맞아 표심 경쟁을 이어가고 있다. 이들은 각 당 경선 시간표에 맞춰 분주히 일정을 소화하면서도 신종 코로나바이러스 감염증(코로나19) 방역 상황을 감안해 비대면 활동을 늘리고 있다. 더불어민주당 경선 후보인 박영선 전 중소벤처기업부 장관은 13일 자신의 후원회장을 맡은 문희상 전 국회의장을 예방해 조언을 듣는다. 박 전 장관은 문 전 의장을 “고 김대중·노무현 전 대통령을 모신 민주당의 역사이자 고교 시절부터 민주주의 역사에 대한 영감을 주신 분”이라고 평한 바 있다. 우상호 전 민주당 의원은 이날 오후 노무현 전 대통령 묘역이 있는 봉하마을을 방문한다. 국민의힘 소속인 나경원 전 의원은 일선 경찰관들을 격려 방문하고, 오세훈 전 서울시장은 아동학대 문제를 점검한다. 안철수 국민의당 대표는 유튜브를 통한 온라인 소통에 나섰다. 전날에는 김동길TV에 출연해 코로나19 방역 구상을 소개하고 ‘의사 안철수’로서 특장점을 강조했다. 안 대표는 “앞으로 1년간 서울시장이 해야 할 일은 방역을 통해 소중한 사람들의 안전과 생명을 지키는 것”이라고 말했다. 여야 후보들은 앞으로 현장 일정을 잡더라도 되도록 소규모 인원으로 진행하고, 대규모 인파가 몰리는 곳은 가급적 피하겠다는 방침을 세웠다. 대신 온라인과 유튜브 등 비대면 활동을 늘여 유권자들과 소통을 강화하고 있다. 김수현 기자[ 문화닷컴 | 네이버 뉴스 채널 구독 | 모바일 웹 | 슬기로운 문화생활 ][Copyrightⓒmunhwa.com '대한민국 오후를 여는 유일석간 문화일보' 무단 전재 및 재배포 금지(구독신청:02)3701-5555)]"
"동영상 뉴스[앵커]오는 4월 7일 서울시장 보궐 선거에 나설 예비후보들은 설 연휴 밥상머리 민심잡기에 분주한데요. 오늘의 행보 짚어보겠습니다. 국회 취재기자 연결합니다. 백길현 기자.[기자]네 오늘은 설 연휴 사흘째인데요. 더불어민주당 서울시장 예비 후보들은 오늘 '당심' 잡기가 키워드 입니다. 박영선 예비후보는 오늘 남편 이원조 변호사와 함께 오전 11시 자신의 후원회장을 맡은 문희상 전 국회의장의 자택을 예방했습니다.이자리에서 문 전 의장은 박 후보에게 ""반드시 승리하리라 믿는다""며 ""박 후보가 승리하는 것만이 당을 살리고 정권도 살리고, 나라도 살리는 일""이라고 격려했습니다. 박 후보와 문 전 의장은 인연이 깊은데요. 특히 박 후보는 문 전 의장이 고교 단짝 친구의 오빠라며 개인적인 친분을 밝히기도 했습니다. 우상호 후보는 오늘 오후 봉하마을에 내려가 노무현 전 대통령 묘역을 참배했습니다. 우 후보는 방명록에 ""늘 곁에 있겠습니다. 꿈을 이루겠습니다""라고 적었습니다. 우 후보는 지난 9일 김대중 전 대통령의 묘역을 방문하는 등 민주당의 '적자' 이미지를 앞세우고 있습니다. 다음달 1일 민주당 서울시장 후보가 확정되는데요.권리당원투표 50%, 여론조사 50%로 경선이 진행되는 만큼 당심을 공략하는 것이 중요한데, 이를 염두에 둔 설 행보로 읽힙니다. [앵커]국민의힘을 비롯한 야권 후보들의 움직임은 어떤가요.[기자]오늘 국민의힘 예비후보들은 현장 행보보다는 페이스북 등을 통한 정책 구상 밝히기에 집중하고 있습니다. 나경원 예비후보는 최근 서울시 7급 공무원이 극단적인 선택을 했다는 비보에 애도를 표하며 시민단체 등 외부인사가 부당 채용되는 일을 막겠다고 말했습니다. 오세훈 예비후보는 서울 관악 난곡로의 한 교회가 운영하는 베이비박스를 방문해 시설을 점검하고 아동정책 구상을 밝혔습니다. 이에 앞서 한 종편에 출연한 오 후보는 ""안철수 후보와의 노선이 다르지 않다""며 안 후보와 최종단일화가 될 경우 서울시를 공동운영할 수도 있다는 입장도 밝혔습니다.이번 설 연휴가 지나고 다음주 화요일부터 국민의힘 서울시장 경선 레이스는 본격적인 토론회 국면에 접어들게 되는데요. 안철수-금태섭 예비후보도 오는 15일 제3지대 첫 토론회를 여는 등 단일화 작업이 급물살을 타고 있습니다. 국민의힘 김종인 비상대책위원장이 어제 한 방송사와의 인터뷰에서 ""국민의힘 후보 선출을 이달 말로 앞당길 수 있다""고 밝히기도 했는데요. 조기에 국민의힘 후보가 결정되면, 제3지대 후보와 단일화 작업을 벌이면서 바람을 일으키겠다는 계산이 엿보입니다. 지금까지 국회에서 전해드렸습니다. 연합뉴스TV 기사문의 및 제보 : 카톡라인 jebo23 ▶ 네이버에서 연합뉴스TV를 구독하세요 ▶ 연합뉴스TV 생방송 만나보기  ▶ 균형있는 뉴스, 연합뉴스TV 앱 다운받기"
"동영상 뉴스<출연 : 배종호 세한대 교수·이상일 국민의힘 전 의원>서울시장 재보궐 선거를 50여 일 앞두고, 여야 예비 후보들의 발걸음이 빨라지고 있습니다. 더불어민주당 서울시장 예비후보들이 당심 끌어안기에 나선 가운데, 국민의힘은 후보 단일화에 속도를 내는 모습입니다. 두 분과 관련 내용 짚어보겠습니다.배종호 세한대 교수, 이상일 국민의힘 전 의원 어서 오세요.<질문 1> 문재인 대통령 내외가 국민에 설 인사를 했습니다. 코로나19 확산에 고향에 가지 못하는 국민을 위로하고 평범한 일상이 새해에는 꼭 회복되길 희망했습니다. 직접 촬영한 영상메시지 였는데, 어떻게 보셨습니까? <질문 2> 4월 재보궐선거를 앞둔 정치권의 설 연휴는 민심을 잡기 위한 중요한 시간입니다. 앞서 여야 예비후보 현장을 누비면서 민심잡기에 나섰는데요. 이번 설 밥상머리에서는 어떤 얘기들이 주로 화두가 됐을까요?<질문 3> 예비후보들 움직임 먼저 짚어보면요. 먼저 민주당 박영선 후보는 대표적인 친문 인사인 문희상 전 국회의장의 자택을 예방했고, 우상호 후보는 봉하마을을 찾습니다. 경선에서 당원 투표가 절반을 차지하는 만큼, 당심 공략에 나선 행보로 보여요?<질문 4> 국민의당 안철수 후보와 무소속 금태섭 후보는 국민의힘보다 사흘 앞선 3월 1일까지 단일화를 마치기로 하고 두 차례 토론에 합의했습니다. 모레 '문재인 정부 4년 간의 평가와 대안'을 주제로 첫 1대1 토론회를 여는데요. 어떤 점을 주목해서 봐야 할까요? <질문 5> 단일화 룰을 둘러싼 물밑 신경전도 고조되고 있는데요. 특히 여론조사 방식이 핵심 의제로 떠올랐습니다. 여당 후보에 대한 경쟁력을 조사할지, 야권 단일후보 적합도를 조사할지가 최대 쟁점인데요. 방식에 다른 각각의 유불리 어떻게 보세요?<질문 6> 김종인 비대위원장은 국민의힘 후보 선출 문제를 ""이달 말에 끝낼 수도 있다""고 밝히면서 ""야권 단일화는 숙명적""이라고 주장했습니다. 그간 단일화에 유보적이었던 김 위원장의 태도가 사뭇 달라진 모습인데, 최근 여론조사 결과와 무관치 않다고 봐야 할까요? <질문 7> 여론조사가 매주 쏟아져 나오고 있는데요 최근 여론조사(코리아리서치 MBC 의뢰)를 살펴보면 범여권에선 박영선 후보, 범야권에선 안철수 후보의 적합도가 가장 높았습니다. 두 사람이 가상대결할 경우, 격차는 0.5%p로 초박빙 접전으로 조사됐습니다? <질문 8> 여권의 후보 단일화도 가속화 할 수 있을지 관심인데요. 민주당과 열린민주당 후보들 간 공감대를 이룬 상황인 만큼, 결국 방식과 시기의 문제가 될 거란 관측도 있습니다. 다만 어차피 한집이라는 인식이 강해 과연 효과가 크겠느냐는 의문도 있는데요. 어떻게 보세요?연합뉴스TV 기사문의 및 제보 : 카톡라인 jebo23 ▶ 네이버에서 연합뉴스TV를 구독하세요 ▶ 연합뉴스TV 생방송 만나보기  ▶ 균형있는 뉴스, 연합뉴스TV 앱 다운받기"
"(서울=연합뉴스) 서울시장 보궐선거 더불어민주당 박영선 예비후보가 13일 오전 경기도 의정부시에 위치한 문희상 전 국회의장 자택을 방문, 환담하고 있다.     문희상 전 국회의장은 박영선 예비후보의 후원회장을 맡고 있다. 2021.2.13    [박영선 예비후보 측 제공. 재판매 및 DB금지]"
"동영상 뉴스[앵커]오는 4월 7일 서울시장 보궐 선거에 나설 예비후보들은 설 연휴에도 쉴 수 없습니다. 더불어민주당 예비후보들은 오늘 당원들의 마음을 잡기 위한 행보를 보였다고 하는데요. 국회 취재기자 연결합니다. 백길현 기자.[기자]네, 더불어민주당 서울시장 예비 후보들은 최근 부쩍 '당심 잡기'에 여념이 없는 모습입니다. 박영선 예비후보는 오늘 오전 11시 남편 이원조 변호사와 함께 자신의 후원회장을 맡은 문희상 전 국회의장의 자택을 예방했습니다.이 자리에서 문 전 의장은 박 후보에게 ""반드시 승리하리라 믿는다""며 ""박 후보가 승리하는 것만이 당을 살리고 정권도 살리고, 나라도 살리는 일""이라고 격려했습니다. 박 후보와 문 전 의장은 인연이 깊은데요. 박 후보는 문 전 의장이 고교 단짝 친구의 오빠라며 개인적인 친분을 밝히기도 했습니다. 우상호 후보는 오늘 오후 봉하마을에 내려가 노무현 전 대통령 묘역을 참배했습니다. 우 후보는 방명록에 ""늘 곁에 있겠습니다. 꿈을 이루겠습니다""라고 적었습니다. 우 후보는 지난 9일 김대중 전 대통령의 묘역을 방문하는 등 민주당의 '적자' 이미지를 앞세우고 있습니다. 다음달 1일 민주당 서울시장 후보가 확정되는데요.권리당원투표 50%, 여론조사 50%로 경선이 진행되는 만큼 당심을 공략하는 것이 중요한데, 이를 염두에 둔 설 행보로 읽힙니다. [앵커]국민의힘을 비롯한 야권 후보들은 토론회 준비에 한창이라고요.[기자]오늘 국민의힘 예비후보들은 현장 행보보다는 페이스북 등을 통한 정책 구상 발표와 함께 다음주부터 시작되는 토론회 준비에 몰두하고 있습니다. 나경원 예비후보는 최근 서울시 7급 공무원이 극단적인 선택을 했다는 비보에 애도를 표하며 시민단체 등 외부인사가 부당 채용되는 일을 막겠다고 말했습니다. 오세훈 예비후보는 관악 난곡로의 한 교회가 운영하는 베이비박스를 방문해 시설을 점검했습니다. 이에 앞서 한 종편에 출연한 오 후보는 ""안철수 후보와의 노선이 다르지 않다""며 안 후보와 최종단일화가 될 경우 서울시를 공동운영할 수도 있다는 입장도 밝혔습니다.야권은 설 연휴가 지나면 토론회로 이슈몰이를 한 뒤 단계식 단일화 작업으로 바람을 일으키겠다는 계획입니다. 최근 여론조사에서 서울시장 선호도 조사에서 민주당 박영선 후보에게 야권 후보가 뒤지는 결과가 여럿 나오면서 빨간불이 켜진 건데요. 국민의힘 김종인 비상대책위원장이 어제 한 방송사와의 인터뷰에서 ""국민의힘 후보 선출을 이달 말로 앞당길 수 있다""고 밝히기도 했는데요. 조기에 국민의힘 후보가 결정되면, 안철수-금태섭 제3지대 후보 1인과 단일화 작업을 벌이면서 분위기를 다시 가져오겠다는 계산이 엿보입니다. 지금까지 국회에서 전해드렸습니다. 연합뉴스TV 기사문의 및 제보 : 카톡라인 jebo23 ▶ 네이버에서 연합뉴스TV를 구독하세요 ▶ 연합뉴스TV 생방송 만나보기  ▶ 균형있는 뉴스, 연합뉴스TV 앱 다운받기"
"박영선 서울시장 후보, 문희상 전 국회의장 예방문 의장, '대한민국 국회를 말하다 문희상' 선물[서울=뉴시스] 문희상 전 국회의장과 박영선 더불어민주당 서울시장 예비후보 (제공=박영선 캠프)[서울=뉴시스] 김남희 기자 = 박영선 더불어민주당 서울시장 예비후보가 13일 후원회장인 문희상 전 국회의장의 자택을 예방했다. 문 전 의장은 ""반드시 승리하리라 믿는다""며 박 후보를 격려한 것으로 전해진다.문 전 의장은 이날 경기도 의정부 자택에서 박 후보를 만나 ""박영선은 그 누구의 리더십과도 다르다""며 ""독보적인 추진력으로 서울시장이 되는 순간 서울시를 꽉 잡고 시정을 확실히 챙길 것""이라고 말했다. 이에 박 후보는 ""100년 전 마차에서 자동차로의 대전환 시대에는 뉴욕이 세계도시의 표준이었다""며 ""이제 아날로그에서 디지털로의 대전환을 이루는 2021년을 맞아 서울이 미래 100년의 좌표를 찍는 세계도시의 표준으로 도약할 수 있는 계기를 만들겠다""고 화답했다.[서울=뉴시스] 문희상 전 국회의장이 저서 '대한민국 국회를 말하다 문희상'을 박영선 서울시장 예비후보에게 선물하고 있다. (제공=박영선 캠프)이어 ""의장님이 걸어오신 민주주의의 역사를 가슴에 새기며 이번 선거의 시대정신, 서울시 대전환을 꼭 이루겠다""며 ""21분 도시 서울을 G7 글로벌 디지털 경제수도로 자리매김하고 세계도시의 표준으로 도약시키기 위해 온 몸을 바쳐 최선을 다하겠다""고 다짐했다. 문 전 의장은 이 자리에서 박 후보에게 본인의 구술집인 '대한민국 국회를 말하다 문희상'을 선물했다.박 후보는 지난 3일 문 전 의장의 후원회장 합류 소식을 전하며 ""친구 오빠로 고교 시절부터 민주주의 역사에 대한 영감을 주신 분""이라며 개인적인 인연을 소개한 바 있다. 당시 문 전 의장은 의정부에서 서점과 신문 지국을 운영하며 야당 정치인이었던 김대중 전 대통령을 돕고 있었다.☞공감언론 뉴시스"
"[머니투데이 유승목 기자] [박영선·우상호 민주당 서울시장 경선후보 간 화기애애한 분위기 두고 선거 경쟁력 상실 우려]더불어민주당 우상호(왼쪽), 박영선 서울시장 예비후보가 지난 8일 서울 마포구 복합문화공간 그늘에서 열린 더불어민주당 서울시장 경선후보, 청년창업 및 일자리 간담회에서 기념촬영을 하고 있다. 사진=뉴시스서울시장 보궐선거에 나선 김진애 열린민주당 후보가 박영선·우상호 더불어민주당 예비후보 경선 구도에 날을 세웠다. '우상호 후보와는 누나 동생하는 사이'라는 박영선 후보의 언급에 대해 ""박근혜 누나가 연상된다""며 선거 경쟁력 상실을 우려했다.김진애 후보는 13일 자신의 SNS(사회관계망서비스) 페이스북을 통해 ""우쭈쭈 받쳐지는 후보 거품은 언제 푹 꺼질지 모른다""며 이 같이 밝혔다. 그는 ""박영선·우상호 경선이 너무 밋밋한 것은 사실""이라며 ""정체성, 도덕성, 리더십, 공약 검증이 전혀 안 되고 있다""고 비판했다.김 후보는 더불어민주당 후보들의 화기애애한 분위기를 꼬집었다. 두 후보가 지난달 24일 서울 남대문시장 민생탐방 자리에서 서로를 '누나', '동생' 호칭으로 부르는 등 사이좋은 모습을 연출한 데 대해 ""박영선 누나하니까 '박근혜 누나'가 연상된다""고 우회적으로 비판했다.당 경선부터 치열해야 선거 경쟁력이 올라가는데 후보간 사적인 친분이 이를 가로막는다는 것이다. 다만 김 후보는 ""누나 호칭은 사절하지만 '언니' 호칭은 좋다""며 ""여성의 동지의식이 좋고 남성들도 서로 언니라 부른 전통이 있다""고 말했다.이에 대해 김 후보는 우상호 후보의 양보 가능성을 거론했다. 그는 ""박영선 후보는 벌써 승리감에 도취돼 있는가""라며 ""우상호 후보는 벌써 양보 압박은 받은 것은 아닌가""라고 했다.한편 서울시장 보궐 선거를 앞두고 범여권 후보 가운데 박영선 후보가 두각을 드러내고 있다. 여론조사 기관 리얼미터가 YTN 의뢰를 받아 지난 7~8일 서울시민을 대상으로 조사한 결과 범여권 후보 적합도에서 박영선 후보가 32.8%로 우상호 후보(11.7%), 김진애 후보(3.1%) 등을 크게 앞섰다.사진=김진애 SNS 페이스북 캡처유승목 기자"
[서울=뉴시스]김명원 기자 = 박영선 서울시장 예비후보가 설날 연휴 세째날인 13일 오전 문희상 전 국회의장의 경기도 의정부 자택을 예방했다. 박 후보의 후원회장을 맡은 문 전 의장은 박 후보에게 “반드시 승리하리라 믿는다”며 격려했다. (사진=박영선 예비후보 제공) 2021.02.13.
"(서울=연합뉴스) 서울시장 보궐선거 더불어민주당 박영선 예비후보가 13일 오전 경기도 의정부시에 위치한 문희상 전 국회의장 자택을 방문, 기념촬영을 하고 있다. 문희상 전 국회의장은 박영선 예비후보의 후원회장을 맡고 있다. 2021.2.13    [박영선 예비후보 측 제공. 재판매 및 DB금지]"
"정의당 지지층 40.9% '여당 후보 당선' vs '야당 후보 당선' 44.6% 팽팽야당 후보 중에선 금태섭 15.0%, 안철수 14.9%로 높아…양자대결시엔 박영선 우세[편집자주]'뉴스1'의 '오차범위'는 한 주 동안 발표된 여러 정치 관련 여론조사들 가운데 주말에 다시 한번 짚어볼 만한 내용을 쉽게 정리해 전달하는 코너다.서울시장과 부산시장 등을 뽑는 4·7 재보궐선거에 이어 곧바로 달아오를 20대 대선 경선 등 일련의 정치일정 속에서 독자들이 정치를 이해하는 데 도움이 되기를 기대한다.© News1 이은현 디자이너(서울=뉴스1) 김달중 기자 = 정의당이 4·7 재보궐선거에 후보를 내지 않기로 하면서 이들 지지층의 선택에 관심이 쏠리고 있다. 특히 서울시장 선거에선 박빙의 승부가 펼쳐질 가능성이 높아 정의당 지지층의 선택이 더욱 중요해진 상황이다. 진보정당인 정의당 지지층이 더불어민주당 후보의 손을 들어줄 것이란 관측과 함께 민주당의 서울시장 후보 공천을 비판해 온 정의당의 분위기상 제3의 후보로 기울거나, 아예 투표를 포기할 것이란 전망도 있다. 정의당은 지난달 김종철 전 대표의 성추행 사태 이후에도 지지율 변동폭이 크지 않다. 당 지지율은 뉴스1-엠브레인퍼블릭의 8~9일 조사(표본오차는 95% 신뢰수준에 ±3.1% 포인트)에서 4.2%로, 한국갤럽이 실시하고 있는 정례조사에서 성추행 사태 이전의 5%와 비교해도 큰 차이가 없다. 한국갤럽에 따르면 지난 1년 동안 정의당의 지지율은 5~7%를 오르내렸다.그렇다면 정의당 지지자들의 다른 정당 소속 서울시장 예비후보에 대한 선호도는 어떻게 달라질까.먼저 자신이 정의당 지지자라고 응답한 이들에게 이번 보궐선거의 의미를 묻자 40.9%가 '현 정부를 지원하기 위해 여당 후보가 많이 당선되어야 한다'고 답했다. 이보다 3.7%p 많은 44.6%의 지지자들은 '현 정부를 견제하기 위해 야당 후보가 많이 당선되어야 한다'고 답했다. 오차범위 내에서 팽팽한 접전이다.'서울시장감으로 누가 가장 낫다고 생각하느냐'고 물었더니 정의당 지지층 가운데 42.7%는 여당 후보를 택했다. 세부적으로는 박영선 예비후보 34.4%, 우상호 예비후보 8.3%였다. 야권 후보들 가운데 정의당 지지자들이 가장 선호한 후보는 무소속인 금태섭 예비후보(15.0%)와 국민의당 안철수 예비후보(14.9%)였다. 국민의힘의 오세훈 예비후보(2.9%), 나경원 예비후보(2.4%)는 미미했다. 그렇다고 제3의 군소정당에 기대를 거는 상황은 아니다. 이번 조사에서 조정훈 시대전환 예비후보 등 기타후보를 지지한다는 응답은 의미있는 조사 수치로 잡히지 않을 정도였다. 다만 지지할 후보가 없다거나 모르겠다는 대답은 22.2%에 달해 민주당(14.5%) 지지층이나 국민의힘 지지층(8.5%)에 비해 많았다. 정의당 후보가 출마하지 않는 이번 서울시장 선거에서 투표장에 나서지 않는 경우가 많아질 것이란 얘기다. 여론조사 수치로 볼 때 정의당 지지층은 일단 양분된 상태로, 누가 본선에서 대결을 벌이느냐에 따라 선택이 달라질 가능성이 농후하다. 우선 야권 후보단일화와 관련해선, 야권 승리에 기대를 건 44.6%를 포함한 정의당 지지자들은 안철수, 나경원, 오세훈 후보 중 안철수 후보로 쏠렸다. 나경원과 안철수의 양자대결을 묻자 응답자 56.4%가 안 후보를 택했다. 나 후보는 9.4%에 불과했다. 같은 방식으로 오세훈 후보와의 대결에서도 정의당 지지층 51.7%는 안 후보를 택했다. 오 후보는 21.2%에 그쳤다.주목할 점은 선거 의미로 여당과 야당 후보의 당선을 두고 오차범위 내 팽팽하게 갈렸던 정의당 지지층(여당 당선 40.9% vs 야당 당선 44.6%)이 구체적인 여야 후보간 양자대결을 묻자 여당쪽으로 기울었다는 점이다.정의당 지지층이 야권 단일후보로 선호한 안철수 후보는 박영선 후보와의 양자대결에서 정의당 지지층으로부터 24.5%의 지지를 얻어, 50.6%의 박영선 후보의 절반에 그쳤다. 정의당 지지층 중 금태섭 후보 등 다른 후보를 지지했던 이들을 안 후보가 본선에서 제대로 흡수하지 못하고 있는 셈이다. 특히 금 후보 지지자가 정의당을 포함한 중도·진보진영에 적지 않다는 점에서 금 후보가 참여하는 '제3지대 단일화' 경선이 야권 후보단일화 효과로 제대로 이어지기 위해서는 세심한 관리가 필요해 보인다. 정의당 지지층의 본선 선택시 여당 후보 선호 경향은 국민의힘 후보가 박영선 후보와 맞설 경우에 더 심해졌다. 정의당 지지층 63.7%가 박영선 후보를 지지했고, 나경원 후보는 17.6%에 불과했다. 또 오세훈 후보와의 대결구도에서도 62.8%가 박 후보를 택했지만, 오 후보는 17.3%였다.하지만 양자대결이라고 무조건 여당에 힘을 보탠다고 판단할 수 없는 결과도 있다. 우상호 후보와 안철수 후보 간 대결이 펼쳐질 경우를 가상했을 때 정의당 지지자 23.4%만이 우 후보를 선호했다. 오히려 안 후보를 택한 이들이 41.3%에 달했다.윤태곤 더모아 정치분석실장은 13일 통화에서 ""당대표 성추행 사태 이후 정의당 지지층의 생각이 아직은 상당히 복잡한 것 같다""면서 현 정부에 대한 실망과 당이 처한 상황이 교차하면서 범여권에 전폭적으로 쏠리지 않는 현상이 유지되고 있다고 설명했다.또 다른 여론조사 분석전문가는 ""정의당 지지층이 민주당 후보에게 지지를 보내기 위해서는 일단 2가지가 충족되어야 한다""며 ""후보 자체가 진보적 의제를 던지는 등 매력이 있거나 아니면 보수 야당을 이길 수 있는 후보라야 선택하는 경향이 있다""고 지적했다.각종 여론조사에서 양자대결 구도에서 승산이 다소 높은 박 후보에게 조금 더 쏠림 현상이 보인다는 것이다.다만 정의당 지지층이 실제 투표장으로 오는 데 한계가 있을 것이라는 전망도 나온다. 정치권 관계자는 ""보궐선거는 의무적인 휴일이 아니어서 투표 참여율이 낮은 편""이라며 ""박빙의 선거구도가 펼쳐진다면 정의당 지지층의 투표 참여가 변수가 될 수 있지만 지방선거가 아닌 보선이라 한계가 있을 것""이라고 말했다.한편 기사에 인용된 여론조사는 구조화된 설문지를 이용해 성·연령·지역별 할당 후 휴대전화 가상번호를 통한 전화면접조사(무선전화 100%)로 실시됐다. 오차보정을 위해 지난 1월 말 행정안전부 발표 주민등록 인구통계기준으로 인구비(성·연령·지역)에 따른 사후 가중치를 부여했다. 자세한 사항은 중앙선거여론조사심의위원회 홈페이지를 참조하면 된다"
"민주당 서울시장 예비후보중량급이지만 낮은 인지도 고심“범진보진영 결집에 호소”국민일보는 4월 7일 서울시장 보궐선거를 향해 뛰고 있는 주요 예비후보들의 아킬레스건을 들여다봤다. 각 후보들에게 껄끄러울 수 있는 질문을 하나씩 던지고 이를 극복할 수 있는 전략과 방안을 살펴봤다.4.7 서울시장 재보궐 선거 출마를 선언한 우상호 더불어민주당 의원이 지난달 13일 부동산 정책 발표를 하고 있다.  (공동취재사진)우상호 더불어민주당 서울시장 후보는 대부분의 여론조사에서 선두권 주자들에 비해 밀리고 있다. 서울시장 선거 레이스에 가장 먼저 뛰어들었음에도 불구하고 후보로서의 존재감은 약한 편이다.정치권에서도 우 후보의 낮은 지지도를 안타까워하는 목소리가 많다. 임종석 전 대통령 비서실장도 페이스북을 통해 우 후보 지지를 선언하면서 우스갯소리로 “그런데 왜 그렇게 지지도가 안오르는 걸까요? 우상호, 꼰대 아닌데…진짜 괜찮은 사람인데…”라고 덧붙일 정도였다.정치 경력이 짧거나 언론 노출이 적은 것도 아니었다. 연세대 총학생회장 출신으로 4선 국회의원에다 오랜기간 대변인을 맡아 언론 노출도 적지 않았다. 20대 국회에서는 민주당 원내대표를 지내며 박근혜 대통령 탄핵을 이끈 주역으로도 평가됐고, 문재인정부에서도 통일부나 문체부 장관 후보군으로 자주 언급됐다.대부분 여론조사에서 고전 중하지만 최근에 발표되고 있는 일련의 여론조사에서 우 후보는 고전을 면치 못하고 있다. 범여권후보 적합도 조사나 민주당 후보 적합도 조사에서는 대체로 박영선 후보의 절반 수준 지지율에 그치고 있다. 그렇다 보니 야권 후보와의 가상대결에서 박 후보에 비해 경쟁력이 크게 밀리는 상황이다.우상호 더불어민주당 의원이 원내대표 시절이던 2016년 12월 8일 서울 여의도 국회 본관 앞에서 열린 탄핵 촛불행동에서 모두발언을 하고 있다. 뉴시스여론조사업체 알앤써치가 데일리안 의뢰로 지난달 30일부터 3일간 실시한 여론조사 결과가 이런 흐름을 잘 보여준다. 민주당 단일후보 적합도 조사에서 박 후보는 27.3%, 우 후보는 13.3%를 기록했다. 박 후보는 국민의힘 후보인 나경원 오세훈 예비후보와의 가상 맞대결에서 승리했지만, 우 후보는 가상 맞대결에서 패한다는 결과가 나왔다.(그 밖의 사항은 중앙선거여론조사심의위원회 홈페이지 참조).여의도에서는 알아준다지만, 일반 대중들은 글쎄동료 정치인들은 우 후보의 낮은 인지도와 지지도를 안타깝게 바라보고 있다. 우 후보와 가까운 한 의원은 “원내대표로서 탄핵 정국을 이끌었던 것을 보면 알 수 있듯 훌륭한 정무적 판단력을 갖고 있지만, 정무적 판단이라는 것 자체가 밖으로 잘 드러나지가 않아서 아쉽다”고 말했다.대중 정치인으로서 이미지가 상대적으로 약하다는 평가도 많다. 서울 지역의 한 재선 의원도 “정무적 판단이나 기획력이나 전략이 뛰어난 것은 여의도에서는 다 알려진 얘기지만, 일반 국민까지 공감하기는 어려운 내용”이라면서 “인지도 자체가 낮은 정치인은 아니지만 현재 상황에서 다른 후보들에 비해 상대적으로 낮은 편”이라고 평가했다.또 다른 수도권 의원도 “아무리 정치 생활을 오래하고, 탄핵 때 원내대표하고 매일 TV 나왔어도 그것을 ‘정치 뉴스’로 이해하지 ‘우상호의 뉴스’라고 보지는 않는다”고 평했다.우 후보의 586 운동권 대표주자 이미지가 중장년층에겐 비교적 알려져 있지만 젊은층에 어필하기 어렵다는 지적도 나온다.""조직력과 범진보진영 재결집에 호소""우 후보 측도 인지도 측면에서 밀리고 있다는 점은 어느 정도 받아들이고 있다. 대신 그동안의 정치 경험을 바탕으로 다져진 조직력에 기대를 걸고 있다. 열린민주당과의 통합을 전제로 한 후보단일화에 합의한 것도 이런 맥락이다. 지난 7일에는 서울시 의원 79명의 응원 릴레이 영상이 공개되기도 했다.우 후보는 최근 한 라디오방송에서 “민주당을 지지하거나 범진보진영이 승리해야 한다고 생각하는 일반 시민들에게 호소할 것”이라며 “문재인 대통령이 승리하고, 21대 총선에서 민주당이 승리한 배경을 분석해서 그 때 우리를 승리할 수 있게 해준 분들을 재결집시킬 수 있는 정책과 노선을 제시하겠다”고 말했다.2016년 6월 9일 오후 서울 서대문구 연세대학교 정문 앞에서 열린 제29주기 이한열 동판 제막식에서 당시 총학생회장이던 우상호 당시 더불어민주당 원내대표가 동판을 쓰다듬고 있다. 뉴시스당 관계자는 “80년대 민주화 운동 이야기가 이미 30대들에게도 가깝게 다가오는 메시지가 아니다. 젊은 층을 겨냥한 메시지를 따로 준비할 수 있다”고 말했다.김판 이현우 기자"
[서울=뉴시스]김명원 기자 = 박영선 서울시장 예비후보가 설날 연휴 세째날인 13일 오전 문희상 전 국회의장의 경기도 의정부 자택을 예방했다. 박 후보의 후원회장을 맡은 문 전 의장은 박 후보에게 “반드시 승리하리라 믿는다”며 격려했다. (사진=박영선 예비후보 제공) 2021.02.13.
"(서울=연합뉴스) 서울시장 보궐선거 더불어민주당 박영선 예비후보가 13일 오전 경기도 의정부시에 위치한 문희상 전 국회의장 자택을 방문, 저서를 선물받고 있다. 2021.2.13    [박영선 예비후보 측 제공. 재판매 및 DB금지]"
"[경향신문] 안철수 국민의당 서울시장 예비후보, 오세훈·나경원 국민의힘 예비후보(왼쪽부터). 국회사진기자단야권 서울시장 보궐선거 예비후보들이 ‘서울시 공동운영’에 뜻을 모으는 모양새다.오세훈 국민의힘 예비후보는 13일 MBN과 인터뷰에서 “안철수 국민의당 예비후보와 노선이 다르지 않다”며 “서울시를 공동 운영한다는 제안을 두고 협의해서 단일화가 된다면 유권자들 입장에서 보면 한번 기대해 볼 만하다”고 말했다.오 예비후보의 이런 제안은 안 예비후보가 지난해 12월 “다음 서울시 집행부는 ‘범야권 연립 지방정부’가 돼야 한다”며 “힘을 합쳐서 새롭고 혁신적인 시정모델을 만들어야 한다”고 말한 것을 염두에 둔 것이다. 공동 운영을 전제로 야권 서울시장 후보 단일화에 합의하자는 제안으로 해석된다. 또 다른 야권 주자인 나경원 국민의힘 예비후보도 이날 페이스북에 “성공적인 단일화로 선거에서 승리하면 서울시 공동 운영은 당연히 실천해야 할 기본 과제”라고 했다. 나 예비후보는 “더 큰 상상력과 포용의 정신으로 더 넓은 플랫폼을 펼쳐야 한다. 안 예비후보뿐 아니라 금태섭 후보, 더 넓게는 조정훈 후보까지도 함께 할 수 있어야 한다”며 단일화 대상을 확장했다.안 예비후보와의 단일화에 부정적이던 김종인 국민의힘 비상대책위원장도 최근 단일화에 긍정적인 입장을 내비치고 있다. 김 비대위장은 지난 12일 “초창기에는 3자 대결도 생각을 했지만 최근 보면 단일화를 안 할 수 없는 상황으로 빠졌다”며 “야권 단일화라는 것은 숙명적으로 될 수밖에 없다고 생각한다”고 했다.범여권에서도 단일화 이야기가 나오고 있다. 경선을 통해 최종 후보로 선출된 김진애 열린민주당 후보는 지난 7일 더불어민주당에게 “열린민주당 지지자들의 마음을 얻고 싶다면 후보 단일화 일정과 방식을 제안해달라”고 제안했다. 박영선 예비후보와 우상호 예비후보가 경쟁하고 있는 더불어민주당은 오는 26일부터 3월1일까지 서울시장 후보 경선을 진행해 후보를 확정한다.조해람 기자"
"[앵커]지난주에는 저희가 서울시장 예비후보들의 부동산 공약을 살펴드렸는데, 오늘은 여성정책을  따져보겠습니다. 아시는 것처럼 이번 선거는 전임 시장들의 성비위에서 시작된만큼, 각 후보들은 여심 잡기에 승부를 걸고 있습니다. 주목받는 정책들을 이채림 기자가 골라봤습니다.[리포트](女幸), 여심(女心)…내가 진짜 '여성친화시장'민주당 지자체장의 성범죄가  보궐선거를 촉발했지만,  무공천 당헌을 고쳐  민주당은 후보를 내기로 했죠,이같은 비판을 의식한 듯 민주당 박영선 전 장관은 이번만큼은 여성 시장이 나와야 한다고 강조하며, '엄마 같은 리더십'을 내세웠습니다.  최근 박원순 계승 발언으로 논란을 일으킨 우상호 의원은 시장 직속 양성평등 전담 부서 설치를 약속했습니다. 야권 후보들은 여성 안전을 더욱 부각하고 있습니다.  국민의힘 나경원 전 의원은 여성이 안심하고 거주하는 '인증주택제'를 도입하겠다고 했고,  오세훈 전 시장은 여성 귀갓길 CCTV 100% 설치, 이중잠금장치 지원 등을 공약했습니다. 국민의당 안철수 대표는 신상 공개 성범죄자의  위치를 알려주는 'SOS 애플리케이션' 도입을 약속한 것이 눈에 띕니다. 지원 vs 양육 전담, 보육 정책은?박영선, 나경원 두 여성 후보들의 양육 공약 경쟁도 포인트입니다.  박 전 장관은 21분 컴팩트 도시 공약과 연계해,  집 근처 21분 거리에서 자녀 돌봄 서비스를 책임지겠다는 구상을 내놨고요.  나 전 의원은 경력단절여성을  보육도우미로 활용하는 '서울형 보육 어시스턴트'를 공약했습니다. 현금 지원 공약도 빠질 수 없죠.  민주당 우상호 의원은  최대 20만원을 지급하는  양육수당 도입 신설을 공약했고,  국민의당 안철수 대표는 손주를 돌보는  조부모에게 최대 40만원 수당 지급을 약속했습니다.모두 상당한 재원이 필요한 만큼, 실천 가능성은 따져봐야 할 부분입니다. TV조선 이채림입니다.이채림 기자"
"‘달나라 시장’’나경영’ 후보간 막말 계속오세훈, ‘지역 비하’ 발언으로 지지율 손해우상호 ‘박원순’ 논란 만들며 지지층 결집“막말, 때론 약 되지만, 역풍은 조심해야”더불어민주당 부산시장 후보 경선에 출마한 변성완 전 부산시장 권한대행(왼쪽부터), 박인영 전 부산시의회 의장, 서울시장 후보 경선에 출마한 박영선 전 중소벤처기업부 장관, 우상호 의원, 부산시장 후보 경선에 출마한 김영춘 전 해양수산부 장관. [연합][헤럴드경제=유오상 기자] 47 서울, 부산시장 재보궐 선거를 앞두고 정치권의 입이 거칠어지고 있다. 그간 선거 때마다 보이던 후보들 간의 막말 설전뿐만 아니라 후보들을 돕는 여야 의원들까지도 설전에 나서며 정치권에서는 “더 돋보여야 한다”는 주장과 “막말로 돌발 변수가 생길 수 있다”는 우려가 함께 나오고 있다.지난 8일 나경원 국민의힘 예비후보는 더불어민주당 서울시장 경선에 출마한 박영선 전 중소벤처기업부 장관을 향해 “달나라 시장이 되시려고 하나보다”라고 정면 비판했다. 앞서 나 전 의원이 “서울에서 독립해 결혼하고 아이까지 낳으면 총 1억1700만원의 보조금 혜택을 주겠다”고 공약한 데 대해 박 전 장관이 “돈을 준다고 애를 낳느냐”며 비판한 데 대한 반박이었다.박 전 장관은 이에 더해 “대한민국 국민들은 아무런 근거 없이, 이유 없이 국가가 돈을 마구 퍼주는 것을 썩 좋아하지 않는다”고 나 전 의원을 비판했는데, 나 전 의원은 이에 “시민을 더 외롭고 힘들게 만드는 무책임한 정치”라고 오히려 박 전 장관을 지적했다.여야 후보들뿐만 아니라 야권 내에서도 나 전 의원의 발언을 두고 설전이 이어졌다. 이번에는 오신환 후보가 “황당한 공약”이라며 나 전 의원을 ‘나경영(나경원+허경영)’이라고 비꼰 것이다. 나 전 의원이 오 전 의원의 비판에 “나는 나경영이라 불려도 좋다”고 넘겼지만, 야권 내에서는 “같은 당 후보끼리 싸우느냐”는 비판이 이어졌다.국민의힘 서울시장 보궐선거 본경선에 진출한 나경원 전 의원(왼쪽부터), 오세훈 전 서울시장, 오신환 전 의원, 조은희 서초구청장. [연합]반면, 오세훈 전 서울시장은 ‘특정 지역세대 비하’ 논란으로 구설에 올랐다. 오 전 시장은 지난달 27일 보수성향의 유튜브 채널인 ‘고성국TV’에 출연해 자신이 지난 총선에서 패배한 이유를 서울 광진을 지역구와 관련지어 “특정 지역 출신이 많다는 것은 다 알고 있고, 무엇보다 30~40대가 많다. 이 분들이 민주당 지지층”이라고 말했다. ‘특정 지역’은 사실상 호남 출신을 거론한 것으로, 발언 직후 오 전 시장에 대한 비판 여론이 이어졌다.이처럼 여야를 가리지 않고 막말 논란이 이어지며 정치권 안팎의 비판이 이어지고 있지만, 당사자들의 셈법은 또 다르다. 선거철 정책 이슈가 좀처럼 주목받지 못하는 상황에서 막말이 존재감을 나타낼 수 있는 수단으로 활용되기 때문이다.실제로 비교적 약세로 평가받는 오 전 의원 같은 경우는 같은 당 후보인 나 전 의원을 비판하며 ‘인지도 쌓기’에 나섰다. 의도적으로 같은 당 후보를 비판하고 나서며 자극적인 단어로 존재감을 드러내는 식이다.국민의힘 부산시장 본경선에 박민식(왼쪽부터), 박성훈, 박형준, 이언주 예비후보. [연합]‘논란’을 직접 만들어 지지층을 결집시키는 효과를 노리는 경우도 있다. 우상호 민주당 의원은 10일 자신의 SNS를 통해 성추문 논란 속에 숨진 고 박원순 전 서울시장을 두고 “제 목숨이 다하는 순간까지도 나의 동지”라며 “박원순이 우상호고 우상호가 박원순이라는 마음가짐으로 서울시 정책 펼쳐가겠다”고 강조했다.당장 야권에서는 “피해자의 인권을 조금이라도 생각했다면 망언을 해선 안됐다”며 비판에 나섰다. 배준영 국민의힘 대변인은 “서울시를 수치스럽게 만든 박 전 시장과 끝까지 같이 하겠다는 우 예비후보의 태도는 피해자에 대한 2차가해”라며 “피해자와 서울시민 가슴에 대못 박은 우상호 예비후보는 자격이 없다”고 지적했다.그럼에도 정치권에서는 “우 의원이 의도적으로 박 전 시장을 두둔하고 나서며 당내 열성 지지층 결집을 시도한 것”이라는 평가가 나오고 있다. 상대적으로 여론조사에서 박 전 장관에 열세를 보이고 있는 우 의원이 당원을 대상으로 한 평가에서 우위를 점하기 위해 열성 지지층을 자극하는 발언을 했다는 것이다.일부 지지층 결집 효과가 있지만, 과도한 막말이 결국 ‘역풍’을 부를 수 있다는 우려는 여전하다. 실제로 오 전 시장의 경우, 여권으로부터 ‘일베 정치인’이라는 비판까지 받으며 주요 여론조사에서 지지율이 떨어지는 결과를 불렀다. 정치권 관계자는 “막말이 때로는 약이 될 수도 있지만, 지나치게 활용하다 보면 결국은 선을 넘을 수밖에 없다”며 “국민의힘이 지난 총선의 패배 원인을 ‘막말’로 규정하며 반성하겠다 했지만, 결국 막말이 반복되고 있다. 과도한 막말은 역풍을 부를 수밖에 없다”고 했다"
"박영선, 13일 문희상 전 국회의장 예방""리더십 남달라…박영선 승리가 나라 살리는 일""문희상 전 국회의장(왼쪽)과 박영선 더불어민주당 서울시장 예비후보 ⓒ박영선 후보 측 제공박영선 더불어민주당 서울시장 예비후보 친구의 오빠로 인연이 알려진 문희상 전 국회의장이 13일 박 후보를 만나 ""서울시장 보궐선거에서 승리하리라 믿는다""고 덕담을 건넸다. 문 전 의장은 박 후보의 후원회장을 맡고 있기도 하다.문 전 의장은 이날 오전 경기도 의정부 자택을 예방한 박 후보와 박 후보의 배우자인 이원조 변호사를 향해 ""박 후보가 승리하는 것이 당을 살리고, 정권을 살리고, 나라도 살리는 일""이라고 언급했다.이어 ""박 후보는 그 누구의 리더십과도 다르다""며 ""독보적인 추진력으로 서울시장이 되는 순간 서울시를 꽉 잡고 시정을 챙길 것""이라고 말했다.박 후보는 문 전 의장의 덕담에 ""100년 전 마차에서 자동차로의 대전환 시대에 뉴욕이 세계도시의 표준이었다. 이제 아날로그에서 디지털로의 대전환을 이루는 2021년을 맞아 서울이 미래 100년의 좌표를 찍는 세계도시의 표준으로 도약할 수 있는 계기를 만들 것""이라고 답했다.아울러 박 후보는 ""문 전 의장이 걸어온 민주주의의 역사를 가슴에 새기고 이번 선거의 시대정신, 서울시 대전환을 꼭 이룰 것""이라며 21분 도시 서울을 G7 글로벌 디지털 경제수도로 자리매김하고 세계도시의 표준으로 도약시키기 위해 온 몸을 바쳐 최선을 다하겠다""고 했다.데일리안 최현욱 기자 "
"[표지이야기]공허해진 ‘젠더 선거’라는 구호… ‘권력형 성범죄’ 여권은 직접 언급 않고 야권은 활용만한국여성정치네트워크를 포함한 청년·여성단체 회원들이 2020년 9월28일 서울시청 앞에서 박원순 전 서울시장을 보좌하는 ‘서울시청 6층 사람들’을 피노키오에 빗대는 행위극을 하며 2차 가해를 멈춰달라고 요구했다. 한겨레 백소아 기자역대 가장 조용한 선거가 다가온다. 2021년 4월7일 재보궐선거다. 재보선에 대한 낮은 주목도, 정치 싫증, 선거 피로, ‘회전문 후보자’의 식상함에 코로나19 속 ‘대화 실종’까지 더해진 결과다. 당분간은 가족·친구와 모일 수 없으니, ‘정치 대목’이라는 설 명절에도 조용한 선거 분위기는 이어질 것으로 보인다. 선거 이야기를 하다가 서로 감정 상하는 불상사는 막을 수 있지만, 여론 형성과 시민 대표 선출이라는 선거의 효능을 떨어뜨리는 부작용도 감수해야 한다. 그러니 이번 설에는 만날 수 있는 몇 명하고라도 선거 이야기를 마구 나눠보자. 풍성한 ‘대화’ 상차림을 위해 명절에 만날 수 없는 가족과 친구의 마음을 <한겨레21>이 먼저 들었다. 새로 시장을 뽑는 서울과 부산에서 유권자들을 만났다. 다양한 갈래의 이야기를 모으니, 유권자의 마음이 2021년 재보선을 넘어 2022년 대선에서 어디로 향할지 어렴풋이 보이는 듯도 하다._편집자 주2021년 4월 치르는 서울·부산시장 보궐선거는 젠더 이슈가 선거의 주요 축이 되는 이른바 ‘젠더 선거’가 될 가능성이 크다는 전망이 일찌감치 나왔다. 두 지역 선거 모두 전임 시장의 권력형 성범죄에서 촉발됐기 때문이다. 1월25일 정의당에서도 김종철 전 대표의 성추행 사건이 발생하고, 같은 날 국가인권위원회가 박원순 전 서울시장 사건을 두고 “성희롱 행위에 해당한다”는 결론을 낸 점도 이번 선거에서 젠더 이슈 주목도를 높이는 역할을 했다. 여성 후보가 상대적으로 유리할 것이란 분석이 잇따르다보니, 사상 처음 여성 광역자치단체장이 탄생할 수 있을지에도 기대감이 쏠린다. 최초 여성 광역자치단체장 탄생?그러나 막상 뚜껑을 열어보니 높은 관심에 견줘 “공허하다”는 평이 뒤따른다. 최근 떠오른 부동산이나 개발 이슈에 밀려 성폭력·성차별 근절 등 젠더 이슈는 상대적으로 힘이 빠졌다는 진단이다. 특히 여권 후보들은 지지율에 부정적 영향을 미칠 거란 우려에 권력형 성범죄를 직접 언급하는 일이 드물다. 언론 인터뷰에서 질문이 나올 때야 “민주당이 상처받은 분에게 사과해야 할 방법이 있으면 할 수 있는 만큼 다 해야 된다고 생각한다”(박영선 전 중소벤처기업부 장관)거나 “죄송하다. 하지만 코로나 위기 극복을 위해서는 여당 후보가 시장이 돼야 한다”(우상호 더불어민주당 의원)고 답변하는 식이다. 출마 선언을 하면서 전임 시장의 잘못을 먼저 인정하고 사과한 후보는 상대적으로 험지에 출마하는 김영춘 전 국회 사무총장이 유일하다. 그는 1월12일 부산시장 보궐선거 출마를 선언하며 “이번 보궐선거는 더불어민주당 소속 시장의 잘못 때문에 생겼다. 오거돈 전 시장을 대신해 다시 한번 머리 숙여 사죄의 말씀을 드린다”는 입장을 밝히고, 성평등정책관 제도나 여성의회 신설 공약을 내놨다.국민의힘 등 야권은 “서울시 고위공직자 전담 성범죄 신고센터, 평등고용기회위원회, 성폭력 대책 전담 사무실 설치”(나경원 전 의원)나 “서울시인권센터 설립, 서울시 공무원 성범죄 ‘원스트라이크 아웃’ 제도 도입”(안철수 국민의당 대표) 등 관련 정책을 내놓고 있다. 서울시장 예비후보인 오신환 전 국민의힘 의원은 유일하게 “박 전 시장 사건 피해자의 완전 복직”을 언급하기도 했다. 하지만 야권은 성폭력 근절을 위한 진정성을 내비치기보다 지지율 획득을 위해 상대 진영을 공격하는 데 성범죄 사건을 활용하는 것뿐이라는 시각도 있다. 특히 국민의힘은 대정부질문에서 민주당에 “성폭력 프레임을 씌우라”는 전략을 세워 논란이 일었다. 적극적으로 성폭력·성차별 근절 정책을 전면에 내놓은 이는 신지혜 기본소득당 후보다. 그는 권력형 성폭력 방지 대책뿐 아니라 “디지털성범죄 영상 삭제 지원 조례와 생활동반자조례 제정, 보건소에 사후피임약·미프진 상시 구비 등 재생산 권리 보장” 등 다채로운 성평등 공약을 밝혔다. 신지혜 후보는 “낡은 선거 구도, 해묵은 의제에 균열을 낼 수 있는 목소리가 중요한 시점”이라며 “특히 밀레니얼세대에게 성평등은 내 삶에 당연히 자리잡아야 하는 삶의 새로운 기준이기 때문에 ‘성평등한 서울’을 만들겠다는 공약을 내게 됐다”고 말했다. 출마 의사를 밝혔던 권수정 서울시의원(정의당)도 “공적 돌봄노동 재구성, 젠더정책국 신설, 꾸밈노동 폐지 지원” 등의 공약을 내놨으나 정의당은 ‘김종철 사태’로 2월3일 서울·부산시장 선거에 후보를 공천하지 않기로 최종 결정했다. 젠더 이슈에 높은 관심을 보인 유권자는 거대 양당이 모두 “미덥지 않다”고 말한다. 사건 발생 6개월이 넘어서야 피해자에게 처음 사과한 민주당이나, 관련 이슈를 정쟁 수단으로 이용하는 국민의힘이나 “마음에 안 드는 건 매한가지”란 얘기다. 직장인 신연희(29·가명)씨는 “민주당은 반성하는 차원에서 후보를 안 내는 게 맞지 않나 생각하지만 그렇다고 국민의힘을 뽑을 순 없다”고 말했다. “여성 후보라고 젠더 의식 있는진 의문”이들은 단지 후보가 ‘여성’이란 이유만으로 해당 후보에게 젠더 감수성이 존재할 것이라고 연결 짓는 분위기도 경계했다. 신씨는 “(야권에 마땅한 인물이 없어) 박영선 후보를 뽑는다 해도 솔직히 박 후보가 젠더 의식이 얼마나 있는지 의문”이라고 말했다. 이솔아(32·가명)씨도 “여성 시장이 좋지만 몸만 여성인 사람이 당선된다면 딱히 나을 것도 없어 보인다”며 “김종철 전 대표 사건 때 정의당이 피해자를 존중하는 방식으로 잘 대처했다고 생각한다. (권력형 성범죄 사건에 관해) 그 정도 수준의 성인지 감수성이 체화되지 않은 여성이라면 여성 후보라고 해도 ‘여성’인 점이 의미가 없다”고 말했다. 보궐선거를 치르게 된 원인을 짚고 성찰하는 과정이 삭제된 채 선거운동이 진행되는 점을 비판하는 목소리도 높다. 두 사건 모두에서 권력 오남용을 묵인하고 은폐할 수 있는 시스템이 지방자치단체 내부에 존재했기에, 후속 대책이 필수적이라는 지적이다. 신지예 한국여성정치네트워크 대표는 “서울시장 사건에선 (시청에서) 조직적인 2차 가해가 발생했다. 내부 시스템을 어떻게 정비할지 비전을 먼저 밝혀야 이번 선거에 (서울시장 후보로) 도전할 만한 ‘감’이 되는 사람”이라며 “성폭력·성차별 문제는 2030 여성을 죽음으로 몰아넣는 이슈로까지 발전했는데 그 점에 대한 (서울시장 후보들의) 인지가 없다”고 비판했다. 권수현 젠더정치연구소 여·세·연 대표 역시 “시장이 가진 (절대화된) 권력, 시장이 채용한 별정직 공무원을 통해 남성화된 카르텔이 작동하는 정치 구조, 성인지 감수성을 별것 아닌 거로 보는 정치 문화 등을 어떻게 해결할지 관심을 두는 정치인이 없다”고 꼬집었다.“피해자 중심주의 실현할 기회”박영선, 나경원 등 여성 후보가 앞다퉈 자신이 ‘엄마’라는 사실을 강조하며 ‘따뜻하고 포근한 리더십’을 강조하는 것도 성별 고정관념을 강화한다는 점에서 비판받는 대목이다. 여성의 리더십을 가정 내 ‘엄마’ 역할에 국한하며 여성성에 대한 편견을 강화하고, 여성의 역할을 사적인 영역에 한정 짓는다는 점에서 성차별적이기 때문이다. 이번 선거에서 젠더 이슈는 더 나은 사회를 위한 정치의 역할을 묻는 바로미터로 작용할 것이란 기대감이 있다. 그럼에도 주요 후보자들이 젠더 이슈와 관련해 기대에 못 미치는 의견이나 공약을 내놓고 있다. 이대호(31)씨는 “이번 선거는 우리 사회가 ‘성폭력 피해자에게 일상을 돌려주는 방법’에 대한 모범 사례를 만들 기회임을 많은 후보가 생각해달라고 부탁하고 싶다”고 목소리를 냈다. 서울시청에서 근무한 경험이 있고, 박 전 시장 사건 피해자에 대한 ‘2차 가해 반대’ 서명운동을 벌이기도 한 이씨는 “(성범죄) 피해자가 (서울시에) 복귀하면 불필요한 관심, 편견, 업무 공백으로 인한 적응의 어려움을 극복해야 한다. 성폭력 피해를 입은 직원의 회복을 중요하게 여기는 (서울시장) 후보가 당선되면 이 과정이 더 수월할 것”이라며 “이는 한 개인만의 문제가 아닌 사회가 선거를 통해 피해자 중심주의를 실현할 기회”라고 말했다.박다해 기자"
"더불어민주당 박영선 서울시장 예비후보. 박영선 후보 페이스북 캡처     더불어민주당 서울시장 경선을 준비 중인 박영선 예비후보가 “안전을 책임지는 공공기관부터 주 4.5일제를 도입하겠다”며 주 4.5일제 공약을 다시 한 번 강조했다.   박 후보는 지난 12일 자신의 사회관계망서비스(SNS)에 올린 글을 통해 “서울역을 다녀와서 더 확고해졌다”며 이같이 밝혔다. 그는 “안전을 책임지는 공공기관부터 주4.5일제가 적용되어야 한다는 것이 박영선의 생각”이라며 “그래야 보다 안전한 서울을 만들수 있다”고 강조했다.   이날 박 후보는 서울역을 방문해 철도 근로자들의 의견을 들었다. 박 후보는 “설날에도 쉬지 못하는 철도관련 근로자들을 찾았다”며 “하루 320회 운송, 하루 예상 운송객 약 30만. 그래도 지난 1년간 KTX 에선 철저한 방역으로 확진자가 한명도 없었다는 자부심이 명절 근무의 고단함을 잊게하는듯 했다”고 설명했다.   박 후보가 주 4.5일제를 언급한 것은 이번이 처음은 아니다. 그는 앞서 지난 8일 민주당이 주최한 청년정책간담회에서 “제가 서울시장이 된다면 주 4.5일제를 확립시키고 싶다”며 “우리나라 젊은이들의 워라밸(일과 생활의 균형)과 직결된 문제이자 자신의 삶을 향상하는 데 있어 굉장히 바라고 있고 깊이 생각하고 있다”고 강조한 바 있다.   박 후보는 또 “주 4.5일제는 청년, 일자리, 보육 등 여러 가지 복지 문제와 연결돼 있다”며 “서울시의 대전환, 아날로그에서 디지털로 넘어가는 새 패러다임을 만들고 싶다”고 했다.   한편 박 후보의 주 4.5일제 공약에 대해 국민의힘 서울시장 경선후보인 오세훈 전 시장은 “4.5일은 커녕 아르바이트 자리마저 없어 당장 생계가 걱정인 그들에게 4.5일제 공약이 가당키나 한가”라며 “디테일한 실행계획도 없는 꿈같은 말을 청년들 앞에서 비전이라고 제시한다”고 지적하기도 했다.   박 후보는 서울시장 보궐선거 예비후보 지지율 여론조사에서 범여권 후보 1위를 달리고 있다. 11일 SBS가 여론조사기관 입소스에 의뢰해 지난 6~9일 서울에 거주하는 만 18세 이상 800명을 대상으로 실시한 여론조사 결과에 따르면 단일화를 전제로 양자대결을 벌일 경우 안철수 예비후보가 43.5%, 박영선 예비후보는 40.6%로 나타났다.   국민의힘 후보로 야권이 단일화될 경우를 가정했을 때 박 후보와 오세훈 후보의 가상 대결은 45.1% 대 33.0%로 집계됐다. 여론조사 표본오차는 각각 95% 신뢰수준에 ±3.5%p다. 자세한 내용은 중앙선거여론조사심의위원회 홈페이지를 참조하면 된다.   나진희 기자"
"2016년 '동성애 반대' 한기총 기도회서""차별금지법, 동성애법 반대"" 혐오발언 논란서울시장 출마선언 후 SNS서 시민 질문에""5년간 사회 인식도 제 생각도 많이 바뀌었다""민주당 차별금지법 '종교 예외 조항' 논란에는""종교 간 갈등 피하기 위한 것으로 본다""더불어민주당 서울시장 예비후보인 박영선 전 중소벤처기업부 장관이 지난 2일 서울 신월동 신영시장 상인회에서 소상공인 정책발표를 하고 있다. ⓒ공동취재단서울시장 보궐선거에 출마한 더불어민주당 소속 박영선 전 중소벤처기업부 장관이 12일 ""인간의 기본권에 있어서 차별이 있어서는 안 된다""고 말했다. 5년 전 보수 기독교 행사에서""차별금지법에 반대한다""고 했던 자신의 발언을 뒤집었다. ""사회적으로도 많은 인식 변화가 있었고, 저도 지금은 생각이 많이 바뀌었다""고 했다.민주당 의원들이 준비하는 차별금지법의 '종교 예외 조항' 논란에 대해서는 ""종교적 접근을 하게 되면 종교 간 많은 갈등이 있기 때문이라고 생각한다""고 말했다.박 전 장관은 이날 저녁 10시께부터 음성 기반 SNS '클럽하우스'에서 시민의 질문을 받는 채팅방을 열었는데, '포괄적 차별금지법'에 대한 질문을 여러 번 받고 이처럼 답했다.2016년 '동성애 반대' 한기총 기도회서""차별금지법, 동성애법 반대"" 혐오발언 논란서울시장 출마선언 후 SNS서 시민 질문에""5년간 사회 인식도 제 생각도 많이 바뀌었다""2016년 2월29일, 박영선 전 장관은 김무성 당시 새누리당 대표와 함께 국회 의원회관에서 열린 '나라와 교회를 바로 세우기 위한 3당 대표 초청 국회 기도회'에 참석했다. 이날 그는 ""차별금지법, 동성애법, 인권관련법, 이거 저희 다 반대한다"", ""동성애법 이것은 자연의 섭리와 하나님의 섭리를 어긋나게 하는 법"", ""더불어민주당은 이 자리에 계신 한기총의 모든 목사님과 기독교 성도들과 정말로 뜻을 같이한다""고 말했다. ⓒ경향신문 유튜브 영상 캡처2016년 2월29일, 박 전 장관은 '포괄적 차별금지법'에 반대한다고 밝혔다. 이날 그는 김무성 당시 새누리당 대표와 함께 국회 의원회관에서 열린 '나라와 교회를 바로 세우기 위한 3당 대표 초청 국회 기도회'에 참석했다. 대한민국살리기나라사랑운동본부(대표 이영훈 목사)가 주최하고 대한민국바로세우기국민운동본부(대표 전광훈 목사)가 주관한 자리였다.이날 박 전 장관은 ""차별금지법, 동성애법, 인권관련법, 이거 저희 다 반대한다"", ""동성애법 이것은 자연의 섭리와 하나님의 섭리를 어긋나게 하는 법"", ""민주당은 이 자리에 계신 한기총의 모든 목사님과 기독교 성도들과 정말로 뜻을 같이한다""고 했다. 성소수자 단체들은 '동성애 혐오발언'이라며 비판했다. 성소수자 유권자 운동체 '평등을 위한 한 표, 레인보우 보트'는 박 전 장관을'성소수자 혐오 의원' 1위로 꼽았다.자신을 고등학생이라고 밝힌 한 남성이 12일 클럽하우스 채팅방에서 이를 언급하자, 박 전 장관은 ""그때 제가 최고위원을 맡고 있었다. (기도회는) 국회에서 열린 행사였는데, 어떤 모임인지 잘 모르는 상태에서 갑자기 가게 됐다. 5년이 지났다. 사회적으로도 많은 인식 변화가 있었다고 생각하고, 스스로도 그 사건을 계기로 '아, 내가 그 당시에 파악을 잘못했구나' 생각했다. 저도 지금은 생각이 많이 바뀌었다""고 말했다.질문자가 거듭 ""성적지향·성별정체성을 모두 포함해서 차별금지법에 찬성하시는 것인가""라고 묻자, 박 전 장관은 ""어떤 경우에도 인간의 기본권 관련된 부분에 차별이 있어서는 안 된다고 생각한다""고 말했다.박 전 장관은 ""국회에서 차별 관련 법안이 많이 발의·논의되고 있는데, 국회라는 곳이 모든 사람의 의견을 수렴하다 보니까 생각보다 빨리 진행되지 못하고 있다. 한편으로는 성소수자, 약자를 이해하려는 사람들의 숫자가 아직까지는 기대만큼 높지 못하다는 뜻일 수도 있다. 그런 부분 이해해주셨으면 좋겠다. 민주당은 어느 정당보다도 사회적 약자에 관한 이해가 높은 정당이고, 많은 의원들이 끊임없이 노력하고 있다. 속도가 답답하실 수 있지만 저희가 더 최선을 다하겠다""고 말했다.이어 ""제가 17년째 정치를 하면서 배운 것은 정부와 지자체의 장은 사회적 약자를 위해서 더 많은 시간을 내고 더 많은 생각을 해야 한다는 것이다. 약자들에게는 스스로 무언가를 선택하고, 할 기회가 덜 주어지기 때문이다. 이런 것들을 시장이 더 감싸 안아야겠다""고 말했다.박영선 전 장관은 12일 저녁 음성 기반 SNS '클럽하우스'에서 시민의 질문을 받는 채팅방을 열었는데, '포괄적 차별금지법'에 대한 질문을 여러 번 받았다. ⓒ클럽하우스 화면 캡처민주당 차별금지법 '종교 예외 조항' 논란에는""종교 간 갈등 피하기 위한 것으로 본다""한 여성 시민은 ""민주당 의원들이 준비하는 차별금지법안(평등 및 차별금지에 관한 법률안)에 이른바 '종교 예외 조항'을 넣는다는데 어떻게 보나""라고 물었다. 시민·인권단체 등에서는 이 조항이 '종교기관은 차별해도 괜찮다'는 면죄부가 되지 않겠느냐고 우려하고 있다.이에 박 전 장관은 ""저는 현역 의원이 아니기 때문에 법조문을 다 보진 못했다""면서도 ""종교적 접근을 하게 되면 종교 간 많은 갈등이 있기 때문에 당에서는 그런 포지션을 택하지 않았을까""라고 말했다.보궐선거에 당선된다면 임기는 약 1년뿐인데, 공약을 지킬 수 있겠느냐는 질문에는 ""서울시장 5년 해야 한다. 제가 당선되면 1년 이내에 마중물 형태로 모델을 만들어서 서울 시민들께 보여드려서 공감하실 수 있도록 하겠다. 다음 선거에서 이런 공약을 이어갈 것이다""라고 말했다.이세아 기자"
"밋밋한 민주당 서울시장 경쟁 구도 겨냥""우쭈주 받쳐지는 후보 거품 언제 꺼질지 몰라박영선, 혹시 벌써 승리감에 도취되어 있는가""김진애 열린민주당 서울시장 예비후보 (자료사진) ⓒ데일리안 박항구 기자김진애 열린민주당 서울시장 예비후보가 더불어민주당의 서울시장 후보 경쟁 구도를 두고 ""밋밋하다""고 평가했다. 또 우상호 민주당 후보가 박영선 민주당 후보를 '누나'라 호칭한 것을 겨냥해 ""우쭈주 받쳐지는 후보 거품은 언제 푹 꺼질지 모른다""고 비판했다.김 후보는 13일 자신의 페이스북에 ""박영선·우상호의 '훈훈한 대결'에 여당은 비상등이 켜졌다""며 ""박영선과 우상호의 경선이 너무 밋밋한 건 사실이다. 정체성·도덕성·리더십·공약 검증이 전혀 안 되고 있기 때문""이라고 지적했다.이어 ""당 경선이 치열해야 본 선거 경쟁력이 올라가는데 우려된다""며 ""혹시 박영선 후보는 벌써 승리감에 도취되어 있는가, 우상호 후보는 벌써 양보 압박을 받는 것은 아니겠죠""라고 덧붙였다.그는 ""혹시 김진애·박영선 단일화를 흥미진진하게 고대하는가""라며 ""보수언론이나 보수세력도 박영선 후보 검증을 별로 안 하는 이유는 본선에 가면 본격적으로 털 게 많아서인가, 보수언론이 손잡기 좋고 타협하기 쉬운 인물이 박영선 후보라서인가""라고 꼬집었다.김 후보는 ""박영선 누나라니, '박근혜 누나'가 연상된다""며 ""저는 '누나' 호칭을 사절한다. '언니' 호칭은 좋고요""라고 말했다.그러면서 ""여성의 동지의식이 좋고, 남성들도 서로 언니라 부른 전통이 있다""며 ""'진애 언니', '찐언니 김진애 서울시장' 좋지 않는가, 설연휴 입소문과 손소문을 기대한다""고 강조했다.데일리안 최현욱 기자 "
"[머니투데이 유승목 기자] [음성기반 SNS '클럽하우스', 정치권에서도 언택트 소통 창구로 관심…박영선·금태섭 등 일찌감치 활용 시작]박영선 민주당 예비후보가 12일 정청래 의원과 함께 클럽하우스에서 시민들의 질문을 받는 채팅방을 열었다. 사진=뉴스14·7 서울시장 보궐 선거에 출사표를 던진 시장 후보들 사이에서 '클럽하우스'에 대한 관심이 높아지고 있다. 코로나19(COVID-19) 사태로 적극적인 현장 행보가 어려운 상황에서 '언택트(Untact·비대면)' 소통 창구가 될 수 있단 판단에서다.클럽하우스는 미국 스타트업 알파 익스플로레이션이 지난해 출시한 음성 기반 SNS(사회관계망서비스) 앱(어플리케이션)이다. 기존 페이스북·인스타그램처럼 텍스트나 영상 위주가 아닌 원하는 주제로 만들어진 대화방에서 기록이 남지 않는 음성으로 대화하는 방식이다.최근 일론 머스크 테슬라 CEO(최고경영자)가 공매도와 비트코인 등을 주제로 토론하고 국내에서도 김봉진 우아한형제들 의장, 김슬아 마켓컬리 대표 등 셀럽(유명인)들이 이용하면서 주목받았다. 초대를 받아야만 참여할 수 있다는 폐쇄성 때문에 초대권 중고거래가 이어지는 등 관심이 높아지고 있다.더불어민주당 우상호(왼쪽), 박영선 서울시장 예비후보가 지난 8일 서울 마포구 복합문화공간 그늘에서 열린 더불어민주당 서울시장 경선후보, 청년창업 및 일자리 간담회에서 기념촬영을 하고 있다. 사진=뉴시스정치권에서도 각광받는 모양새다. 정치뿐 아니라 라이프스타일·직업 등 관심사에 맞춰 대화할 수 있어 자신의 정책적 역량을 부각할 수 있고 음성으로만 대화해 기록이 남지 않기 때문이다. 무엇보다 각계 유명인사들과 실시간으로 대화할 수 있어 화제성이 높다는 점에서 인기를 끌고 있다.올해 정치권 빅 이벤트인 서울시장 보궐선거를 앞두고 주요 후보들이 이용하고 있다. 더불어민주당 예비후보에 나선 박영선 전 중소기업벤처부 장관이 대표적이다.박 후보는 지난 3일 클럽하우스 내 정치 관련 대화방에 모습을 드러내 인터뷰를 진행했다. 지난 12일에도 정청래 민주당 의원과 클럽하우스 방송을 통해 소통했다. 박 후보는 서울시장 출마 이유를 묻는 질문에 ""세번째 출마하니 서울이 보인다""고 답한 것으로 알려졌다.무소속으로 나선 금태섭 전 의원도 클럽하우스를 활용한다. 금 전 의원은 지난 9일 클럽하우스에 '무엇이든 물어보세요'라는 방을 개설해 시민들과 실시간 소통을 진행했다. 조정훈 시대전환 예비후보도 서로 존대나 격의 없이 대화한다는 콘셉트의 '반말방'을 개설해 500여명의 시민들과 소통하고 있다.오세훈 국민의힘 서울시장 예비후보가 지난 10일 서울 중구 남대문시장을 방문해 상인과 인사하고 있다. 사진=뉴시스다른 주요 후보들도 현재 클럽하우스 소통을 적극 검토 중인 것으로 전해진다. 코로나19 확산방지를 위한 고강도 사회적 거리두기 등으로 시민들과 대면 접촉하는 등 기존 선거운동 방식이 아닌 이색 소통방식이 필요하기 때문이다.나경원 국민의힘 예비후보가 최근 클럽하우스 계정을 개설했고 유튜브·팟캐스트 등으로 비대면 홍보를 해왔던 우상호 더불어민주당 예비후보도 클럽하우스 개설을 검토 중인 것으로 알려졌다. 김진애 열린민주당 후보는 페이스북에 ""클럽하우스는 딱 김진애 스타일""이라며 소통 계획을 밝혔다.반면 오세훈 국민의힘 예비후보와 안철수 국민의당 예비후보는 신중한 입장이다. 폐쇄성, 초대권 중고거래 등 논란의 소지가 있어 독이 될 수 있다는 이유에서다. 오세훈 후보 측은 한 언론과의 통화에서 ""시민 통합, 서울 통합을 얘기하면서 (클럽하우스 이용은) 맞지 않는 것 같다""고 말했다.유승목 기자"
"박영선 후원회장 문희상 “박영선 승리가 당 살리는 일”문희상 전 국회의장과 박영선 서울시장 예비후보 - 박영선 예비후보 측 제공박영선 서울시장 예비후보의 후원회장을 맡고 있는 문희상 전 국회의장이 박 예비후보의 방문에 “반드시 승리하리라 믿는다”며 덕담을 건넸다.문 전 의장은 13일 박 예비후보가 문 전 의장의 의정부 자택을 예방했을 때 이처럼 밝혔다. 문 전 의장은 이날 박 후보와 남편 이원조 변호사를 맞이한 자리에서 “박 후보가 승리하는 것만이 당을 살리고, 정권도 살리고, 나라도 살리는 일”이라고 말했다.이어 “박영선은 그 누구의 리더십과도 다르다”며 “독보적인 추진력으로 서울시장이 되는 순간 서울시를 꽉 잡고 시정을 확실히 챙길 것”이라고 말했다. 이에 박 후보는 “100년 전 마차에서 자동차로의 대전환 시대에는 뉴욕이 세계도시의 표준이었다”면서 “이제 아날로그에서 디지털로의 대전환을 이루는 2021년을 맞아 서울이 미래 100년의 좌표를 찍는 세계도시의 표준으로 도약할 수 있는 계기를 만들겠다”고 말했다. 이어 “의장님이 걸어오신 민주주의의 역사를 가슴에 새기며 이번 선거의 시대정신, 서울시 대전환을 꼭 이루겠다”고 다짐하고, “21분 도시 서울을 G7 글로벌 디지털 경제수도로 자리매김하고 세계도시의 표준으로 도약시키기 위해 온 몸을 바쳐 최선을 다하겠다”고 화답했다.신형철 기자"
[서울=뉴시스]김명원 기자 = 박영선 서울시장 예비후보가 설날 연휴 세째날인 13일 오전 문희상 전 국회의장의 경기도 의정부 자택을 예방했다. 박 후보의 후원회장을 맡은 문 전 의장은 박 후보에게 “반드시 승리하리라 믿는다”며 격려했다. (사진=박영선 예비후보 제공) 2021.02.13.
"13일 박영선 연휴 맞아 ‘후원회장’ 文 전 의장 예방문희상 “박영선 승리만이 당과 정권, 나라를 살리는 일”박영선 “의장 걸어온 민주주의 역사 가슴에 새길 것”[이데일리 이정현 기자] 4·7 서울시장 보궐선거에 출마한 박영선 전 중소벤처기업부 장관이 13일 문희상 전 국회의장을 예방했다. 문 전 의장은 박 전 장관의 후원회장을 맡고 있다.박영선 전 중소벤처기업부 장관이 13일 문희상 전 국회의장의 의정부 자택을 찾아 사진을 찍고 있다.(사진=박영선 예비후보 캠프)박 전 장관은 이날 남편 이원조 변호사와 함께 오전 문 전 의장의 경기도 의정부 자택을 찾았다. 문 전 의장은 박 후보에게 “반드시 승리하리라 믿는다”며 “박 후보가 승리하는 것만이 당을 살리고, 정권도 살리고, 나라도 살리는 일”라고 격려했다. 이어 “박영선은 그 누구의 리더십과도 다르다”며 “독보적인 추진력으로 서울시장이 되는 순간 서울시를 꽉 잡고 시정을 확실히 챙길 것”이라고 말했다. 박 전 장관은 “100년 전 마차에서 자동차로의 대전환 시대에는 뉴욕이 세계도시의 표준이었다”면서 “이제 아날로그에서 디지털로의 대전환을 이루는 2021년을 맞아 서울이 미래 100년의 좌표를 찍는 세계도시의 표준으로 도약할 수 있는 계기를 만들겠다”고 말했다.이어 “의장님이 걸어오신 민주주의의 역사를 가슴에 새기며 이번 선거의 시대정신, 서울시 대전환을 꼭 이루겠다”고 다짐하며 “21분 도시 서울을 G7 글로벌 디지털 경제수도로 자리매김하고 세계도시의 표준으로 도약시키기 위해 온몸을 바쳐 최선을 다하겠다”고 화답했다.이정현 "
(서울=뉴스1) 박지혜 기자 = 박영선 더불어민주당 서울시장 예비후보가 13일 의정부 문희상 전 국회의장의 자택을 예방하고 있다.문 전 의장은 박영선 서울시장 예비후보의 후원회장을 맡고 있다. (박영선 캠프 제공) 2021.2.13뉴스
"(서울=연합뉴스) 서울시장 보궐선거 더불어민주당 박영선 예비후보가 13일 오전 경기도 의정부시에 위치한 문희상 전 국회의장 자택을 방문, 기념촬영을 하고 있다. 문희상 전 국회의장은 박영선 예비후보의 후원회장을 맡고 있다. 2021.2.13    [박영선 예비후보 측 제공. 재판매 및 DB금지]"
"동영상 뉴스[앵커]오는 4월 7일 서울시장 보궐 선거에 나설 예비후보들은 설 연휴에도 쉴 수 없습니다. 더불어민주당 예비후보들은 오늘 당원들의 마음을 잡기 위한 행보를 보였다고 하는데요. 국회 취재기자 연결합니다.백길현 기자.[기자]네 더불어민주당 서울시장 예비 후보들은 최근 부쩍 '당심 잡기'에 여념이 없는 모습입니다. 박영선 예비후보는 오늘 오전 11시 남편 이원조 변호사와 함께 자신의 후원회장을 맡은 문희상 전 국회의장의 자택을 예방했습니다.이 자리에서 문 전 의장은 박 후보에게 ""반드시 승리하리라 믿는다""며 ""박 후보가 승리하는 것만이 당을 살리고 정권도 살리고, 나라도 살리는 일""이라고 격려했습니다. 박 후보와 문 전 의장은 인연이 깊은데요. 박 후보는 문 전 의장이 고교 단짝 친구의 오빠라며 개인적인 친분을 밝히기도 했습니다. 우상호 후보는 오늘 오후 봉하마을에 내려가 노무현 전 대통령 묘역을 참배하고 방명록에 ""늘 곁에 있겠습니다. 꿈을 이루겠습니다""라고 적었습니다. 우 후보는 페이스북에 ""사회적 거리두기를 지키기 위해 권양숙 여사님과 전화로 이야기를 나누었다""며 고 노무현 대통령을 향해 ""서울시장이 되어 당신의 정신을 계승하겠다""고 소회를 알렸습니다. 우 후보는 지난 9일 김대중 전 대통령의 묘역을 방문하는 등 민주당의 '적자' 이미지를 앞세우고 있습니다. 다음달 1일 민주당 서울시장 후보가 확정되는데요.권리당원투표 50%, 여론조사 50%로 경선이 진행되는 만큼 당심을 공략하는 것이 중요한데, 이를 염두에 둔 설 행보로 읽힙니다. [앵커]국민의힘을 비롯한 야권 후보들은 토론회 준비에 한창이라고요.[기자]오늘 국민의힘 예비후보들은 현장 행보보다는 페이스북 등을 통한 정책 구상 발표와 함께 다음주부터 시작되는 토론회 준비에 몰두하고 있습니다. 나경원 예비후보는 최근 서울시 7급 공무원이 극단적인 선택을 했다는 비보에 애도를 표하며 시민단체 등 외부인사가 부당 채용되는 일을 막겠다고 말했습니다. 오세훈 예비후보는 관악 난곡로의 한 교회가 운영하는 베이비박스를 방문해 시설을 점검했습니다. 이에 앞서 한 종편에 출연한 오 후보는 ""안철수 후보와의 노선이 다르지 않다""며 안 후보와 최종단일화가 될 경우 서울시를 공동운영할 수도 있다는 입장도 밝혔습니다.야권은 설 연휴가 지나면 토론회로 이슈몰이를 한 뒤 단계식 단일화 작업으로 바람을 일으키겠다는 계획입니다. 최근 서울시장 선호도 여론 조사에서 민주당 박영선 후보에게 야권 후보가 뒤지는 결과가 여럿 나오면서 빨간불이 켜진건데요.국민의힘 김종인 비상대책위원장이 어제 한 방송사와의 인터뷰에서 ""국민의힘 후보 선출을 이달 말로 앞당길 수 있다""고 밝히기도 했는데요. 조기에 국민의힘 후보가 결정되면, 안철수-금태섭 제3지대 후보 1인과 단일화 작업을 벌이면서 분위기를 다시 가져오겠다는 계산이 엿보입니다. 지금까지 국회에서 전해드렸습니다. 연합뉴스TV 기사문의 및 제보 : 카톡라인 jebo23 ▶ 네이버에서 연합뉴스TV를 구독하세요 ▶ 연합뉴스TV 생방송 만나보기  ▶ 균형있는 뉴스, 연합뉴스TV 앱 다운받기"
"문희상 ""박영선, 서울시 꽉 잡고 시정 확실히 챙길 것""우상호, 돌아오는 길엔 김경수 지사 만나기도더불어민주당 서울시장 후보에 출마한 박영선 전 중소벤처기업부 장관(왼쪽)과 우상호 의원© 뉴스1(서울=뉴스1) 서혜림 기자,이준성 기자 = 서울시장 재보궐선거에 출마한 더불어민주당의 박영선·우상호 예비후보가 설 연휴이자 주말인 13일 각각 문희상 전 국회의장과 봉하마을을 찾았다. 친문 경쟁을 벌였던 두 후보 간 치열한 세 싸움이 주말에도 이어진 것이다.박 예비후보는 이날 오전 남편 이원조 변호사와 경기도 의정부 문 전 의장의 자택을 예방해 문 전 의장의 격려를 받았다. 문 전 의장은 노무현 정부 초대 비서실장을 지낸 대표적인 친노 원로 정치인으로 이번 선거에서 박 후보의 후원회장을 맡았다.문 전 의장은 ""박 후보가 승리하는 것만이 당을 살리고, 정권도 살리고, 나라도 살리는 일""이라며 ""박영선은 그 누구의 리더십과도 다르며, 독보적인 추진력으로 서울시장이 되는 순간 서울시를 꽉 잡고 시정을 확실히 챙길 것""이라고 덕담을 건넸다.이에 박 후보는 ""의장님이 걸어오신 민주주의의 역사를 가슴에 새기며 이번 선거의 시대정신, 서울시 대전환을 꼭 이루겠다""면서 ""21분 도시 서울을 G7 글로벌 디지털 경제수도로 자리매김하고 세계도시의 표준으로 도약시키기 위해 온 몸을 바쳐 최선을 다하겠다""고 화답했다. 문 전 의장은 박 후보가 수도여고 1학년 시절 만난 단짝 문희숙의 친 오빠이며, 박 후보의 후원회장을 맡고 있기도 하다. 문 전 의장은 박 후보에게 지난해 국회도서관에서 출간한 '대한민국 국회를 말하다 문희상'이라는 책을 선물하기도 했다.박 후보는 전날 음성 기반 채팅 앱인 '클럽하우스'에서 정청래 민주당 의원과 함께 등장해 300여명의 시민들과 소통에 나서기도 했다.박 후보는 '서울시장 선거에 왜 또 나오냐'는 질문에 ""세 번째 출마하니 서울이 보인다. 축적된 시간이 서울을 보여준다""고 답한 것으로 전해졌다.우 예비후보는 이날 경남 김해 봉하마을에 있는 고(故) 노무현 전 대통령 묘역을 참배했다. 참배를 마친 후에는 김경수 경남도지사를 만났다.우 후보는 노 전 대통령 묘역 참배에 앞서 방명록에 ""늘 곁에 있겠습니다. 꿈을 이루겠습니다""라는 글을 적었다.우 후보는 이날 참배를 마친 후 자신의 페이스북에 ""6월 항쟁의 동지이자 그리운 대통령님. 저는 이번 선거에 출마하며 '내일도 꿈꾸는 서울'을 만들겠다고 약속드렸다""며 ""저 또한 '저의 '내일을 꿈꾸는 서울'이 있다. 불평등하지 않고, 가진 이든 못 가진 이든 누구나 자신만의 꿈을 꿀 수 있었으면 한다""고 했다.이어 ""상식이 통하는 사회, 사람 사는 세상, 서울 시장이 되어 당신의 정신을 계승하겠다""고 강조했다.우 후보는 묘역 참배를 마친 후 경남도청을 들려 당내 대표적인 친노(친노무현)·친문(친문재인) 정치인인 김 경남지사를 만나 협력을 다짐했다.아울러 우 후보는 이날 자신의 페이스북에 지난 7일 발표했던 노동정책 공약을 적으며, Δ택배노동자 등 미조직 노동자 보호 Δ청년을 위한 맞춤형 공공 일자리 2000개로 확대 등을 재차 약속했다"
"朴 ""文이 걸은 민주주의 역사 가슴에 새기며 서울시 대전환 꼭 이룰 것""박영선 더불어민주당 서울시장 예비후보가 13일 문희상 전 국회의장의 경기도 의정부 자택을 찾았다. © 뉴스1(서울=뉴스1) 이준성 기자 = 오는 4월 서울시장 재보궐선거에 출마한 박영선 더불어민주당 예비후보가 13일 자신의 후원회장이자 '친구 오빠'이기도 한 문희상 전 국회의장을 예방했다. 문 전 의장은 이날 오전 경기도 의정부 자택에서 박 예비후보와 그의 배우자인 이원조 변호사의 예방을 받고 ""박 후보가 승리하는 것만이 당을 살리고, 정권도 살리고, 나라도 살리는 일""이라고 말했다.문 전 의장은 ""박영선은 그 누구의 리더십과도 다르다""며 ""독보적인 추진력으로 서울시장이 되는 순간 서울시를 꽉 잡고 시정을 확실히 챙길 것""이라고 했다.이에 박 예비후보는 ""100년 전 마차에서 자동차로의 대전환 시대에는 뉴욕이 세계도시의 표준이었다""면서 ""이제 아날로그에서 디지털로의 대전환을 이루는 2021년을 맞아 서울이 미래 100년의 좌표를 찍는 세계도시의 표준으로 도약할 수 있는 계기를 만들겠다""고 했다.이어 ""의장님이 걸어오신 민주주의의 역사를 가슴에 새기며 이번 선거의 시대정신, 서울시 대전환을 꼭 이루겠다""면서 ""21분 도시 서울을 G7 글로벌 디지털 경제수도로 자리매김하고 세계도시의 표준으로 도약시키기 위해 온 몸을 바쳐 최선을 다하겠다""고 화답했다.문 전 의장은 박 예비후보가 수도여고 1학년 시절 만난 단짝 문희숙의 친오빠로, 박 예비후보의 후원회장을 맡았다"
"(서울=연합뉴스) 서울시장 보궐선거 더불어민주당 박영선 예비후보가 13일 오전 경기도 의정부시에 위치한 문희상 전 국회의장 자택을 방문, 저서를 선물받고 있다. 2021.2.13    [박영선 예비후보 측 제공. 재판매 및 DB금지]"
"""보수언론이 타협하기 쉬워 검증 안하는 것 아닌가""지난 10일 경남 김해 봉하마을 노무현 전 대통령 묘역을 참배하는 열린민주당 김진애 서울시장 후보. 연합뉴스[서울경제] 김진애 열린민주당 서울시장 후보가 박영선 더불어민주당 서울시장 예비 후보를 겨냥해 맹공을 퍼부었다. ‘박근혜’ ‘거품’ ‘보수세력과 타협’ 등 강도 높은 언어 사용을 마다하지 않았다.김 후보는 13일 자신의 페이스북에서 “박영선-우상호 경선이 너무 밋밋한 건 사실”이라며 “정체성-도덕성-리더십-공약 검증이 전혀 안되고 있다”고 지적했다. 이어 “당 경선이 치열해야 본 선거 경쟁력이 올라가는데 우려된다”며 “‘우쭈주 받쳐지는 후보 거품’은 언제 푹 꺼질지 모른다”고 비판했다.그러면서 “혹시 박영선 후보는 벌써 승리감에 도취돼 있는 것 아니냐, 혹시 우상호 후보는 벌써 양보 압박을 받는 것은 아니냐, 혹시 김진애-박영선 단일화를 흥미진진하게 고대하시느냐”고 물은 뒤 “보수언론-보수세력도 박영선 후보 검증을 별로 안하는 이유는 본선에 가면 본격적으로 털 게 많아서인가, 보수언론이 손잡기 좋고 타협하기 쉬운 인물이 박영선 후보라서 (아니냐)”고 꼬집었다.김 후보는 또 “‘박영선 누나’라니 ‘박근혜 누나’가 연상된다”며 “나는 ‘누나’ 호칭 사절한다. ‘언니’ 호칭은 좋다”고 말했다. 그 이유로 “여성의 동지의식이 좋고, 남성들도 서로 언니라 부른 전통이 있다”고 주장했다. 그는 “‘진애 언니’ 좋지 않느냐, '찐언니 김진애 서울시장' 좋지 않느냐”며 “설연휴 입소문-손소문 기대한다”고 호소했다.윤경환 기자"
[서울=뉴시스]김명원 기자 = 박영선 서울시장 예비후보가 설날 연휴 세째날인 13일 오전 문희상 전 국회의장의 경기도 의정부 자택을 예방했다. 박 후보의 후원회장을 맡은 문 전 의장은 박 후보에게 “반드시 승리하리라 믿는다”며 격려했다. (사진=박영선 예비후보 제공) 2021.02.13.
"동영상 뉴스[앵커]오는 4월 보궐 선거를 앞두고 최종 후보를 선택하기 위한 여야의 경선도 점점 치열해지고 있습니다.민주당 예비후보들은 민심에 이어 '문심' 공략에 나섰고, 국민의힘은 야권 단일화에 속도를 내기로 했습니다.최아영 기자가 보도합니다.[기자]재보궐 선거 후보 등록은 다음 달 19일까지입니다.본선에 이름을 올리기 위한 여야의 내부 경선도 달아오르고 있습니다.먼저, 민주당 박영선, 우상호 예비후보는 당심 공략에 나섰습니다.박 후보는 친구 오빠이자, 대표적인 '친문' 인사인 문희상 전 국회의장을 찾아갔습니다.[박영선  더불어민주당 서울시장 예비후보 (지난해 5월) : 문희상 국회의장과 저는 사실은 특수관계에 있습니다. 고등학교 1학년 때 제 짝꿍의 큰 오빠입니다.]문 전 의장은 박영선 리더십은 다르고, 서울시정을 확실히 챙길 것이라며 지원사격을 아끼지 않았습니다.이에 질세라 우 후보는 민주당 적통임을 연일 강조하고 있습니다.[우상호  더불어민주당 서울시장 예비후보 (지난달 27일) : 저 우상호는 김대중 대통령이 영입한 민주당의 뿌리이자 적자입니다.]앞서 고 김대중 전 대통령 묘역을 찾은 데 이어 이번엔 고 노무현 전 대통령 묘소에 참배했습니다.이에 맞서는 국민의힘은 토너먼트 방식의 야권 단일화 경선을 서두르고 있습니다.그동안 단일화를 애써 무시해왔던 김종인 비대위원장은[김종인  국민의힘 비상대책위원장 (지난달 26일) : 우리가 후보 만들고 있는 상황인데 후보가 만들어져야 단일화하는 거지.]태도를 바꿔 단일화는 숙명이라며, 최근 상황은 단일화를 안 할 수 없는 상황이라고 밝혔습니다.예정보다 빨리 국민의힘 후보 확정 시기를 앞당길 수 있고, 이에 맞춰 야권 단일화를 이루면 된다는 계획도 깔려 있습니다.최근 여론조사에서 민주당 후보가 상승세를 보이자, 이를 견제하기 위한 의도로 보입니다.아직은 당내 경쟁자들끼리의 정책 차별성이 크게 부각되지 않은 가운데 다음 주에 있을 TV 토론을 통해 차이점이 서서히 드러날 것으로 보입니다.YTN 최아영"
"동영상 뉴스당심 끌어안기 나선 민주당 박영선·우상호 후보박영선, 잠시 뒤 문희상 전 국회의장 자택 방문박영선 ""김대중·노무현 모신 민주당의 역사""[앵커]서울시장 재보궐 선거를 50여 일 앞두고, 민주당 예비후보들은 이른바 '친노'·'친문'을 내세우며 당심 끌어안기에 나섰습니다.이에 맞서는 국민의힘은 단일화에 유보적이던 태도를 벌이고 숙명으로 받아들이기로 했습니다.국회 취재기자 연결합니다. 최아영 기자!설 명절을 보낸 민주당 예비후보들, 오늘은 어디서 지지를 호소합니까?[기자]박영선, 우상호 두 예비후보, 오늘은 당심 끌어안기에 나섭니다.이른바 '친노', '친문' 당원들의 표심 공략에 나선 건데요.먼저 박 후보는 문희상 전 국회의장의 자택을 예방할 예정입니다.문 전 의장은 이달 초 박 후보의 후원회장을 맡았습니다.앞서 박 후보는 문 전 의장을 김대중, 노무현 전 대통령을 모신 민주당의 역사라고 평가했는데요.또 고교 단짝 친구의 오빠라며 개인적인 인연을 강조하기도 했습니다.당내 경선 라이벌인 우상호 후보는 오늘 오후 봉하마을을 방문합니다.고 노무현 전 대통령 묘역에 참배할 예정으로 앞서 지난 9일에는 김대중 전 대통령의 묘역을 방문하기도 했습니다.우 후보는 그동안 민주당의 '적자' 임을 강조하면서 당심을 공략해 왔습니다.민주당은 오는 25일까지 경선 선거 운동을 거쳐 다음 달 1일 서울시장 후보를 확정할 예정입니다.[앵커]이번엔 국민의힘 상황 살펴보죠.어제 김종인 비대위원장이 단일화는 숙명이라고 밝혔죠?[기자]김 위원장은 어제 한 방송사와의 인터뷰에서 야권 단일화 가능성에 대해 ""숙명적으로 될 수밖에 없다""고 밝혔습니다.그동안 야권 단일화에 유보적이었던 김 위원장의 태도가 사뭇 달라진 건데요.그러면서 최근엔 단일화를 안 할 수 없는 상황이 됐다고도 직접 말했습니다.이 같은 입장 변화는 최근 각종 여론조사에서 여당 후보가 상승세를 보이면서 야당에 유리하지 않은 상황임을 감지한 것으로 보입니다.또 김 위원장은 금태섭 전 의원과 안철수 대표의 단일화가 이달 안에 진행될 거고, 이후 국민의힘 후보와 단일화를 하면 된다며 구체적인 계획도 제시했습니다.나아가 3월 4일로 예정된 국민의힘 후보 선출 계획을 이달 말에 끝낼 수도 있다며 적극적 태도를 보이기도 했는데요.다만 국민의힘 후보가 단일 후보가 될 거라고 확신한다며, 안 대표에 대한 견제를 놓지 않은 가운데그동안 성패의 열쇠로 꼽혔던 야권 단일화는 앞으로 더욱 속도를 낼 전망입니다.지금까지 국회에서 전해드렸습니다.최아영 "
"문희상 ""박영선, 반드시 승리하리라 믿어""우상호 ""권양숙 여사, '열심히 하라' 격려""[서울=뉴시스] 문희상 전 국회의장과 박영선 더불어민주당 서울시장 예비후보 (제공=박영선 캠프)[서울=뉴시스] 김남희 기자 = 서울시장 출마를 선언한 박영선, 우상호 더불어민주당 예비후보는 13일 각각 문희상 전 국회의장과 봉하마을을 찾아 선거 행보를 이어갔다.문 전 의장은 이날 경기도 의정부 자택에서 박 후보를 만나 ""박영선은 그 누구의 리더십과도 다르다. 독보적인 추진력으로 서울시장이 되는 순간 서울시를 꽉 잡고 시정을 확실히 챙길 것""이라며 ""반드시 승리하리라 믿는다""고 격려했다.이에 박 후보는 ""100년 전 마차에서 자동차로의 대전환 시대에는 뉴욕이 세계도시의 표준이었다""며 ""이제 아날로그에서 디지털로의 대전환을 이루는 2021년을 맞아 서울이 미래 100년의 좌표를 찍는 세계도시의 표준으로 도약할 수 있는 계기를 만들겠다""고 화답했다.이어 ""의장님이 걸어오신 민주주의의 역사를 가슴에 새기며 이번 선거의 시대정신, 서울시 대전환을 꼭 이루겠다""며 ""21분 도시 서울을 G7 글로벌 디지털 경제수도로 자리매김하고 세계도시의 표준으로 도약시키기 위해 온 몸을 바쳐 최선을 다하겠다""고 다짐했다.문 전 의장은 이 자리에서 박 후보에게 본인의 구술집인 '대한민국 국회를 말하다 문희상'을 선물했다.박 후보는 지난 12일 오후 유권자 330여명과 클럽하우스를 통해 소통하기도 했다. 한 참석자가 '서울시장 선거에 나왔던 사람이 왜 또 나오냐'고 묻자, 박 후보는 ""세 번째 출마하니 서울이 보인다. 축적된 시간이 서울을 보여준다""고 답한 것으로 알려졌다.[서울=뉴시스]노무현 대통령 묘역 참배하는 우상호 더불어민주당 의원 (제공=우상호 캠프)우 후보는 김해 봉하마을을 찾아 고(故) 노무현 전 대통령 묘역을 참배했다. 친문 표심을 겨냥한 행보로 풀이된다.그는 방명록에 ""늘 곁에 있겠습니다. 꿈을 이루겠습니다""라고 적었으며 권양숙 여사와는 전화로 안부를 나눴다.우 후보는 페이스북에서 ""사회적 거리두기를 지키기 위해 여사님과는 전화로 이야기를 나눴다. '열심히 하라'는 격려가 어느 때보다 힘이 난다""고 밝혔다.이어 노 전 대통령을 향해 ""상식이 통하는 사회, 사람 사는 세상. 서울시장이 되어 당신의 정신을 계승하겠다""며 ""다녀갈수록 더 보고싶다""고 했다.우 후보는 이후 경남도청으로 이동해 김경수 경남도지사와 면담했다. 우 후보는 이동노동자, 플랫폼 노동자 보호 방안도 내놨다.그는 페이스북에서 ""현대사회에서 늘고 있는 택배, 대리운전, 간병인 등 직장이 고정되지 않은 이동노동자, 플랫폼 노동자를 어떻게 보호할지 고민해야 한다""며 ▲이동노동자에 대한 휴식처 제공 ▲미조직된 노동자들도 공평한 발언권을 행사하는 시민노동의회 ▲코로나19로 위축된 신규 채용을 대체하는 공공일자리 2000개 등을 약속했다.☞공감언론 뉴시스"
[서울=뉴시스]김명원 기자 = 박영선 서울시장 예비후보가 설날 연휴 세째날인 13일 오전 문희상 전 국회의장의 경기도 의정부 자택을 예방했다. 박 후보의 후원회장을 맡은 문 전 의장은 박 후보에게 “반드시 승리하리라 믿는다”며 격려했다. (사진=박영선 예비후보 제공) 2021.02.13.
"제3지대 돌풍·야권 단일화·일대일 구도 추진4·7보선,10·26보선 데자뷔? 주연·각본 판박이주택 공급 및 재개발, 10년 전에도 주요 공약더불어민주당 서울시장 예비후보인 우상호(왼쪽) 의원과 박영선 전 중소벤처기업부 장관이 8일 서울 마포구 복합문화공간 그늘에서 열린 더불어민주당 서울시장 경선후보, 청년창업 및 일자리 간담회에서 기념촬영을 하고 있다. 뉴시스제3후보의 돌풍, 제1야당의 위기감, 여야를 가리지 않는 진영 단일후보 논의까지…   지금까지 나타난 4·7 서울시장 보궐선거의 양상입니다. 그런데 무언가 기시감이 듭니다. 10년 전 2011년 10·26 서울시장 보궐선거 흐름과 비슷한 모습인데요.   고(故) 박원순 전 서울시장이란 제3후보의 돌풍, 박 전 시장에게 야권 단일후보 자리를 내주며 위기감이 불거졌던 민주당(당시 야당), 야권 단일후보에 맞서 보수진영에서도 나온 여권 후보 단일화 논의까지 말이죠.    여기에 박영선 전 중소벤처기업부 장관, 나경원 전 국민의힘 의원, 안철수 국민의당 대표 등 10년 전 등장했던 인물들이 이번 선거판을 주도하고 있는 점도 비슷합니다.2011 오세훈의 사퇴, 2021 박원순의 사망 국민의힘 서울시장 예비후보인 오신환(왼쪽부터) 전 의원, 오세훈 전 서울시장, 나경원 전 의원, 조은희 서초구청장이 8일 서울 여의도 국민의힘 중앙당사에서 서울시장 선거 본경선 미디어데이에서 경선 후보자 기호 추첨을 하고 있다. 뉴스110년 전과 판박이 같은 선거 흐름을 보이는 건 보궐선거가 치러지게 된 과정이 비슷하기 때문인데요. 여당 소속 서울시장의 중도 낙마로 보궐선거가 치러지면서 '여권 책임론'이 떠올랐죠.   2011년에는 무상급식 주민투표를 두고 시장직을 걸었던 당시 오세훈 서울시장이 물러나면서 치러졌고, 2021년에는 박 전 시장의 성추행 파문과 사망으로 치르는 선거입니다.    보궐선거를 치르게 된 원인이 여당에 있으니 여권 심판론이 제기됐죠. 야권은 선거 바람을 일으키고 여권 심판론이란 명분을 지키기 위해 뭉칩니다. 이런 바람은 후보 단일화 현상으로 나타났죠.   여권 역시 야권 공세에 대한 맞불 작전으로 단일화 움직임을 보였고요. 2011년에는 결국 일대일 구도가 만들어지면서 대선 못지않은 뜨거운 열기 속에 치러집니다. 2011년 안철수·박원순, 2021년 안철수·금태섭의 야권 단일화 서울시장 보궐선거에 출마한 안철수 국민의당 대표가 10일 서울 마포구의 한 키즈카페에서 신종 코로나바이러스 감염증(코로나19)으로 어려움을 겪는 직장맘들과 만나 의견을 나누고 있다. 뉴스1이번 보궐선거 역시 10년 전처럼 단일화가 가장 중요한 변수가 됐습니다. 제3지대 단일화 이후 제1야당과 후보 단일화로 대결을 벌이는 양상은 2011년과 똑같습니다. 지금은 안철수 국민의당 대표와 금태섭 전 더불어민주당 의원이 먼저 제3지대 단일화를 하기로 했죠.   2011년 당시 유력한 서울시장 후보로 거론된 당시 안철수 서울대 융합과학기술대학원장은 출마 여부에 확답하지 않았죠. 출마 가능성만 내비쳤지만 여론의 스포트라이트는 안 원장에게 쏠렸습니다. 출마 확답도 하지 않았는데 서울시장 후보 선호도 여론조사를 하면 50%를 넘나들었죠.   반면 당시 시민단체의 대표로 나선 당시 박원순 희망제작소 상임이사는 5%의 지지율을 보였습니다. 제3지대 바람을 일으키기 위해 안 원장과 박 상임이사는 단일화란 카드를 꺼내듭니다. 물론 대중은 50%의 지지율을 보인 안 원장이 단일후보로 나설 것으로 내다봤죠.   한국일보 2011년 9월 7일자. 한국일보 자료사진그러나 안 원장이 박 상임이사에게 후보 자리를 내주며 모두를 깜짝 놀라게 했습니다. 이때 나온 말이 안 원장의 '아름다운 양보'입니다. 당시 언론은 안 원장과 박 상임이사의 일거수일투족을 보도하며 단일화에 큰 관심을 드러냈습니다.   두 사람의 단일화는 2011년 9월 6일에 전격 발표됩니다. 당시 두 사람은 아무도 모르게 조용히 단일화를 추진합니다. 단일화 논의가 새 나갈까 봐 두 사람이 직접 연락을 주고받은 것으로 알려졌죠.   당시 박 상임이사는 백두대간 종주 중이었는데 일정을 닷새나 앞당겨 하산합니다. 안 원장과 단일화 논의를 위한 것인데요. 두 사람은 이날 오후 서울의 한 오피스텔에서 비밀 회동을 했는데 자신의 최측근 한 명씩만 현장에  있도록 했다고 합니다. 정작 회동은 20분 만에 끝났는데요. 안 원장이 박 상임이사의 포부를 들은 뒤 출마하지 않겠다고 답을 하게 됩니다. 2011년 문재인, 박원순에 화답… 2021년 김종인, 안철수와 대립  박원순(가운데) 전 서울시장이 2011년 야권 대통합 추진기구인 '혁신과통합' 상임대표단인 문재인 대통령(당시 노무현재단 이사장), 이해찬 민주당 대표와 함께한 모습. 연합뉴스박 상임이사는 제3지대 단일후보 합의를 마친 뒤 곧바로 친노무현계의 좌장인 한명숙 전 국무총리와 당시 문재인 노무현재단 이사장을 만납니다. 박 상임이사의 요청에 문 이사장이 주선하면서 만들어진 자린데, 세 사람은 이 자리에서 ""범시민 야권 단일후보 선출을 위해 상호 협력하고 이후 선거 승리를 위해 모든 힘을 기울인다""고 합의합니다.   이때까지만 해도 한 전 총리는 민주당 내 서울시장 후보로 거론되던 때라 이날 합의는 자연스럽게 박 상임이사와 민주당의 후보 단일화 논의로 흘러가게 됩니다. 세 사람이 합의 과정에서 '한나라당(현 국민의힘)과 일대일 구도를 만들어야만 승리할 수 있다'고 약속했기 때문이죠.  이는 야권 인사들이 이구동성으로 했던 말입니다. 안 원장 역시 박 상임이사에게 양보하기 전까지 강조했던 게 야권 단일화입니다.   제20대 국회의원 선거일인 2016년 4월 13일 오전 서울 용산 백범기념관에서 열린 제97주년 대한민국 임시정부 수립 기념식에 참석한 김종인(왼쪽) 더불어민주당 대표와 안철수(오른쪽) 국민의당 대표가 서로 다른 곳을 쳐다보고 있다. 신상순 선임기자10년 뒤인 2021년 선거는 비슷하면서도 다른 점이 있는데요. 단일화가 필승 전략이라는 데 야권 모두 동의한다는 점은 비슷하죠. 그러나 지금의 국민의힘은 단일화에 대해 일단 물음표를 붙였죠. 야권 수장인 김종인 국민의힘 비상대책위원장이 안철수 대표를 비판하며 주도권 쟁탈전을 하고 있는데, 이는 10년 전과 다른 모습이라고 할 수 있죠. 2011년 기호 10번 단 野, 2021년 기호 2번? 4번? 한국일보 2011년 9월 26일자. 한국일보 자료사진약 20일 뒤인 2011년 9월 25일 민주당은 당내 경선을 통해 민주당 서울시장 후보를 선출하는데요. 민주당 대표선수로는 박영선 의원이 나서게 됩니다.   민주당은 이날 서울시당대회를 열고 박영선·천정배·추미애·신계륜 후보 중 박 후보를 최종 후보로 확정합니다. 박 후보는 국민여론조사와 현장 당원투표 모두 1위를 차지했는데요. 친노와 486(현 586), 손학규 당시 민주당 대표 등 당내 주류의 지지를 한몸에 받았던 만큼 어느 정도 예상된 결과였습니다.   박 의원은 후보 수락 연설에서 ""무상급식과 무상교육, 무상의료, 반값 등록금으로 대변되는 민주당의 보편적 가치를 위해 반드시 민주당의 이름으로 서울시장을 만들어내겠다""고 다짐했습니다.  한국일보 2011년 10월 4일자. 한국일보 자료사진그러나 일주일 뒤 열린 야권통합후보 경선에서 박 의원의 다짐은 실현되지 못했습니다. 박 의원과 박 상임이사, 최규엽 민주노동당 후보는 같은 해 10월 3일 장충체육관에서 야권통합후보 경선을 치릅니다. 결과는 박 상임이사가 과반의 득표율을 획득하며 야권 단일후보로 뽑히게 되는데요. 한국 정치 역사상 여당 대 무소속 후보가 양자 대결을 벌이는 현상이 벌어지게 됐죠.  그러나 박 상임이사의 승리로 민주당은 체면을 구겨야 했습니다. 명색이 제1야당인데 서울시장 선거에 후보를 내지 못하게 됐으니 말이죠. 당시 야권 권력 지형의 변화는 불가피하며 시민 사회의 목소리가 커지고 민주당의 영향력은 줄어들 것이란 관측이 있었습니다. '민주당의 위기'란 표현도 나왔죠.2011년 10월 20일 서울시장 보궐선거에 야권 단일후보로 출마한 박원순(가운데) 무소속 후보가 안국동 선거캠프에서 '서울시민복지기준(Seoul Standard)'을 발표하고 있다. 신상순 선임기자범야권 단일후보가 된 박 상임이사가 민주당에 입당해 기호 2번을 달고 나올지도 관심사였는데요. 그는 시민후보란 점을 내세우기 위해 민주당에 입당하지 않고 기호 10번을 달고 선거에서 뛰게 됩니다.   이번 선거에서 야권은 기호 몇 번을 달게 될까요. 국민의힘 후보가 야권 단일후보가 되면 국회의원 의석수에 따라 기호 2번을 달게 됩니다. 만약 안철수 대표가 된다면 기호 4번을 달게 되겠죠. 단일화가 불발될 경우 기호 2번과 4번이 모두 뛰게 될 수도 있고요.2011년 나경원과 이석연, 2021년 민주당과 김진애 한국일보 2011년 9월 24일자. 한국일보 자료사진지금이나 10년 전이나 범여권에서도 단일화 여론이 뜨거웠죠. 더불어민주당 서울시장 예비후보인 박영선 전 장관과 우상호 의원 모두 김진애 열린민주당 후보와 단일화를 해야 한다고 주장하고 있죠.    이번 선거에서 야권에서 출마를 선언한 사람 수가 여권보다 상당히 많았죠. 이 장면 역시 10년 전과 비슷합니다. 보궐선거의 책임이 컸던 당시 여당인 한나라당에선 선뜻 나서겠다는 후보가 없었습니다. 당내 스타 정치인인 나경원 한나라당 최고위원이 침묵을 깨게 됩니다. 그는 선거 한 달 전인 2011년 9월 23일에 공식 출마 선언을 하는데요.   당내 비주류였던 그는 박근혜 전 대표에게 손을 내밉니다. 친박근혜계의 지원을 받아 여당 대표 선수로 발돋움하겠다는 계산이었습니다. 제3지대 돌풍으로 여당이 궁지에 몰렸던 시기였기에 이때만큼은 친이명박계와 친박계가 자존심 싸움을 할 여유가 없었죠. 박 전 대표 역시 나 최고위원의 요청에 화답합니다. 박 전 대표가 나 최고위원과 함께 현장 유세를 돌던 모습은 당시에도 화제였습니다.  야권이 제3지대 단일후보에서 범야권 후보로 속속 결집하자 여당도 단일화론으로 맞섰습니다. 2011년 10월 13일 나경원(오른쪽) 한나라당 서울시장 후보와 박근혜(왼쪽) 한나라당 전 대표가 10·26 재보궐선거 공식선거운동이 시작된 이날 오전 서울 구로구 관악고용센터를 방문한 뒤 시민들에게 지지를 호소하며 손을 흔들어 보이고 있다. 한국일보 자료사진보수 진영에선 나 최고위원 외에도 이석연 변호사가 도전장을 내밀었는데요. 이 변호사는 보수 성향 시민사회단체 후보로 추대됐습니다. 두 사람 모두 단일화 필요성에는 공감하고 있었지만 구체적인 방법을 두고 신경전을 벌였습니다.   그러나 이 변호사는 닷새 뒤인 9월 28일 돌연 불출마를 선언합니다. 낮은 지지율, 무상급식을 둘러싼 지지세력 간 가치 충돌로 출마 포기를 결심하게 됩니다.   그런데 7년이 지나 홍준표 자유한국당(현 국민의힘) 대표는 2018년 3월 자신의 페이스북을 통해 ""이 변호사에 대해 잘못된 언론 보도가 있어서 해명한다""며 ""당시 청와대 모 수석이 이 변호사에게 불출마를 종용하면서 당내 경선을 요구하는 바람에 출마를 포기한 것""이라고 폭로했습니다.  제1 이슈는 부동산, 2011년처럼 2021년도 주택 공급 한국일보 2011년 10월 20일자. 한국일보 자료사진이번 선거를 휩쓸고 있는 정책 이슈는 부동산이죠. 전세 대란과 집값 폭등으로 민심이 나빠질 대로 나빠졌죠. 그런데 10년 전 선거에서도 부동산은 주요 정책 이슈이자 돋보이는 공약이었습니다. 물론 당시에는 무상급식 주민투표 여파로 복지에 대한 관심이 컸었는데, 부동산도 만만치 않았습니다.   본선에서 맞붙은 박원순 후보와 나경원 후보 모두 공공 임대주택 확충을 공약했는데요.박 후보는 공공 임대주택 8만호 건설과 전세보증센터 도입을 약속했죠. 나 후보는 2014년까지 공공 임대주택 5만호를 건설하고 저소득층을 위한 주택 바우처 확대를 공약으로 내걸었죠.   하지만 재개발 방향을 두고 두 후보는 엇갈렸는데요. 박 후보는 재개발 및 재건축의 과속을 막겠다며 시기를 모두 조정하겠다고 했습니다. 반면 나 후보는 비강남권의 재건축 규제를 완화하겠다며 재건축·재개발 확대로 맞섰죠.      서울시청 전경. 한국일보 자료사진이제 선거는 50여일 앞으로 다가왔습니다. 야권 단일후보가 선출될지, 선출된다면 누구로 단일화를 이룰지 아직 알 수 없습니다. 여야 일대일 구도가 만들어질지, 국민의힘 후보와 제3후보가 레이스를 완주하는 3자구도가 될지 조금 더 지켜봐야 할 것 같습니다.   단일화를 둘러싼 신경전은 3월부터 가열될 것으로 보이는데, 구도가 어떻게 되느냐에 따라 선거 양상은 완전히 달라질 수 있습니다. 3월 이후에도 2011년 선거와 비슷한 흐름을 보일지 180도 달라질지 관심이 쏠립니다.     류호 기자"
