이,낙,연
"이낙연·이재명·윤석열  [연합뉴스]    이재명 경기도지사가 차기 대선주자 지지도에서 이낙연 더불어민주당 대표와 윤석열 검찰총장을 모두 두 배 이상 격차로 앞선다는 여론조사 결과가 나왔다.입소스는 SBS 의뢰로 지난 6∼9일 전국 만 18세 이상 1002명을 대상으로 차기 대선주자 중 누구를 지지하는지 조사했다. 13일 이 여론조사 결과에 따르면 이 지사가 28.6%를 기록했다. 이 대표는 13.7%, 윤 총장은 13.5%로 각각 집계됐다. 이 지사는 특히 40대(42.2%), 진보성향(41.7%)에서 높은 지지를 받았다. 더불어민주당 지지층에서도 42.8%의 지지를 얻어 이 대표(27.9%)에 앞섰다. 이 대표는 광주·전라 지역에서만 36.5%로 이 지사(30.0%)를 앞섰다.바람직한 차기 대선 결과에 관한 질문에는 여당의 정권 재창출이 45.5%, 야당으로의 정권교체가 46.0%로 팽팽했다.정당 지지율은 더불어민주당이 38.5%, 국민의힘이 20.8%였다. 이어 국민의당 6.1%, 정의당 5.3%, 열린민주당 4.5% 순이었다.이 조사의 오차범위는 95% 신뢰수준에 ±3.1%포인트다. 자세한 내용은 중앙선거여론조사심의위원회 홈페이지를 참조하면 된다. 김광태기자"
"[머니투데이 이정혁  기자] [[the300]]이낙연 더불어민주당 대표가 9일 서울 여의도 국회에서 열린 동남권 신경제엔진 추진전략 발표 및 토론회에서 모두발언을 하고 있다.사진=뉴스1""협력이익공유제가 욕심만큼 활발하지 않은 것이 현실이다.""지난 9일 서울 동대문구 KAIST(한국과학기술원) 경영대에서 열린 '산학협력기반 사회적 가치 창출' 간담회에 참석한 이낙연 더불어민주당 대표의 발언에 재계의 속앓이가 심해지고 있다. 일부 대기업은 이미 협력사와 물품대금 조기 지급 등의 제도가 정착했지만 여당에서 연일 이익공유제 관련 메시지를 보내고 있어서다.━이낙연 ""대기업과 중소기업은 운명공동체""…이익공유제 속도━이날 이 대표는 이익공유제의 구체적인 가이드라인을 제시했다. 이 대표는 ""(참여 기업에 대한) 인센티브로 현행 10%인 (출연금에 대한 법인세) 공제율을 최소한 '20% 플러스 알파' 정도로 해야 하지 않겠나""라고 말했다.현재 협력이익공유제 시범사업에 참여한 기업은 출연 기금의 10%를 법인세액에서 공제받고 있다. 이를 2배 또는 그 이상으로 확대해 기업들의 자발적 참여를 활성화하겠다는 취지다.특히 이 대표가 직접 찾은 KAIST 경영대학은 SK그룹과 손잡고 '사회적 기업가 MBA' 프로그램을 개설해 운영 중이다. 재계 일각에서는 차기 대한상공회의소(대한상의) 회장인 최태원 SK그룹을 향해 '무언의 메시지'를 보낸 것 아니냐는 해석도 있다.앞서 이 대표는 지난 1일 당 최고위원회의에서는 삼성전자 등 삼성 주요 관계사의 물품대금 조기 지급을 언급하고 ""저의 제안으로 민주당이 추진하는 이익공유제 가능성을 보여주고 있다""며 ""대기업과 중소기업은 운명공동체로 대중소기업간 상생 협력 노력이 더 확산되길 기대한다""고 말했다.여당이 밀고 있는 이익공유제 대상 기업으로는 삼성과 SK, LG 등 IT(정보·기술) 대기업과 네이버페이·카카오페이, 배달의민족 등 플랫폼·비대면 기업들이 거론된다. 여당은 이번 임시국회에서 이익공유제 관련 법안을 반드시 처리한다는 방침이다.━與 ""기업 자발적 참여 기대""…재계 ""협력사 상생 협력 모델 오히려 위축"" 우려도━여당은 기업들의 자발적인 참여를 크게 기대하고 있는 반면 재계는 일부 대기업을 중심으로 활성화된 협력사와 상생협력 모델이 오히려 위축될까 우려한다. 상법·공정거래법 개정안 등 이른바 '기업규제 3법'과 중대재해법(중대재해기업처벌법)에 이어 이익공유제까지 법제화할 경우 상생 의지나 성장 동력에 영향을 미칠 수 있다는 지적이다.자동차·기계·섬유 등 15개 업종별 단체로 구성된 KIAF(한국산업연합포럼)는 지난달 '이익공유제에 대한 건의문'을 채택하고 ""상생협력 강화 취지는 공감하지만 기업의 자율성을 보장해 달라""고 국회에 건의했다.'동학개미'로 불리는 개인 투자자 중 절반 이상은 이익공유제에 반대하는 것으로 나타났다. 이달 초 전국경제인연합회(전경련)가 주식을 보유한 18세 이상 남녀 500명을 대상으로 설문조사를 벌인 결과, 절반 이상인 51.6%가 '이익공유제 시행에 동의하지 않는다'고 답한 것으로 조사됐다.최준선 성균관대 법학전문대학원(로스쿨) 명예교수는 ""이익공유제를 법제화한 나라는 없다""며 ""기업이 선한 의지로 자발적으로 참여해도 배임·횡령 등의 소지가 크기 때문에 신중히 검토할 필요가 있다""고 말했다.이정혁  기자"
"입소스 조사···차기 대선, 여당 45.5% 야당 46.0%광주·전라에서는 이낙연 대표가 이재명 지사 앞서홍준표 5%대...유승민·정세균·추미애 모두 1%대이재명 경기도지사. 연합뉴스[서울경제] 차기 대선주자 지지도에서 이재명 경기도지사가 여전히 독주 채비를 갖췄다는 여론조사 결과가 나왔다. 더불어민주당 이낙연 대표와 윤석열 검찰총장과 함께 공고한 1강 2중 구도를 형성한 모양새다.입소스가 SBS 의뢰로 지난 6∼9일 전국 만 18세 이상 1,002명을 대상으로 차기 대권 관련 여론조사를 실시한 결과 응답자의 28.6%는 이 지사를 지지한다고 밝혔다. 이 대표와 윤 총장은 각각 13.7%, 13.5%를 기록했다. 이들의 뒤는 홍준표 무소속 의원(5.3%)이 이었다. 국민의힘 유승민 전 의원, 정세균 국무총리, 추미애 전 법무부 장관은 모두 1%대 지지율을 기록했다.이낙연 민주당 대표. 연합뉴스이 지사는 특히 40대(42.2%)와 진보성향(41.7%)에서 높은 지지를 받았다. 더불어민주당 지지층에서도 42.8%의 지지를 얻어 이 대표(27.9%)에 앞섰다. 다만 광주·전라 지역에서는 이 대표가 36.5%로 이 지사(30.0%)보다 많은 지지를 얻었다.바람직한 차기 대선 결과에 관한 질문에는 여당의 정권 재창출이 45.5%, 야당으로의 정권교체가 46.0%를 기록했다. 정당 지지율은 더불어민주당 38.5%, 국민의힘 20.8%였다. 이어 국민의당 6.1%, 정의당 5.3%, 열린민주당 4.5% 순이었다.이 조사의 오차범위는 95% 신뢰수준에 ±3.1%포인트다. 자세한 내용은 중앙선거여론조사심의위원회 홈페이지를 참조하면 된다.윤석열 검찰총장. 연합뉴스윤경환 기자"
"입소스 여론조사…차기 대선, 여당 45.5% 야당 46.0%이낙연·이재명·윤석열 (CG)[연합뉴스TV 제공](서울=연합뉴스) 고동욱 기자 = 차기 대선주자 지지도에서 이재명 경기도지사가 더불어민주당 이낙연 대표와 윤석열 검찰총장에 모두 두 배 이상 격차로 앞선다는 여론조사 결과가 13일 나왔다.    입소스가 SBS 의뢰로 지난 6∼9일 전국 만 18세 이상 1천2명을 대상으로 차기 대선주자 중 누구를 지지하는지 물은 결과 이 지사가 28.6%를 기록했다.    이 대표는 13.7%, 윤 총장은 13.5%로 각각 집계됐다.    이 지사는 특히 40대(42.2%), 진보성향(41.7%)에서 높은 지지를 받았다.     더불어민주당 지지층에서도 42.8%의 지지를 얻어 이 대표(27.9%)에 앞섰다.    다만 광주·전라 지역에서는 이 대표가 36.5%로 이 지사(30.0%)에 앞섰다.    바람직한 차기 대선 결과에 관한 질문에는 여당의 정권 재창출이 45.5%, 야당으로의 정권교체가 46.0%로 팽팽했다.    정당 지지율은 더불어민주당이 38.5%, 국민의힘이 20.8%였다. 이어 국민의당 6.1%, 정의당 5.3%, 열린민주당 4.5% 순이었다.    이 조사의 오차범위는 95% 신뢰수준에 ±3.1%포인트다.    자세한 내용은 중앙선거여론조사심의위원회 홈페이지를 참조하면 된다."
"與 ""적극적 재정 투입"" vs 정부 ""재정 화수분 아냐""코로나 사태 등 영향에 국가 재정수지 악화""재정 건전성 악화하면 장기 악영향 불가피""""확대 재정 불가피…효율적인 활용 필요""재정을 둘러싼 더불어민주당과 정부의 마찰이 점입가경입니다. 더불어민주당 이낙연 대표가 국회에서 4차 재난지원금에 선별지원과 보편지원을 병행하겠다고 연설하자마자, 홍남기 부총리 겸 기획재정부 장관이 공개적으로 반박한 것이지요. 이후 민주당에선 홍 부총리 사퇴 요구가 나오기도 했습니다.당정의 마찰은 이번이 처음은 아닙니다. 코로나19로 큰 피해를 본 자영업자와 소상공인 손실보장의 제도화를 두고도 마찰이 수면 위에 떠오르기도 했습니다. 당시 정세균 국무총리는 '이 나라가 기획재정부의 나라냐'는 수위 높은 발언까지 내놨습니다.이런 마찰은 매번 비슷한 흐름과 비슷한 결론으로 귀결됐습니다. 재정을 더 적극적으로 활용하자는 여당과 재정을 함부로 쓸 수 없다는 기획재정부가 충돌하다가, 결국 홍남기 부총리가 굽히는 형태죠. '홍두사미' 같은 불명예스러운 별명까지 생겼습니다.대체 국가재정이 뭐기에 이런 충돌이 반복되는 것일까요?◆ 기획재정부 장관이 '부총리'인 이유는?재정은 물론 한자 단어입니다. 재물을 뜻하는 財와 정사를 뜻하는 政이 만난 단어죠. 말 그대로 정사와 관련한 재물입니다. 여기에 국가라는 단어가 붙었으니, '국가재정'은 국가의 경제활동을 말합니다.그렇다면 국가재정은 어디에서 총괄할까요? 부처 이름만 들어도 알 수 있죠. 바로 기획재정부입니다. 국가행정조직의 설치와 운영 방식을 정하는 '정부조직법'은 제27조를 통해 기획재정부가 중장기 국가발전 전략수립과 재정정책의 수립, 예산의 편성과 집행 등을 관장하도록 하고 있습니다.▶ 기획재정부 웹사이트입니다. 첫 화면이 있는 올해 '경제정책방향'에서 기획재정부의 역할을 엿볼 수 있습니다.영역이 굉장히 넓죠? 사실상 국가 경제를 총괄하는 조직이라는 뜻입니다. 정부조직법 제19조를 보면 국무총리가 위임하는 사무를 수행하기 위해 부총리 2명을 둔다고 돼 있는데, 그 중 한 명이 기획재정부 장관입니다. 우리가 흔히 홍남기 '부총리'라고 부르는 건, 기획재정부 장관이 부총리 역할을 겸하기 때문이죠.('경제 부총리'라고 쓰는 경우가 잦은데, 이는 공식 명칭은 아닙니다.) 대통령의 유고 때는 내각이 대통령의 권한을 대행하게 되는데, 1순위는 국무총리, 2순위는 기획재정부 장관입니다. 기획재정부의 중요성과 위상을 나타내는 지위라고 할 수 있습니다.따라서 기획재정부를 재정을 총괄한다는 의미에서 '재정 당국'이라고 부릅니다. 금융위원회를 금융 당국, 중앙은행인 한국은행을 통화 당국으로 부르는 것과 비슷한 맥락이죠.◆ 재정 적자 발생하면?…결국, 빚내서 충당!기획재정부의 큰 역할 가운데 하나는 재정수지를 관리하는 일입니다. 재정수지는 재정의 수입과 지출의 차이를 말합니다. 쉽게 말하면 번 돈과 쓴 돈의 차이죠. 과거에는 이 재정수지가 0이 되는, 그러니까 균형재정을 이상적으로 봤지만, 지금은 경기에 대응하는 방법으로 재정의 역할이 강조되고 있습니다. 이것을 재정정책이라고 하죠.출처 = GettyimagesBank예를 들어 재정수지를 짚어볼까요? 한 달에 300만 원을 버는 직장인 A씨가 있다고 가정해보겠습니다. 그런데 요즘 물가 만만치 않죠? 지표상으로는 저물가가 이어지고 있지만, 체감하는 물가와는 괴리가 큽니다. (지표물가와 체감물가에 괴리가 큰 이유는 예전에 쓴 기사가 있으니 참고해주세요. ↓ 링크)생활비가 올랐는데, 최근에는 부동산값까지 폭등하면서 월세까지 올랐습니다. 여기까지는 그래도 괜찮았는데, 새로 나온 게임기도 사고, 친구들과 여행도 다니고 신나게 놀았습니다.결국, 한 달에 400만 원이나 쓰고 말았네요. 100만 원 적자입니다. 그럼 이 100만 원을 어떻게 해야 할까요? 모른 척하고 떠넘긴다? 누구한테요? 결국, 100만 원만큼은 빚을 지게 됩니다.국가 재정도 마찬가지입니다. 수입보다 지출이 많아지게 되면 빚을 져서 이를 메우게 되죠. 국가가 빚을 내는 방법 중 대표적인 건 바로 국채입니다. 국가가 발행하는 채권을 말하죠. 쉽게 말해 언제까지 돈을 이자 쳐서 갚을 테니 돈을 빌려달라고 하는 겁니다. 다양한 종류가 있지만, 국채는 기본적으로 국회의 의결을 받아 기획재정부 장관이 발행합니다.(국채법 제5조) ◆ 씀씀이 늘고 수입은 줄고…악화하는 재정수지그럼 최근 국가재정 상황을 볼까요? 현재 국가 재정수지는 지난해 11월까지 공개돼 있습니다. 지난해 11월까지 누적으로 국가의 총수입은 437조 8천억 원입니다. 반면 총지출은 501조 천억 원입니다. 63조 3천억 원 적자네요. 이것이 통합재정수지입니다.여기에 빠진 것이 있습니다. 국민연금이나 사학연금, 고용보험, 공무원연금 같은 사회 보장성 기금이죠. 이런 기금은 해당 연도에 활용하는 것이 아니라 장기적인 관점에서 거둬들인 것이기 때문에 통합재정수지에 포함되지 않습니다. 이 수치까지 포함하는 것이 관리재정수지입니다. 지난해 11월까지 누적 사회 보장성 기금 수지는 35조 원이었네요. 결국, 관리재정수지는 98조 3천억 원 적자가 됩니다.통합재정수지와 관리재정수지는 정부의 재정 건전성을 보여주는 대표적인 지표인데요, 일반적으로 관리재정수지가 조금 더 명확하게 건전성을 들여다보는 지표라는 평가를 받습니다.어찌 됐든 이 통합재정수지와 관리재정수지 모두 악화 일로입니다. 2019년부터 적자 폭이 커지더니, 올해 들어 상황이 많이 나빠졌습니다. 여기에 지난해 코로나19 사태를 겪으며 쓸 곳은 늘었고, 세금 수입은 줄어들며 상황이 더 악화한 것으로 풀이됩니다.◆ ""국가 채무비율 상승, 세계 9번째로 빠를 것""출처 = IMF 단위 = %, 2021년 이후는 예상치국가 재정수지가 악화했으니 당연히 나랏빚이 늘었겠죠. 한 번 살펴볼까요? 지난해 11월 기준 중앙정부의 국가채무는 826조 2천억 원입니다. 어마어마한 돈이죠. 국내 총생산, GDP와 비교한 채무를 국가채무비율이라고 하는데요, 국제통화기금, IMF는 지난해 우리나라의 국가채무비율은 50%에 가까워진 것으로 분석했습니다.문제는 앞으로 입니다. 2025년에는 무려 65%를 기록할 것으로 내다봤는데요, 2015년에서 2015년, 10년 동안 채무비율 상승률이 IMF가 분류한 선진국 37개 나라 가운데 9번째에 달할 전망입니다. 빠른 속도로 국가채무비율이 악화한다고 본 것이지요.우리나라는 전통적으로 적절한 국가채무비율을 40% 정도로 봐왔습니다. 미국과 일본처럼 채무비율이 100%가 넘는 국가도 많은데, 우리나라는 비교적 낮게 관리해왔죠. 우리나라가 보수적으로 채무비율을 관리하는 건 기축통화국이 아니라는 점이 가장 큰 영향을 미치는데요, 더 자세한 건 내용이 길어지니 다음 기회에 정리해보겠습니다. 어쨌든 문제는 채무비율이 증가한다는 사실 자체보단, 그 속도가 너무 빠르다는 점이라는 지적이 나옵니다.◆ 채무비율 상승하면?…신용등급 하락 위험성↑출처 = GettyimagesBank이번 기사의 핵심. 그래서 나랏빚이 늘면 뭐가 어쨌다는 걸까요? 앞서 언급한 월급 300만 원의 직장인 A 씨를 다시 소환해보죠. 씀씀이가 벌이보다 크니 자꾸 돈을 빌리게 되겠죠? 능력에 맞지 않게 돈을 많이 빌리거나, 너무 자주 빌린다면 신용등급이 떨어지게 됩니다.국가도 마찬가지입니다. 세계적인 신용평가사(무디스, S&P, 피치)는 국가에 대해 신용평가를 하는데요, 지금 우리나라의 신용등급은 대체로 양호한 편입니다. 무디스 기준으로 3등급에 해당하는 Aa2죠. 하지만 나랏빚이 빠르게 늘어난다면 신용등급이 하락할 위험이 커집니다. 실제로 피치는 한국부채비율이 46%까지 오르면 신용등급이 하락하는 압력이 될 수 있다고 경고하기도 했습니다.다시 A 씨를 불러볼게요. 신용등급이 많이 하락했습니다. 신용거래가 주를 이루는 현대 사회에서 신용등급이 떨어지니 생각보다 타격이 크네요. 돈을 돌려받지 못할 가능성이 커졌다고 생각하는 금융회사들이 대출 이자를 올렸습니다. 부담이 더 커졌죠. 등급이 더 떨어진다면 아예 대출을 받지 못할 수 있다는 경고도 곁들여집니다. 신용카드 발급도 어려워질 테고요.국가 신용등급이 떨어지면 비슷한 상황이 생깁니다. 대신 규모와 여파가 엄청나게 커지죠. 일단 앞서 설명했던 국채 금리가 오릅니다. 그 나라에 투자했다가 돈을 못 돌려받을 가능성이 확대된 셈이니까요. 갚아야 할 이자가 늘어난다는 거죠. 나라 재정이 위태롭다고 생각한다면 외국인 투자자들이 자금을 빼게 되겠죠. 해당 국가에서 활동하는 기업의 신용등급도 하락할 수밖에 없습니다. 기업이 자금을 확보하는 데 들어가는 비용과 노력이 커진다는 뜻이죠.이정환 한양대학교 경제금융대학 교수는 ""국가 신용이 하락하면 결국 원화 가치가 낮아져 환율이 오르게 된다""며 ""수입 물가가 오르게 된다면, 국내 물가 자체가 불안정해질 수 있다""고 설명했습니다.이어 ""원자재 수입 의존도가 높은 국내 기업에도 타격이 이어질 가능성이 있다""고 덧붙였습니다.◆ 재정 확대 불가피하면?…현명하게 써야지!출처 = GettyimagesBank지금까지 살펴본 것과 같이 국가 재정을 관리하는 건 대단히 중요한 일입니다. 직장인 A씨가 빚을 내서 소비를 늘린다면 당장은 즐겁겠지만, 앞으로 괴로워지겠죠. 국가 재정도 마찬가지입니다.다만 현재 여당에서 강조하는 확장적 재정에도 일리가 있습니다. 저성장 국면에서 코로나19의 습격까지 겹치며 나라 경제에 어려운 마당에, 채무비율 관리에만 집중하는 건 현명한 일이 아니죠.중요한 건 재정을 어떻게 쓰느냐일 것입니다. 지금까지 정부가 위기 대응을 위해 추가경정예산안을 편성할 때마다 했던 이야기는 '추경은 타이밍이 생명'입니다. 전 개인적으로 이 말에 불만이 조금 있습니다. 타이밍이 중요한 건 맞지만, 예산안에서 타이밍보다 훨씬 중요한 건 그 내용입니다. 재정 전반으로 이야기를 확대해도 마찬가지입니다. 성태윤 연세대학교 경제학부 교수는 ""현재 경제 상황을 봤을 때 재정의 역할을 확대하는 건 불가피한 면이 있다""면서도 ""보편 지원이 아닌 코로나19로 피해를 본 업종에 대한 선별 지원처럼 한정된 재원을 효율적으로 쓰는 방안을 고려해야 한다""고 지적했습니다.재정의 효과를 최대화할 내용이 아니라면, 확대 재정 정책은 자칫 성장률을 떠받치는 숫자 놀음에 그칠 수 있다는 뜻이죠. 현명한 재정 활용을 위한 정책적인 검토와 보완이 필요한 시점입니다.조태현"
"[기획재정부 주간계획] 16일 국회 기재위 전체회의이낙연 ‘선별+보편’ 지원, 정세균 “피해계층 두텁게”17일 부동산 관계장관회의, 2·4대책 후속조치 논의[세종=이데일리 이명철 기자] 설 연휴가 지나고 4차 재난지원금에 대한 논의가 본격화할 전망이다. 이낙연 더불어민주당 대표를 비롯해 정치권에서 전국민 보편 지급을 요구하는 가운데 정부는 피해계층에 대한 두터운 지원 입장을 굽히지 않고 있다. 다음주부터 열리는 국회 일정 등을 통해 당정청간 입장차를 좁혀나갈 것으로 보인다.이낙연 더불어민주당 대표가 지난 10일 국회에서 열린 최고위원회의에서 발언하고 있다 (사진=연합뉴스)당·정·청, 설 쇠고 재난지원금 입장차 좁힐까13일 국회와 정부 등에 따르면 오는 16일 국회에서는 기획재정위원회 전체회의가 열린다. 이날 회의에서는 4차 재난지원금 지급을 위한 추가경정예산(추경) 편성 등에 대한 논의가 진행될 것으로 예상된다.당초 지난 8일 더불어민주당의 국회 기재위 소속 의원들과 홍남기 경제부총기 겸 기획재정부 장관을 비롯한 정부측은 비공개로 당정협의를 진행하려다가 취소했다. 당초 4차 재난지원금 등을 협의할 것으로 알려졌지만 당정간 입장이 서로 정리되지 않아서다.이 대표는 추경 편성을 두고 피해 계층 선별 지원과 전국민 보편 지원을 함께 논의해야 한다고 제안하고 있다. 그는 최근 한 방송과 인터뷰에서 “당정 협의를 서둘러 4차 재난지원금 논의를 곧 시작하겠다”며 “(선별·보편 지원을) 다 테이블에 올려놓고 논의할 필요가 있다”고 밝혔다. 선별+보편 지원을 함께 포함할 경우 추경 규모는 20조~30조원대에 달할 것이라는 예상이 나온다.정부는 피해계층 선별 지원이 우선이라는 입장이다. 정세균 총리는 지난 10일 방송과의 대담에서 4차 재난지원금과 관련 “피해를 본 분 중심으로 해서 두텁고 좁게 지원하는 게 옳다”고 밝혔다.문재인 대통령은 8일 수석보좌관 회의에서 “재정이 감당할 수 있는 범위내 에서 과감하게, 실기하지 않고, 충분한 위기 극복 방안을 강구하는 데 최선을 다할 것”이라며 정부에 손을 들어줬다.정부는 설 연휴 이후 정치권과 논의를 진행해나갈 방침이다. 김용범 기재부 제1차관은 지난 10일 비상경제 중앙대책본부 브리핑에서 “코로나19 경제상황이 심각한 점을 감안해 민생지원을 위한 4차 재난지원 추경 편성 필요성에 공감하고 있다”며 “추경 규모나 내용, 시기는 설 연휴 이후 당정청이 각자 입장을 정리해 논의를 본격 진행할 예정”이라고 말했다.홍남기(왼쪽) 경제부총리 겸 기획재정부 장관과 변창흠 국토교통부 장관이 지난 4일 ‘공공주도 3080+ 대도시권 주택공급 획기적 확대 방안을 발표한 뒤 대화하고 있다. (사진=연합뉴스)전국 83만구 주택공급…법 개정·지구 지정 속도오는 17일에는 부동산 시장 점검 관계장관회의를 개최한다. 이날 회의에서는 정부가 지난해 발표한 8·4 대책과 11·16 대책 공급 진행상황과 이달 4일 내놓은 공공주도 3080+ 대도시권 주택공급 획기적 확대방안의 후속조치 등을 점검할 예정이다.정부는 지난 4일 주택시장 안정을 위해 2025년까지 서울 32만가구를 포함한 수도권 61만여가구, 5대 광역시 22만여가구 등 총 83만가구 주택 공급부지를 확보하겠다는 대책을 발표한 바 있다.대책에 따르면 우선 역세권·준공업지역 등 지역을 LH·SH 공기업이 개발해 주택을 공급키로 했다. 재개발·재건축을 공기업이 직접 시행하는 공공주도형 정비사업도 추진한다. 주거재생 혁신지구 등 도지재생을 통한 주택 공급과 소규모 정비사업 활성화 등도 예정됐다.정부는 다음달 중 대책과 관련해 도시 및 주거환경정비법, 공공주택특별법 등을 개정할 예정이다. 상반기 중에는 신규 공공택지를 지정해 25만가구를 공급할 예정인데 지정을 최대한 앞당길 계획이다홍 부총리는 지난 8일 확대간부회의에서 “주택 공급의 획기적 확대, 부동산 투기 및 불법 고강도 대응, 부동산 시장심리 안정 등 정부의 강력한 부동산시장 안정화 의지를 다지고 최우선 총력 대응하겠다”고 밝혔다.다음은 기재부, 통계청, 한국개발연구원(KDI), 대외경제정책연구원(KIEP), 조세재정연구원(KIPF) 주간 주요일정 및 보도계획이다. ◇주간 주요일정△16일(화)10:00 기재위 전체회의(부총리·2차관, 국회)10:00 국무회의(1차관, 서울청사)14:00 기재위 전체회의(1차관, 국회)△17일(수)07:30 부동산시장 점검 관계장관회의(부총리, 서울청사)10:00 기재위 조세소위(1차관, 국회)14:00 4차 산업혁명위원회(2차관, 서울청사)△18일(목)07:00 서울IB 포럼 기조발표(1차관, 비공개)08:00 녹실회의(부총리, 비공개)10:00 국정현안점검조정회의(1차관, 경기도 화성시)△19일(금)08:00 혁신성장 전략점검회의 겸 정책점검회의 겸 한국판뉴딜 점검 TF 회의(1차관, 서울청사)08:30 중앙재난안전대책본부회의(부총리, 서울청사)10:00 코로나19 백신·치료제 상황점검회의(부총리, 비공개)11:00 기재위 전체회의(부총리·1차관·2차과, 국회)◇주간보도계획△15일(월)14:00 2021년 AMRO(아세안+3 거시경제조사기구) 연례협의 실시△16일(화)14:00 What’s Next? KDI가 본 한국경제 미래과제 국제컨퍼런스 개최△17일(수)08:30 부동산시장 점검 관계장관회의 개최△18일(목)12:00 2020년 44분기 가계동향조사 결과△19일(금)08:30 혁신성장 전략점검회의 겸 정책점검회의 겸 한국판뉴딜 점검 TF 회의 개최10:00 2021년 2월 최근경제동향12:00 2020.44분기 대외채무 동향 및 평가이명철 "
"동영상 뉴스Q. 여랑야랑 이민찬 기자 함께 합니다. 첫 번째 주제, '지지율은 00?' 이재명 지사가 뭐라고 한 모양이네요.  이재명 지사가 어제 저녁 자신의 SNS에 정치는 보람되고 영광스럽지만 때론 칼날 위를 걸으며 홀로 된 기분일 때가 많다고 했습니다. Q. 요즘 지지율은 1위인데 왜 외롭단 건가요?  명절에 어머니 제사를 못 지내는 심경을 쓴 글인데, 지지율이 오르고 당내 견제가 심해지면서 느끼는 감정이 녹아있다는 해석이 나옵니다.  이 지사가 주장하는 기본소득을 두고 최근 이낙연 더불어민주당 대표와 정세균 국무총리가 부정적 입장을 밝힌 바 있죠. 임종석 전 대통령 비서실장까지 ""말과 태도가 중요하다""며 비판에 가세했습니다. 또 이 지사는 당의 부정적 기류에도 경기도 2차 재난기본소득 지급을 밀어붙였는데요. 민주당 당원게시판에는 ""이재명은 탈당하라"" 같은 비판글이 이어지고 있습니다. 이 지사, 사방에서 공격을 받다 보니 홀로 된 기분을 느끼는 것 아닌가 싶습니다. Q. 그런데 지지율이 하락한 이낙연 대표는 오히려 홀가분해 진 것 같기도 합니다.  갤럽 여론조사를 보면 이낙연 대표 지난해 7월까지만 해도 대선후보 지지율 1위였습니다. 그런데 사면 논란 등으로 최근 지지율은 하락세입니다. 현재는 10%로 내려 앉았는데요. 이 대표는 최근 상황을 이렇게 평가했습니다. [이낙연  더불어민주당 대표(그제) 무거운 짐을 내려놓은거 같은, 높은 지지도는 짐입니다. 그런 면도 있습니다. Q. 이재명 지사는 칼날, 이낙연 대표는 짐. 지지율을 이렇게 표현했는데, 또 다른 대선후보로 꼽히는 정세균 총리는 어떤가요?  한 마디로 말하면 침묵입니다.  현직 국무총리인 만큼 코로나19 방역에 집중하겠다는 겁니다.  지난해 대선 여론조사에서 아예 이름을 빼 달라고도 했죠.  하지만 측근들 사이에선 생각만큼 지지율이 오르지 않는 것에 대해 답답해 하는 분위기도 있습니다. Q. 다음 주제 보겠습니다. '망가져야 뜬다?' 서울시장 보궐선거 후보들 얼굴이 보이는데, 이미지 변신을 위해 안간힘을 쓰고 있다고요?  박영선 전 중소벤처기업부 장관은 최초의 여성 원내대표 등을 지내며 유리 천장을 깬 이력을 갖고 있습니다. 말끔한 정장에 잘 정돈된 헤어스타일 성공한 여성 정치인 이미지였는데요.  최근에는 머리띠로 앞머리를 뒤로 넘긴 채 선거운동에 나서 눈길을 끌었습니다. 가족들을 위해 궂은 일도 마다않는 '엄마 리더십'을 강조하려는 듯합니다. [박영선  전 중소벤처기업부 장관(지난 1일)] 여성다움의 무티, 즉 엄마와 같은 푸근한 리더십이 필요합니다. Q. 나경원 전 의원은 '생얼 브이로그'를 찍었네요?  선거운동을 마치고 귀가해서 세수를 한 후 1분 30초 동안 일상을 주제로 이야기하는 형식인데요.  기존 강성 이미지를 벗고 소탈함을 부각하려는 듯합니다. [나경원  전 국회의원] 저는 약속대로 답십리 현대시장에서 산 당근 잠옷을 입었습니다. 염색 해야되나, 안 해야 되나 질문하려고 했는데. 누가 그러더라고요. 내려놓으라 그랬더니 너무 많이 내려놓았다고. Q. 반면 달라진 모습이 오히려 논란을 부른 경우도 있죠?  네, 우상호 의원은 출마 후 성평등 전담부서 신설 등을 공약했는데요. 최근 박원순 전 시장을 추켜세우는 듯한 SNS 글을 올려 2차 가해 논란을 불렀습니다. 민주당 강성 지지층을 향한 행보로 보이는데요.  이미지 변신도 국민 눈높이에 맞아야 겠죠.  그래서 오늘의 여랑야랑은 '국민시각'으로 정해봤습니다. Q. 국민시각에 맞는 변신이라면 지지율로 돌아오겠죠. 지금까지 여랑야랑이었습니다.▶ '채널A' LIVE 무료 보기▶ 네이버에서 '채널A' 구독하기▶[기사보기]“초등생인 줄 몰랐다”?…‘초등생 성폭행’ 30대 남성 구속꿈을 담는 캔버스 채널A  ⓒCHANNEL A(www.ichannela.com), 무단 전재 및 재배포 금지"
"속도붙는 재난지원금…보편·선별 모두 지급 결정시 이낙연에 공시간 걸리는 손실보상제…기재부 압박한 정세균도 긍정 평가선두 나선 이재명에 당안팎서 '기본소득' 협공이재명, 교황 발언 등 언급하며 ""사대적 열패 버리자"" 정면 돌파4월 재보선 성적표에 엇갈린 기대…이낙연에 호재다 vs 아니다[CBS노컷뉴스 이준규 기자]그래픽=고경민 기자민족 최대명절인 설 연휴가 지나가면서 1년 앞으로 다가온 대선 레이스도 차츰 경쟁의 불이 붙을 전망이다.정부·여당이 연휴 직후 코로나19 제4차 긴급재난지원금 지급을 위한 추가경정예산 편성 논의에 본격 돌입할 예정인 가운데, 코로나와 코로나가 촉발한 각종 경제·복지정책, 4월 재·보궐선거 등 핵심 현안을 둘러싼 대권 잠룡들의 수싸움 또한 치열해질 것으로 보인다.◇ 속도 붙는 재난지원금…손실보상제도 변수더불어민주당 홍익표 정책위의장에 따르면 당·정·청은 각자의 입장을 정리해 설연휴가 끝난 후 논의를 시작할 예정이다.재정건전성을 이유삼아 추경에 난색을 표하던 정부가 재난지원금 지급에 동의하면서 추경은 이뤄질 전망이지만 추경의 규모나 지급 시기 등에 대해서는 아직 구체적인 합의점이 도출되지 않고 있다.더불어민주당 이낙연 대표. 윤창원 기자민주당 이낙연 대표는 여전히 전국민 보편지급과 피해계층 선별지급을 동시에 하자고 주장하는 한편, 지급 시기에 대해서도 ""욕심 같아서는 3월을 넘기지 않고 도와드리면 좋겠다""고 언급했다.명목상으로는 코로나 피해계층에 대한 신속하면서도 폭넓은 지원이 필요한 점을 강조하면서 보편과 선별지급이 모두 성사되고, 지급 시기 또한 4월 재·보궐 선거 이전으로 확정될 경우, 재난지원금 지급을 위한 추경 편성에 목소리를 높여왔던 이 대표에게 가장 큰 공이 돌아갈 가능성이 높다.논의에 속도가 붙고 있는 재난지원금과 달리 손실보상제는 다소 시간이 걸릴 것이라는 전망이 나온다. 손실보상의 지급 기준과 보상 범위에 대한 이견이 여당 내에서도 존재하고 있어 이를 좁히는데 물리적인 시간이 필요하기 때문이다.여기에 재난지원금보다 훨씬 더 큰 수준의 재원이 필요할 수 있다는 점 때문에 재정당국 또한 추경 논의와 달리 손실보상제 논의에는 상대적으로 소극적인 모습을 보이고 있다.문재인 대통령의 최근 발언에 대해서도 민주당은 충분한 방안을 마련하라는 부분에 방점을 두고 있는 반면, 정부는 재정이 가능한 범위에서 하자는 부분을 좀 더 강조하고 있다.손실보상제 논의가 이 대표의 당대표 임기 내 마지막 국회인 이번 2월 임시국회에서 입법이 마무리되지 못할 경우, 이 대표 못지않게 정세균 국무총리의 공 또한 커질 수 있다.지난달 재정건전성을 이유로 손실보상제에 난색을 표했던 기획재정부를 향해 ""이 나라가 기재부의 나라냐""고 질타하며 입법 재검토를 이끌어낸 것이 정 총리이기 때문이다.이재명 경기도지사. 윤창원 기자◇ 당 안팎의 '기본소득 견제' 시달리는 이재명…독주 지속될까이 대표가 올해 초 이명박·박근혜 전 대통령 사면 관련 발언으로 곤혹을 치른 사이 각종 여론조사에서 대권주자 1위를 구가하고 있는 이재명 경기도지사는 기본소득에 대한 여론의 추이가 중요한 변수로 떠올랐다.이 지사가 코로나19로에 따른 경제 양극화로 그 중요성이 커진 복지 정책의 일환으로 평소 소신이던 기본소득을 주창하고 나서자 이 대표와 정 총리가 이 지사를 협공하는 모양새다.이 대표는 ""알래스카 빼고는 그 것을 하는 곳이 없다""며 ""기존 복지제도의 대체재가 될 수는 없다""고 못을 박았다.정 총리 역시 ""기본소득을 실행하는 것은 불가능하다. 지구상에 보편적 기본소득제도를 성공적으로 시행한 나라는 없다""며 이 대표와 대동소이한 내용으로 이 지사를 비판했다.이런 논쟁에 임종석 전 대통령 비서실장까지 가세, 이 지사의 목표가 달성되려면 317조원이 필요하다며 현실성 없음을 지적했다.그러나 이 지사의 뜻은 확고하다.지난 9일에는 SNS를 통해 프란치스코 교황이 지난해 부활절 서한을 통해 언급한 '유니버설 베이직 웨이지'(Universal Basic Wage)를 가리켜 ""교황께서도 기본소득을 지지하며 '기술관료 패러다임이 이번 위기나 인류에게 영향을 미치는 다른 거대한 문제들에 대응하는데 있어 충분치 못하다는 점을 정부들이 이해했으면 한다'고 말씀하셨다""고 강조했다.앞선 지난 6일에는 ""다른 나라가 안 하는데 우리가 감히 할 수 있겠냐는 사대적 열패의식을 버려야 한다""며 자신을 향한 비판을 정면으로 반박하기도 했다.이 지사는 당내 주류 지지층의 지지를 받고 있지 못하다는 지적에 대해서도 정면돌파 중이다.그는 꼬리표처럼 따라다니는 탈당설에 대해 ""여러 이유로 저의 탈당을 바라는 분이 계신 것을 잘 알고 있으며 그분들께서 말씀하시는 제 잘못과 부족한 점은 온전히 귀담아듣고 고쳐 나가겠다""며 ""제 사전에 탈당은 없다""고 말했다.◇ 이낙연 임기 내에 후보 정해지는 4월 보선…그 공은?서울시장과 부산시장을 뽑는 오는 4월 보궐 선거 또한 잠룡들의 희비를 가를 변수 중 하나로 꼽히고 있다.이 대표 측은 이번 선거가 민주당 후보 결정 과정까지는 민주당이 이 대표 체제로 운영되는 만큼, 보궐선거에서 승리를 거둘 경우 이 대표에게 호재가 될 것으로 기대하고 있다.이 대표의 한 측근 인사는 CBS노컷뉴스와의 통화에서 ""서울시장 선거에서 민주당 후보가 승리한다면 당연히 이 대표에게 긍정적인 영향을 미칠 것""이라고 자신했다.반대급부로 선거에서 패할 경우 얻게 될 책임도 이 대표의 몫이 된다.반면 우상호 의원, 박영선 전 중소벤처기업부 장관, 김영춘 전 국회 사무총장 등 당내 서울·부산시장 후보들이 이 대표와 특별한 연이 없다는 점에서 선거 결과가 이 대표의 지지율에 크게 영향을 미치지 않을 것이라는 분석도 나온다.민주당 관계자는 ""서울과 부산시장 선거에 나선 주요 후보들 중 이 대표에게 크게 도움을 입었다고 생각하는 인사가 없다""며 ""부채의식이 없는 만큼 그 공이 이 대표에게 돌아갈 것으로 보이지 않는다""고 말했다.▶ 서울·부산시장 재보선 관련기사 모음▶ 클릭 한 번이면 노컷뉴스 구독!▶ 보다 나은 세상, 노컷브이와 함께"
"존재감 크다는 방증…차별성도 부각이재명 경기지사[연합][헤럴드경제=윤호 기자] '대선주자 지지율 1위' 이재명 경기지사가 내놓은 '기본소득'을 두고 여야에서 비판이 끊이지 않고 있다. 이낙연 더불어민주당 대표와 정세균 국무총리, 임종석 전 대통령 비서실장 등 여권 내 다른 대선 주자부터 유승민 전 국민의힘 의원, 원희룡 제주지사 등 보수 야권 대선주자들까지 '협공'에 나섰지만, 이같은 구도는 오히려 이 지사의 영향력을 과시함과 동시에 인지도를 한층 더 끌어올릴 것이라는 분석이 나온다.이 지사는 평소 자신의 정치·정책적 견해나 주장을 페이스북 등 SNS를 통해 밝혀왔지만, 최근 기본 소득과 관련한 글의 양과 빈도가 크게 늘어났다. 자신을 비판하는 여야 유력 정치인들을 향한 직설적 비판 등 정면대응도 증가하고 있다.이는 자신의 대표 정책인 기본 소득을 의제로 띄워 설 민심을 잡고 대선주자 여론조사 1위 자리를 굳히겠다는 의지로 풀이된다. 지방 단체장으로서 중앙 정치 활동을 하는 데 따른 물리적 장벽을 SNS를 통해 넘어서겠다는 의도도 읽힌다.이 지사는 지난 10일 페이스북에서 ""국민의힘이 '기본' 없는 기본소득으로 국민을 기만하고 있다""고 비판했다. 그는 ""기본소득의 핵심 개념은 '공유부를 모두에게 공평하게'인데, 기본소득이 당의 제1정책이라면서 당이나 당 소속 정치인들은 차등과 선별을 중심에 두고 있다""며 ""중위소득 50% 이하 가구를 선별해 지원하는 기본소득, 최저생계비 이하 소득계층에 대한 기본소득론 등이 그것""이라고 했다.지난 8일에는 ""고인 물은 썩게 마련이고 정책에도 경쟁이 필요하다""고 했고, 9일에는 ""교황도 기본소득을 지지한다""며 ""이젠 세부 논의에 들어가야 할 때""라고 기본소득의 필요성을 거듭 강조한 바 있다.다만 기본소득에 대해 이 대표는 ""기본소득을 하는 곳은 미국 알래스카뿐""이라고 해 이 지사 의견과 큰 차이를 보였으며 정 총리 역시 ""지구상에서 기본소득제도를 성공리에 운영한 나라가 없고, 한국의 규모를 감안할 때 실험적으로 실시하기엔 적절치 않다""는 입장을 밝혔다. 임 전 실장은 이 지사가 페이스북에 게시한 '이 시대의 새로운 가치로 교황께서도 제안한 기본소득'이라는 글에 대해 ""교황이 제안한 것은 이탈리아어로 salario universale, 우리말로 옮기면 보편적 임금, 또는 보편적 기본임금""이라고 지적했다. 이 지사가 자신의 기본소득 제도를 뒷받침하기 위해 인용한 교황의 언급이 부적절하다는 점을 꼬집은 것이다.이 지사의 '기본소득론'에 대한 야권의 비판도 거세다. 유 전 의원은 ""기본소득은 K양극화 해소에 아무 도움이 되지 않는다. 월소득 100만원인 저소득층과 1000만원인 고소득층에게 똑같은 기본소득을 지급하는 것은 공정과 정의에 반하며 소비 촉진효과도 부족하다""고 했다. 원 지사 역시 이 지사가 주도하는 기본소득에 대해 '허경영식 선동 정치'라고 비판한 바 있다.다만 이 지사 입장에서는 이미 '기본소득'이 대선주자로서 주요의제로 떠오른 것이 나쁘지 않다는 분석이 나온다. 여야 거물급 정치인들의 비판이 나온 것 자체가 이 지사의 존재감이 크다는 방증이며, 대선주자로서 향후 보다 명확한 차별성을 보일 수 있기 때문이다.한편 이 지사는 설날 당일인 지난 12일 페이스북 글에서는 그간의 기본소득 논쟁을 자제하고 ""정치라는 일이 보람되고 영광스러운 일입니다만 때로 칼날 위를 걸으며 세상에 홀로 된 기분일 때가 많다""며 ""가까이 소중한 것들을 놓치고 있던 것은 없었나 돌아보고 소파에 이리저리 뒤척이는 사이 그리운 사람들도, 기억 저편에 아득히 사라졌던 장면들도 떠오른다""고 썼다"
"검찰·사법개혁 이어 언론개혁 추진극단적 여대야소 견제 없이 독주 가능자제력·절제력 없이 과속페달 밟는다""민심 이반 확인되어야 제동 걸릴 것""이낙연 대표가 10일 서울 여의도 국회 본관 206호에서 열린 더불어민주당 최고위원회의에 참석, 발언하고 있다.ⓒ데일리안 박항구 기자더불어민주당이 선거제 개혁, 검찰 개혁, 사법 개혁에 이어 언론개혁을 타깃으로 정했다. 문재인 정부 집권 5년 차 남은 개혁 과제를 완수하기 위해 드라이브를 건 것이다. 여소야대의 20대 국회에서는 협치가 불가피했지만, 극단적 여대야소의 21대 국회에서는 견제받지 않는 독주가 가능해졌다.실제 21대 국회 들어 민주당은 개혁을 명분으로 입법 독주를 빈번하게 강행했다. 소위 구성이나 찬반 토론과 같은 기본적인 입법 절차를 제대로 지키지 않거나 관행을 무시한 채 과속 페달을 밟았다. 특히 여야 간의 입장차가 큰 쟁점 법안일수록 이런 경향이 두드러졌다는 분석이다.민주당은 4월 재·보궐선거와 내년 대선을 앞두고 징벌적 손해배상제 도입을 골자로 한 언론개혁법(또는 언론규제법)을 추진한다. 야당 뿐 아니라 다수의 언론·시민단체들도 정권에 불리한 보도를 막기 위한 재갈 물리기라고 반대하지만, 늦어도 3월 임시국회까지 처리한다고 못을 박는 등 속전속결 태세다.민주당은 가짜뉴스 근절이라는 명분을 내세워 반대하는 세력을 '반개혁 세력'으로 몰아붙였다. 노웅래 민주당 최고위원은 ""정상 언론이라면 반대할 이유가 없다""며 정상과 비정상 언론으로 구분하고, 정청래 민주당 의원은 ""반대할수록 가짜뉴스를 쓰겠다고 떼쓰는 것과 마찬가지""라고 주장했다.아울러 민주당은 검찰의 직접수사권을 모두 없애는 검찰개혁 시즌2를 추진한다. 고위공직자범죄수사처가 출범한 상황에서 검찰에 남겨놓은 6대 범죄 수사권(부패·경제·공직자·선거·방위사업·대형참사)마저 없애고 기소만 전담토록 하는 방향이다.김용민 민주당 의원이 지난해 말 검찰청이 아닌 공소청 설치법 제정안을 발의했고, 황운하 민주당 의원은 별도의 수사기구인 중대범죄수사청 설치법 제정안을 발의했다. 사실상 검찰 해체에 준하는 개편이다. 이를 두고 윤석열 찍어내기에 실패한 집권세력이 검찰의 수사권을 없애 정권 수사를 원천 봉쇄하려는 의도라는 의심 섞인 시선도 있다.5일 서울 여의도 국회에서 대정부질의가 진행되고 있다. ⓒ데일리안 박항구 기자이 과정에서 민주당은 야당의 반발을 또한번 '패싱'할 것으로 예상된다. 집권여당의 밀어붙이기식 국정 운영은 정치적 위기뿐 아니라 사회적·경제적·문화적 후폭풍을 초래할 수 있지만, 민주당이 174석의 압도적 의석수를 차지한 상황에서 합법적으로 저지할 방안도 마땅하지 않은 게 현실이다.황태순 정치평론가는 기자와의 통화에서 ""집권세력도 언제든 소수가 될 수 있다는 생각으로 권력 행사에 자제력·절제력을 발휘해야 한다. 그러나 자제는 고사하고 이번 기회에 대못을 박지 않으면 안 된다는 강박관념으로 무리하게 밀어붙이고 있는 것""이라며 ""이를 소수야당이 막을 방법은 현실적으로 없다""고 지적했다.집권여당의 독주는 독단적·일방적·편파적 국정운영에 따른 민심 이반이 확인됐을 때에야 제동이 걸릴 것이란 관측도 나온다. 결국 4월 재·보궐선거에서 여야 중 누가 승리하느냐에 달렸다는 뜻이다. 정치권 관계자는 ""대선과 지방선거, 총선까지 3연승을 거둔 집권세력에게는 선거 패배와 같은 외부의 충격요법이 가장 효과적""이라고 말했다.데일리안 이유림 기자 "
"이재명표 '기본소득' 놓고 여권내 논란격화 이낙연 ""알래스카"" 정세균 ""포퓰리즘"" 맹공임종석도 ""말과 태도가 훨씬 중요"" 가세이낙연·정세균에는 곧장 반격한 이재명親文 대표 임종석 비판에는 침묵이재명 경기도지사, 이낙연 더불어민주당 대표, 임종석 전 청와대 비서실장 차기대선 지지율 1위인 이재명 경기도지사의 기본소득 구상을 놓고 정치권의 날선 공방이 계속되고 있다. 야당은 물론 여당 대권주자들까지 일제히 기본소득을 비판하고 있는데, 이 지사가 선별적 대응에 나선 점이 흥미롭다. 여권 지지율 2·3위인 이낙연 더불어민주당 대표·정세균 국무총리에게는 반박글을 올려 대립구도를 선명히하는 반면, '친문 잠룡' 임종석 전 청와대 비서실장의 경우 이 지사를 직접 언급하며 강도높게 비판했는데도 특별한 대응에 나서지 않고 있기 때문이다. 이를 놓고 대선을 1년여 앞둔 시점에 이 지사의 여권내 피아구분이 은연중에 드러난 것 아니냐는 분석이 이어진다. 이 지사의 친문구애가 언제까지 계속될지도 관심을 끄는 대목이다.◆ 기본소득으로 본격화된 이재명 vs 이낙연·정세균 대결구도이재명 지사가 꾸준히 주장해 온 기본소득이 정치권 화두로 떠오른 것은 이낙연 대표가 이달초 국회 교섭단체 연설 후 기자들과 만나 던진 알래스카 발언 이후다. 연설 주제였던 복지구상과 이재명 지사의 기본소득을 비교해달라는 요청에 이 대표는 ""알래스카를 빼고는 그것(기본소득)을 하는 곳이 없다""며 ""(기본소득이) 기존 복지제도의 대체재가 될 수 없다""고 했다. 그간 대권 경쟁자인 이 지사와 대결구도가 부각되는 것을 의식적으로 피해왔던 이 대표가 본격적으로 목소리를 내기 시작한 국면이다.이 지사는 연설 직후에는 이 대표의 연설에 ""훌륭한 방향제시를 해주셨다. 저도 더불어민주당 원팀의 일원으로서 최선을 다하겠습니다""라며 응원의 메시지를 전했다. 그러나 연설이 있던 주말에 이 지사가 올린 '불가능을 가능하게 하는 것이 정치. 우리가 얼마든지 세계를 선도할 수 있습니다'란 글로 대결양상이 펼쳐졌다. 그는 이 글에서 세계를 제패한 BTS, 기생충, 삼성전자·SK하이닉스를 언급하며 ""얼마 전까지 모두 불가능으로 여겨지던 것들이지만, 위대한 우리 국민중 누군가가 용기와 준비, 도전으로 불가능을 현실으로 만들었다""고 적었다. 이 지사는 문재인 정부의 성과로 평가받는 K방역과 무혈 촛불혁명도 한국이 세계를 선도한 사례로 소개했다. 기본소득 역시 한국이 선도적으로 도입해 안착시킬 수 있다는 메시지를 간접적으로 전한 것이다. 논란을 격화시킨 것은 이어진 문장이다. 이 지사는 ""우리의 선대들이 강제주입당한 사대주의 열패의식에서 벗어나, 불가능하다고 지레짐작하여 미리 포기하지 않고 도전을 계속해야 한다""고 했다. 인구 70만명 수준의 알래스카에서만 기본소득이 시행되고 있다며 기본소득을 비판한 이 대표를 겨냥한 발언으로 해석되는 대목이다.또다른 여권 대선주자인 정세균 총리도 지난 4일 블룸버그와의 인터뷰에서 ""보편적인 기본소득 시스템을 성공적으로 시행한 나라는 지구상에 없다""면서 ""기본소득은 실행이 불가능하다""고 밝힌 바 있다. 정 총리는 또 ""포퓰리즘은 결정권자가 합리적인 결정을 할 수 없게 한다. 잠시 좋아 보일지 모르지만 결국 사람들은 후회하게 될 것""이라고 강조했는데, 이 지사는 며칠후 '국민 경시하는 포퓰리즘 공격..정치인에 속을 국민이 아닙니다'란 글을 게재했다. 이 글에서 이 지사는 ""포퓰리즘 공격은 국민의 판단력이 부족해 정치인에게 속는다는 것을 전제""한다며 ""상대를 포퓰리즘으로 모는 행위야말로 국민을 속여 정치적 오판을 끌어내려는 진정한 의미의 포퓰리즘""이라 주장했다.◆ 이재명 직접 언급하며 '저격'한 임종석에는 침묵이처럼 이재명 지사가 이낙연 대표·정세균 총리를 상대로는 우회적으로나마 수위 높은 반박문을 공개한 가운데, 친문계의 잠재적 대권후보로 꼽히는 임종석 전 비서실장의 비판에는 특별한 메시지를 내놓지 않고 있다. 임종석 전 비서실장은 이재명 지사를 직접 거론하며 ""지도자에게 철학과 비전만 필요한 것이 아니라 때론 말과 태도가 훨씬 중요하다""며 ""기본소득이란 아이디어가 지금 우리 현실에서 공정하고 정의롭냐는 문제의식을 떨칠 수가 없다""고 지적했다. 그러나 설연휴를 맞이한 이재명 지사의 SNS에는 임종석 전 비서실장의 비판을 떠올리게 할만한 글이 아직 올라오지 않고 있다. 문재인 정부의 초대 청와대 비서실장으로 친문의 목소리를 대변한다고 할 수 있는 임 전 비서실장까지 적대시하는 것은 부담스러울 것이란 분석이 이어진다. 김민전 경희대 후마니타스 칼리지 교수는 ""친문 핵심이자 586세대인 임종석 전 비서실장과 대립하면서는 친문표를 끌어들일 수 없다""며 ""반면 이낙연 대표나 정세균 총리는 오히려 친문표를 놓고 경쟁하는 상대에 가깝다""고 설명했다.지난 대선·지선에서 '반문' 이미지가 덧씌워진 이재명 지사에게 임 전 비서실장과의 대립은 특히나 피하고 싶은 상황이다. 친이재명계로 분류되는 한 여권인사는 ""지금은 대권행보에 나서기보다 누가 뭐라해도 도정에 집중하는 모습을 보여줘야 할 때""라며 ""광역단체장 평가에서 1위를 달리는 등의 성과까지 내고 있어 굳이 정치판에 뛰어드는 일은 없을 것""이라 전했다.◆ 이재명의 친문구애 계속될까?관건은 이재명 지사에 대한 친문의 태도다. 친문에서 제3후보를 내세울 경우 이 지사와의 대결을 피할 수 없는 상황이기 때문이다. 그러나 친문 잠룡으로 꼽히는 임종석 전 비서실장이나 이광재 의원 등이 아직까지 본격적인 대권행보에 나서지 않고 있어 '대결의 순간'이 찾아오지 않을 가능성도 크다.친문의 행보와 상관 없이 이 지사 입장에서는 친문구애를 장기간 이어갈 것으로 관측된다. 여권 관계자는 ""차기 대선에서 당선된다고 해도, 문재인 대통령과 갈라선다면 지지해 줄 민주당 의원은 극소수일 것""이라며 ""정책적 지향점이 크게 다르지 않은데 이 지사가 굳이 그런 위험을 감수할 필요가 없다""고 전했다. [문재용 기자]▶ '경제 1위' 매일경제, 네이버에서 구독하세요▶ 이 제품은 '이렇게 만들죠' 영상으로 만나요▶ 부동산의 모든것 '매부리TV'가 펼칩니다[ⓒ 매일경제 & mk.co.kr, 무단전재 및 재배포 금지]"
"김진애 “박영선 벌써 승리감 도취됐나”김진애 열린민주당 의원연합뉴스열린민주당 서울시장 보궐선거 예비후보인 김진애 의원이 별다른 이슈 없이 밋밋하게 진행되고 있는 더불어민주당의 후보 경쟁 구도를 꼬집었다.김 예비후보는 13일 자신의 페이스북에서 “박영선-우상호 경선이 너무 밋밋한 건 사실”이라며 “정체성-도덕성-리더십-공약 검증이 전혀 안되고 있다”고 지적했다. 그는 “당 경선이 치열해야 본 선거 경쟁력이 올라가는데, 우려된다”며 “우쭈쭈 받쳐지는 후보 거품‘은 언제 푹 꺼질지 모른다”고 말했다.특히 김 예비후보는 더불어민주당 우상호 서울시장 예비후보가 박영선 예비후보에게 ’박영선 누나‘라고 호칭했던 것을 두고 날을 세웠다. 김 예비후보는 “’박영선 누나‘라니 ’박근혜 누나‘가 연상된다”고 비판했다. 우 예비후보와 박 예비후보는 지난달 24일 이낙연 민주당 대표와 함께 서울 남대문시장 민생탐방을 떠났을 때 서로를 ’누나‘, ’동생‘으로 부르며 화기애애한 모습을 연출한 바 있다. 다만, 김 예비후보는 “’언니‘ 호칭은 좋다. 남성들도 서로 언니라 부른 전통이 있으니까”라고 덧붙였다.열린민주당 김진애 서울시장 예비후보 페이스북 갈무리김 예비후보는 박 예비후보에 대한 검증이 없다는 것도 지적하는 동시에 우 예비후보의 ’후보 양보 가능성‘을 거론했다. 그는 “혹시 박영선 후보는 벌써 승리감에 도취되어 있는가”라면서 “혹시 우상호 후보는 벌써 양보 압박을 받는 것은 아닌가”라고 직격했다.김 예비후보의 지적처럼 민주당 서울시장 보궐선거 경선을 두고 정치권에서는 ‘흥행성이 떨어진다’는 평가를 내놓고 있다. 네거티브는 차치하더라도 두 후보가 서로의 정책에 대한 평가조차 자제하고 있어서다.이런 가운데 범여권 서울시장 후보 지지율은 박 예비후보 30%, 우 예비후보 9.8%, 김 예비후보 2.1% 순인 것으로 나타났다. 이번 조사는 SBS가 여론조사기관 입소스에 의뢰해 지난 6일부터 9일까지, 유무선 전화면접조사로 서울 유권자 800명의 응답을 얻었으며, 표본오차는 95% 신뢰 수준에 ±3.5%p다.신형철 기자"
"차기 대선, 야당 46% vs 여당 45.5%…오차범위 내 접전[서울=뉴시스] [서울=뉴시스] 김남희 기자 = 차기 대선주자 지지도에서 이재명 경기도지사가 이낙연 더불어민주당 대표와 윤석열 검찰총장을 크게 앞서는 것으로 13일 나타났다. 여론조사 전문업체 입소스가 SBS 의뢰로 지난 6∼9일 전국 만 18세 이상 1002명을 대상으로 실시한 조사 결과, 차기 대선주자 지지도에서 이 지사가 28.6%를 기록했다. 이 대표는 13.7%, 윤 총장은 13.5%로 각각 집계됐다. 뒤이어 홍준표 무소속 의원(5.3%), 유승민 전 국민의힘 의원(1.9%), 정세균 국무총리(1.8%), 추미애 전 법무부장관(1.6%), 오세훈 전 서울시장(1.5%), 심상정 정의당 의원(1.4%), 원희룡 제주도지사(0.6%) 순이었다.이 지사는 '60세 이상'을 제외한 전 연령대에서 선두를 달리는 것으로 나타났다. 민주당 지지층에서도 42.8%의 지지를 얻어 27.9%를 기록한 이 대표보다 높았다.다만 광주·전라 지역에서는 이 대표가 36.5%로 이 지사의 30.0%에 앞섰다. 바람직한 차기 대선 결과에 관한 질문에선 '여당의 정권 재창출'이 45.5%, '야당의 정권교체'가 46.0%로 오차범위 내에서 팽팽하게 맞섰다. 이번 조사는 유무선 전화면접조사로 이뤄졌으며 표본오차는 95% 신뢰 수준에 ±3.1%, 응답률은 14.4%다. 자세한 사항은 중앙선거여론조사심의위원회 홈페이지를 참조하면 된다.☞공감언론 뉴시스"
"SBS 설 여론조사출처=SBSSBS가 각종 현안에 대한 여론조사를 실시한 결과를 13일 공개했다.내년으로 다가온 대선 관련 조사도 포함됐다.SBS는 여론조사기관 입소스에 의뢰, 지난 6~9일 전국 유권자 1천2명을 대상으로 유무선 전화면접조사를 진행했다. 표본 오차는 95% 신뢰 수준에 ±3.1%포인트.우선 대선에서 누구에게 투표할지 물었더니, 이재명 경기도지사가 28.6%, 이낙연 더불어민주당 대표가 13.7%, 윤석열 검찰총장이 13.5%의 지지를 얻었다.이에 대해 SBS는 지난 1월 1일 보도된 신년 여론조사와 비교해 이재명 지사는 5%포인트(p) 올랐고, 이낙연 대표 및 윤석열 총장은 각 3%p 및 5%p 지지도가 떨어졌다고 설명했다.최근 발표된 여러 여론조사에서도 이재명 지사의 오차범위 밖 독주 양상이 확인된 바 있다. 아울러 추윤갈등(추미애 전 법무부 장관 대 윤석열 총장) 구도에서 이재명 지사 다음, 즉 이낙연 대표는 곧잘 제쳤던 윤석열 총장은 이번 조사에서는 오차범위 안이기는 하지만 이낙연 대표 뒤에 랭크됐다.그 다음으로 홍준표 무소속 국회의원 5.3%, 유승민 전 의원 1.9%, 정세균 국무총리 1.8%, 추미애 전 장관 1.6%, 오세훈 전 서울시장 1.5%, 심상정 전 정의당 대표 1.4%, 원희룡 제주도지사 0.6% 순이었다.문재인 대통령의 국정 운영에 대해서도 잘 하고 있는지 잘 못하고 있는지 물었다. 잘 못하고 있다가 49.9%로, 잘 하고 있다(44.9%)에 오차범위 내에서 소폭 앞섰다.SBS는 역시 신년 여론조사와 비교, 잘 하고 있다는 평가는 3.6%p 늘고, 잘 못하고 있다는 평가는 4.1%p 줄었다고 전했다.아울러 30, 40대는 잘 하고 있다는 평가가 더 많았고, 20대와 60대 이상은 잘 못하고 있다는 평가가 더 많았다.여론조사에서는 다시 대선을 두고 '여당의 정권 재창출'과 '야당으로 정권 교체' 가운데 어떤 결과가 더 바람직하다고 보는지 물었다. 야당으로 정권 교체(46%)와 여당의 정권 재창출(45.5%)이 비슷했다.황희진 기자"
"이낙연 더불어민주당 대표 이재준 고양시장(왼쪽)에게 ‘2050 탄소중립특별위원회 지방정부추진단’ 추진위원 임명장 전달. 사진제공=고양시 【파이낸셜뉴스 고양=강근주 기자】 이재준 고양시장이 ‘2050 탄소중립특별위원회 지방정부추진단’ 추진위원으로 임명됐다. 이를 계기로 ‘기후위기 대응-에너지전환 지방정부협의회’ 회장으로서 추진하던 지방정부 탄소중립 10대 실천과제 마련, 지방정부 모범사례 경진대회 개최가 더욱 탄력을 받을 전망이다.   2050 탄소중립특별위원회 지방정부추진단은 작년 12월 문재인 대통령이 ‘2050 탄소중립 선언’을 발표한 뒤 탄소중립에 대한 공감대 확산과 지방정부와 정책 공유를 위해 구성됐다. 단장은 이낙연 더불어민주당 대표가 맡고, 더불어민주당 소속 기초자치단체장 27명이 추진위원으로 참여한다.   이재준 시장은 1월28일 40개 시-군이 회원으로 활동 중인 ‘기후위기 대응-에너지전환 지방정부협의회’ 회장으로 선출돼 지방정부 기후위기 대응정책은 물론 탄소중립특별위원회 지방정부추진위원으로 활동하게 됐다.   이재준 시장은 “기후위기에 대응하려면 지방정부 실행력이 담보돼야 가능하다. 향후 지속가능한 발전과 미래세대와 함께하는 전략을 세우도록 더욱 최선을 다하겠다”고 강조했다. 이어 “시민 공감대 형성을 위한 환경교육도 꼭 필요하다”고 덧붙였다.   한편 고양시는 2019년 파리협정을 준수하는 환경정책을 수립해 2017년 온실가스 배출량 671만톤 대비 15.6% 감축목표를 설정하고 기후변화대응 조례도 제정해 92개 세부사업을 확정하고 2050년 탄소중립 도시 조성을 위한 로드맵을 완성했다. 고양시는 이렇게 완성된 정책 기반을 토대로 2023년 제28차 유엔기후변화협약 당사국총회(COP28) 유치에 적극 행보를 보이고 있다."
"20대 대선, 野 정권 교체 46% vs 與 정권 재창출 45.5%© News1 김일환 디자이너(서울=뉴스1) 이준성 기자 = 여권 차기 대권 주자인 이재명 경기도지사 지지율이 이낙연 더불어민주당 대표와 야권의 잠재후보로 거론되는 윤석열 검찰총장에 큰 폭으로 앞서면서, '1강 2중' 체제가 굳어지고 있다. 내년 대선에서 '여당의 정권 재창출'과 '야당으로 정권 교체'에 대한 여론은 오차범위 내 팽팽한 양상을 보였다.13일 SBS가 여론조사기관 입소스에 의뢰해 지난 6~9일 전국에 거주하는 만 18세 이상 1002명을 대상으로 실시한 여론조사 결과에 따르면 차기 대통령 지지도에서 이 지사는 28.6%, 이 대표는 13.7%, 윤 총장은 13.5%를 기록했다.뒤를 이어 홍준표 무소속 의원(5.3%), 유승민 전 국민의힘 의원(1.9%), 정세균 국무총리(1.8%), 추미애 전 법무부장관(1.6%), 오세훈 전 서울시장(1.5%), 심상정 정의당 의원(1.4%), 원희룡 제주도지사(0.6%) 순이었다. 또 '지지후보 없다'(26.0%), '모름무응답'(2.8%) '기타'(1.3%) 등의 대답을 선택한 응답자는 총 30.1%에 달했다.이재명 지사는 '60세 이상'을 제외한 전 연령대에서 선두를 달리는 것으로 나타났다. 특히 40대(42.2%)와 50대(31.8%), 30대(31.7%)에서 평균보다 지지율이 높았다.지지층에서는 민주당 지지층(42.8%), 진보층(41.7%), 국정운영 긍정평가층(40.0%), 가구 월소득 701만원 이상(37.3%)에서 높은 지지율을 나타냈다.이낙연 당대표는 광주·전라(36.5%), 민주당 지지층(27.9%), 국정운영 긍정평가층(26.4%), 가구 월소득 200만원 이하(19.2%) 등에서 높은 지지를 받았다.윤석열 총장은 국민의힘 지지층(36.0%), 국정운영 부정 평가층(25.9%), 60세 이상(20.5%), 대구·경북(20.3%)에서 지지도가 높은 것으로 나타났다.바람직한 차기 대선 결과를 묻는 질문에 대해선 '야당의 정권 교체'가 46.0%, '여당의 정권 재창출'이 45.5%로 오차범위 내 접전 양상을 보였다. 모름무응답은 8.5%였다.서울·인천·경기 지역 응답자의 45.8%가 '정권교체'를, 45.5%는 '정권재창출'을 선택했다. 광주·전라(67.5%), 대전·충청·세종(50.3%), 강원·제주(49.9%)에선 '정권 재창출'이, 대구·경북(64.4%), 부산·울산·경남(55.3%)에서는 '정권교체' 응답이 더 높게 나왔다. 한편, 이번 조사는 유무선 전화면접조사로 이뤄졌으며 표본오차는 95% 신뢰 수준에 ±3.1%, 응답률은 14.4%다. 자세한 사항은 중앙선거여론조사심의위원회 홈페이지를 참조하면 된다"
"여당 견제할 힘이 야당에 없는 것도 문제사법부, 재정·금융 당국이 거대 여당(與黨)의 정치 논리에 휘둘려 법치와 국정 운영이 왜곡되고 있다는  지적이 나오고 있다. 법과 규정에 따라 본연의 임무에 충실해야 할 국가의 기둥들이 정치적 외풍에  원칙과 핵심 가치를 뒤집는 일이 잇따르고 있다는 것이다. 역대 정권에서도 각 기관에 대한 정치적  압박은 있었지만, 의석 180석을 차지한 현 정권은 그  정도가 심하다는 것이다.사법 수장이 여의도 눈치를  본다…”재판 누가 신뢰할까”최근 대한민국 대법원장이  ‘거짓말쟁이’가 됐다.  김명수 대법원장이 지난 3일 “작년 5월 임성근 부산고법 부장판사에게 탄핵 문제로 사표를 수리할 수 없다는 취지로 말한 사실이 없다”고 했지만, 그가 그렇게 말한 녹취록이 4일 공개돼 하루 만에 거짓말쟁이가 된 것이다. 녹취록이 공개되지  않았다면 그의 거짓말은 진실이 될 뻔했다.김명수 대법원장이 지난 8일 오후 서초동 대법원에서 퇴근하는 모습. 연합뉴스정치권에선 그의 거짓말과 함께  그의 정권 눈치 보기도 심각한 문제라는 지적이 나왔다. 녹취록과 음성 파일에 따르면, 김 대법원장은 작년 5월 담낭 절제 등으로 인한 건강 악화로 사표  수리를 요청하러 온 임 부장판사에게 이렇게 말했다.“(더불어민주당이)  탄핵이라는 얘기를 꺼내지도 못하게 오늘 그냥 (사표를)  수리해버리면 탄핵 얘기를 못 하잖아. 더 툭 까놓고 얘기하면 지금 뭐 (여당이 판사를) 탄핵하자고 저렇게 설치고 있는데 내가 사표  수리했다고 하면 국회에서 무슨 얘기를 듣겠어.”판사 사표 수리도 여당 눈치  보느라, 여당의 압박 때문에 하지 않았다고 해석될 수 있는 것이다.  일각에선 “대법원장마저 사표 수리 하나 원칙대로 하지 못하고 정치권 눈치를  보는데, 여당 주요 관심 사건의 판결은 어떻겠냐”는 말도  나온다. 특히 판사 한 명의 단독 결정이 가능한 영장실질심사의 경우 판사의 정치적 이해관계에  좌지우지되는 것 아니냐는 의심도 제기된다.실제로 2019년 3월 서울동부지법 박정길(사법연수원 29기)  영장전담 부장판사는 박근혜 정부에서 임명된 산하 기관장들에게 일괄 사직을 강요한 혐의로 재판에 넘겨진 김은경 전 환경부 장관에 대한  구속영장을 다수 법조인의 예상과 달리 기각해 논란을 불렀다. 이례적인 기각 사유 또한 밝혀, 파문이 일었다.박 영장판사는 기각 사유에서  “김 전 장관에게 방어권 보장이 필요한 사정이 있었다.  최순실 일파(一派)의 국정농단과 당시 대통령에  대한 탄핵으로 인해 공공기관 인사 및 감찰권이 적절하게 행사되지 못해 방만한 운영과 기강 해이가 문제 됐던 사정”이라고 했다.또 “(과거 정권 때부터의) 관행이라 범죄로 보기 어렵다”는 본안 재판 결론을 내는 듯한 구속영장 기각 이유도 밝혔다.  하지만 서울중앙지법 형사합의 25-1부(김선희  임정엽 권성수 부장판사)는 지난 9일 김은경 전 장관에게  2년 6개월의 실형을 선고했다. 김 전 장관은 법정 구속됐다.김명수 대법원장이 지난해 12월 22일 오전 청와대 본관에서 열린 문재인 대통령의 '5부요인 초청 간담회'에 참석해 발언하고 있다. 뉴시스민주당은 지난해 말 법원이  윤석열 총장 정직 2개월 징계에 대한 집행정지 신청을 인용하자 ‘검찰 개혁과 함께 사법부도 개혁하자’고 나서기도 했다. 당시 서민 단국대 교수는 “(거대 여당이) 이제는 삼권분립 정도는 가뿐히 지르밟으며 사법부를 겁박한다”고 비판했다. “여기가 기재부의 나라냐” 겁박하는 與정세균 국무총리가  지난달 21일 자신이 내놓은 자영업자 손실보상제를 기획재정부가 반대한다며 “이 나라가 기재부의 나라냐”고 공격했다. 대선 주자로 꼽히는 이재명 경기지사도 “기재부는 머슴임을  기억하라. 대통령 지시에 무한(無限) 충성하라”고 했다.김용범 기재부 1차관이 전날(20일)  “자영업 손실보장을 법제화한 해외 사례를 찾기 어렵다”고 한 마디 하자 국무총리가 곧장  “개혁 과정에는 항상 저항 세력이 있다. 이 나라가 기재부의 나라냐”고 때린 것이다. 기재부는 나랏빚이 이미 산더미고, 여당 말대로 더 빚을 내 돈을 풀다간 국민이 더 큰 경제적 고통을 겪게 될 게 우려돼 신중한 태도를 보인  것인데, 여권은 이걸 거역이라며 압박한 모양새였다.  관가에선 “나라의 곳간 사정을 누구보다 잘 알고 잘 관리하는 기재부의 목소리가 선거철  장사에 ‘올인’하는 정치인 고함에 묻혀가고 있다”는 말이 나온다.정세균 국무총리가 12일 영상으로 설 인사하는 모습. 국무총리실전윤철 전 경제부총리는 최근  이 같은 상황과 관련, “기재부 사람들 머릿속이 하얘져서 아무 생각도 못할 지경일 것”이라고 했다. 김영삼·김대중·노무현 정부에서 공정거래위원장, 경제부총리, 청와대 비서실장,  감사원장을 지내면서 43년 관료 생활을 했던 그는  “경제 관료들을 적군 취급해서는 안 된다”고 했다.”여권은 1년간 뭐하다 선거 앞두고,  공매도 금지 연장?”금융위원회는 지난 3일 임시회의를 열고 다음 달 15일 종료 예정이었던 공매도(空賣渡) 금지 조치를  5월 2일까지 한 달 반 더 연장하기로 했다고 밝혔다.  애초 공매도는 올 3월 재개될 예정이었지만,  여권의 연장 압박에 이 같은 결정이 나왔다.금융권과 관가 등에선 우려의  목소리가 터져 나왔다. 현재 주요국 가운데 공매도를 금지하는 나라는 우리나라와 인도네시아 정도밖에  없기 때문이다. 글로벌 투자자들이 기준으로 삼는 모건스탠리캐피털인터내셔널(MSCI) 지수는 공매도 금지 국가를 선진국 지수에 포함시키지 않고,  금지 기간이 1년을 넘으면 감점을 준다. 한  외국계 증권사 임원은 “공매도 금지가 유지되면서 상당수 외국계 펀드들은 이미 한국에서 돈을 빼  나갔다”며 “한국 증시가 외국인 투자자들로부터 신뢰를  잃을까 걱정된다”고 말했다. 공매도가 주가의 이상 과열을  바로잡아 주는 순기능이 있기 때문에 공매도 금지 연장이 부작용을 낳을 수 있다는 지적도 있다.이런 우려에도 여당이 공매도  금지 연장을 밀어붙인 것은 4월 보궐선거 때문이라는 분석이 지배적이다.  공매도 재개를 반대하는 동학 개미 상당수가 민주당 핵심 지지층인 2030세대이기  때문이다. 공매도는 정보·자금이 풍부한 외국 전문 투자자나  금융기관에 비해 개인 투자자들이 절대적으로 불리하다. 이에 더불어민주당은 지난달 비공개 당정협의  등에서 공매도 금지를 연장하라고 금융위를 압박했다.이낙연 더불어민주당 대표가 11일 전남 순천시 여순항쟁위령탑을 찾아 참배 후 기자들의 질문에 답하고 있다. 더불어민주당 제공여당은 공매도 제도 개선  필요성을 이유로 재개 시점을 연기하는 것이라고 하지만, 이는 앞뒤가 맞지 않는다는 지적이다. 진정 제도 개선을 하려고 했다면 지난 1년간의 금지 기간 할 수  있었다는 것이다. 일각에선 “여당 정치인들은 올 3월 재개를 코앞에 앞두고 왜 제도 개선 시급 얘기를 꺼내느냐”는  말도 나왔다. 결국 재개 시점을 4월 보궐 선거 뒤로  넘기려는 의도 아니냐는 것이다. 실제로 이번 재개 시점은 선거 바로 다음 달인 5월이다. 여권이 4·7 서울·부산시장  보궐선거 전까지만 투자자들의 반발을 피해 가려고 했다는 말이 나오는 이유다.안동현 서울대 교수는 “요즘 공매도 정책을 포함한 모든 경제 논리가 정치 논리에 의해 좌지우지되고 있다”며 “금융위가 정치에 항복한 것”이라고 말했다.문재인 대통령이 지난달 25일 오후 청와대에서 열린 보건복지부·식품의약품안전처·질병관리청 2021년 업무보고에 참석해 발언을 하고 있다. 뉴시스지난해 코로나 사태 초기 정부가 시진핑 국가주석의 방한 추진 등 한중 외교를 고려해 중국에서 들어오는 여행객의 국내 입국을 막지 않은 것도 정치 논리가 외교와 방역 정책에 영향을 준 사례로 꼽힌다. 당시 정부는 중국을 포함해 세계 거의 모든 나라가 입국 제한 조치를 하는데도 ‘개방성’이 ‘K방역'의 대원칙이라며 중국발 입국을 막지 않아 논란을 불렀다.지난해 6월 17일 북한이 개성 남북공동연락사무소를 폭파하는 장면.  조선중앙통신이른바 ‘한반도 평화 프로세스'라는 대북 정책을 위해 한미 연합 훈련을 축소하고, 망명 의사를 밝힌 북한 주민을 적절한 절차도 건너뛰고 북송하고, 비무장 우리 공무원이 북한 군인에 총살 당하거나 국민 세금 수백억원이 투입된 개성 연락사무소가 북한 김여정 일방적 지시에 폭파됐지만, 제대로 대응하지 못한 사례들도 현 정권의 정치 논리와 이념이 국가 외교안보에 영향을 준 사례로 거론된다.전직 고위 관료는 “여의도의 정치 논리에 각부처가 휘둘리면 당장에 그 정권은 이득을 볼지 몰라도 결국 국정 차질 등으로 인한 모든 피해는 국민이 보고말 것”이라고 말했다. 일각에선 “현 여권도 문제지만 이들의 잘못을 바로 잡거나 견제할 힘이 야권에 없는 것도 문제”라는 말도 나온다.[노석조 기자"
"입소스여론조사결과이낙연13.7%,윤석열13.5%차기대선정권교체46.0%vs정권재창출45.5%팽팽 윤석열 검찰총장, 이낙연 더불어민주당 대표, 이재명 경기도지사(왼쪽부터) [파이낸셜뉴스] 차기 대권주자 지지도 조사에서 이재명 경기도지사가 28.6%를 기록, 독주체제를 굳히고 있다. 이 지사는 2위와 3위를 기록한 이낙연 더불어민주당 대표, 윤석열 검찰총장와의 격차를 더블스코어 차 이상으로 벌렸다.   여론조사 전문기관 입소스가 SBS 의뢰로 지난 6~9일 전국에 거주하는 만 18세 이상 유권자 1002명을 대상으로 실시한 차기 대통령 지지도 조사 결과 이 지사가 28.6%로 1위, 이 대표와 윤 총장은 각각 13.7%, 13.5%를 기록했다.   이 지사는 60세 이상을 제외하고 40대(42.2%)와 50대(31.8%), 30대(31.7%) 등 전 연령대에서 가장 높은 지지를 받았다.   바람직한 차기 대선 결과를 묻는 질문에 대해선 '야당의 정권 교체'가 46.0%, '여당의 정권 재창출'이 45.5%로 오차범위 안에서 팽팽하게 맞섰다. 모름·무응답은 8.5%였다.   지역별로 서울·인천·경기 지역 응답자의 45.8%가 '정권교체'를, 45.5%는 '정권재창출'을 선택했다. 부산·울산·경남(55.3%)에서는 '정권교체'를 더 선택했다. 광주·전라(67.5%), 대전·충청·세종(50.3%), 강원·제주(49.9%)에선 '정권 재창출' 선택이 많았다.   여야 대선 후보군으로는 홍준표 무소속 의원(5.3%), 유승민 전 국민의힘 의원(1.9%), 정세균 국무총리(1.8%), 추미애 전 법무부장관(1.6%), 오세훈 전 서울시장(1.5%), 심상정 정의당 의원(1.4%), 원희룡 제주도지사(0.6%) 등의 순이었다. 다만, '지지후보 없다' 26.0%, 모름·무응답(2.8%) 등 지지 후보를 선택하지 못한 부동층도 많은 것으로 조사됐다.   이번 조사 표본오차는 95% 신뢰 수준에 ±3.1%다. 자세한 내용은 리얼미터 또는 중앙선거여론조사심의위원회 홈페이지를 참조하면 된다."
"전통시장 방문하지만 대면 접촉 제한으로 아쉬움 토로문자메시지나 전화 등을 통한 비대면 인사만설 연휴를 앞둔 지난 9일 김승남 더불어민주당 의원이 보성 전통시장을 찾았다. © 뉴스1(서울=뉴스1) 박혜연 기자,김유승 기자 = 신종 코로나바이러스 감염증(코로나19) 여파로 여야 의원들의 대국민 명절 인사 풍속이 바뀌고 있다. 21대 총선 이후 맞은 첫 설 연휴지만 코로나 방역이 최우선 순위가 되면서 의원들은 대면 일정을 최소화하거나 문자메시지·전화 등을 통한 비대면 인사로 아쉬움을 달래고 있는 모습이다.  13일 정치권에 따르면, 이번 설 연휴 기간엔 그간 명절 때마다 지역 단위로 열리던 당 차원의 행사나 축제는 거의 전무한 실정이다.  이로 인해 여야 의원들은 시민들을 만나기 위해 전통시장을 찾고 있다. 그러나 그마저도 분위기가 예년만큼 활발하지 않은 데다 방역 상황으로 인해 시민들과의 대면 접촉이 제한돼 의원들은 아쉬움과 안타까움을 내비치고 있다.   조승래(대전 유성갑) 더불어민주당 의원은 뉴스1과 통화에서 ""예전 같으면 시장을 가더라도 다니면서 악수하고 그랬는데 이번에는 멀찍이 서서 가게에 들어가지 않고 인사한다""며 ""아무래도 어르신들께는 전화를 많이 하게 된다""고 말했다.조 의원은 ""개인적으로 아쉽다""며 ""명절 때는 덕담도 주고받아야 하는데 최대한 대면 접촉을 피해야 하는 상황이니 어쩔 수 없다""고 밝혔다. 안민석(경기 오산) 민주당 의원도 ""어르신들은 집에서 꼼짝을 안 하신다고 하더라""며 ""전부 다 어려운 시간을 보내고 있는 것 같다""고 설명했다.윤재옥(대구 달서을) 국민의힘 의원은 ""작년 설까지는 경로당도 방문했었는데 지금은 그게 안 돼서 아쉽다""며 ""시당 차원의 행사도 하나도 없어서 당 관계자분들한테 전화를 돌리는 것으로 대신하고 있다""고 말했다.임이자(경북 상주·문경) 국민의힘 의원 역시 ""최소 수행인원만 데리고 장보기를 했다. 실외 위주로 한 바퀴 돌며 상인·시민들과 인사를 다녔다""며 ""상주시는 재난지원금으로 소상공인에 100만원을 줘서 조금 덜하지만 전체적으로 시장이 초토화됐다. 시장에 사람이 없어서 상인들이 분노하는 지경""이라고 안타까워했다.여야 의원들은 방역과 치안을 담당하는 관공서를 방문해 명절에도 쉬지 못하는 공무원들을 격려하기도 했다. 정성호(경기 양주) 민주당 의원은 지난 10~11일 경기북부경찰청을 비롯해 양주 선별진료소와 보건소 등에 들러 공무원들에게 위로와 격려를 건넸다고 한다. © 뉴스1유튜브나 화상회의 앱, SNS을 이용한 명절 인사도 이어지고 있다. 민주당은 유튜브 '델리민주'에 이낙연 대표 및 김태년 원내대표와 세배 주고받기 콘셉트로 영상을 올려 국민들에게 인사를 전했다. 국민의힘도 유튜브 '오른소리'를 통해 김종인 비상대책위원장의 새해 인사 영상을 공개했다. 김희국(경북 군위·의성·청송·영덕) 국민의힘 의원은 ""작년에는 다수 사람들과 인사하는 것이 가능했지만 지금은 거리두기라든지 4인 이상 만나는 건 금지되니까 아무래도 오프라인보다는 온라인으로 하는 것이 많다""고 전했다.김 의원은 ""유권자들도 자칫하면 감염이 전파될 수 있기 때문에 오프라인 만남을 원치 않는다""면서 ""SNS로 하면 수십만 유권자가 다 볼 수 있어서 주로 그렇게 하고 있다""고 했다"
"동영상 뉴스[앵커]사회적 거리 두기 단계 완화에 따라 정부 여당의 4차 재난지원금 논의에도 더욱 속도가 붙을 전망입니다.다만, 정부의 선별 지원 의지가 여전히 완고한 만큼, 전 국민 지원도 함께 진행할지를 두고는 당정 간 신경전이 이어질 것으로 보입니다.송재인 기자의 보도입니다.[기자]두 달 만에 나온 거리 두기 완화 조치였지만 야당은 물론이고 여당조차 미흡함을 지적했습니다.국민의힘은 정부 방역 대책에 원칙이 없다는 점을 꼽았고,[윤희석  국민의힘 대변인 : 정부가 해야 할 일은 눈치 보며 우왕좌왕하는 융통성 없는 거리 두기 조정이 아닙니다.]민주당은 이 정도론 자영업자들의 피해를 달래기에 부족한 걸 안다고 인정했습니다.[강선우  더불어민주당 대변인 : 소상공인 자영업자 여러분께서 지금도 겪고 계실 뼈를 깎는 고통을 해소하기엔 충분치 못한 조치일 것이기 때문입니다.]그만큼 코로나19 피해 지원을 위한 4차 재난지원금 논의에 더욱 속도가 붙을 수밖에 없습니다.영업제한 조치 완화에도 노래방과 헬스장 등 자영업자들의 반발은 여전히 터져 나오고 있기 때문입니다.다만 당정 간 이견이 없는 피해 업종 및 계층 중심의 선별 지원 논의는 속도가 붙을 전망이지만 전 국민 지원 논의는 상황이 다릅니다.민주당은 일단 이번 거리 두기 완화에 발맞춰 선별과 보편 지원을 동시에 협의하자며 기획재정부를 압박할 가능성이 큽니다.방역 상황이 일부 개선된 만큼, 소비 진작이라는 명분도 커졌기 때문입니다.[이낙연  더불어민주당 대표 (지난 8일, YTN 뉴스) : 코로나 추이가 안정된다면 경기 진작을 위해서 좀 더 많은 국민께 드리는 것도 우리가 검토해야 할 텐데….]하지만 기획재정부의 선별 지원 고수 의지를 꺾기가 쉽지 않습니다.[홍남기  경제부총리 (지난 10일) : 더 두텁게 지원하고 사각지대를 보강 지원하는 방안을 검토 중에 있습니다.]당정이 추경 조기 편성에 합의하며 4차 재난지원금 논의의 물꼬를 터놓긴 했지만,지급 방식을 두곤 이견이 여전한 만큼 설 연휴 이후 본격적인 논의 과정에서도 신경전이 불거질 것으로 보입니다.YTN 송재인"
"'이낙연 대세론'으로 굳어져 있던 호남 민심이 최근 심상찮다. 지난 2020년 7월 30일 경기도청에서 만나 대화하는 이낙연 더불어민주당 의원(오른쪽)과 이재명 경기도지사 이새롬 기자내년 20대 대선이 14개월 앞으로 다가왔다. 설 연휴 기간 밥상머리에 올라올 화두는 단연 '차기 대통령감'이다. 많은 이들이 연휴를 맞이해 바쁜 일상에서 벗어나 휴식을 취하면서 어떤 인물이 대통령으로서 경쟁력을 갖췄는지 곱씹어볼 시간이다. 역대 대선에서 '호남'과 '경남'은 각각 민주 계열 정당, 보수 계열 정당 대선후보가 가장 먼저 깃발을 꽂아야 할 본진이다. 그런데 최근 호남과 경남 모두에서 한 주자가 독주하고 있다. 일시적인 현상일까? 대세가 기운 것일까. 설 연휴를 앞두고 차기 대권주자에 대한 정치권, 바닥민심을 들여다봤다. <편집자 주>민주당 '심장부' 호남, '정권 재창출'이 최우선 목표[더팩트ㅣ박숙현 기자] 호남은 더불어민주당의 뿌리다. 1960년대 급속한 경제성장 속에서 호남지역 소외에 대한 불만이 커지면서 호남 출신 대권주자에 대한 적극적인 지지가 형성됐고, 1980년 5·18광주 민주화운동 이후 정치권 쏠림 현상은 심화했다. 시대가 바뀌어 지역감정은 희미했지만 여전히 민주 계열 정당 대권후보가 되려면 호남 민심을 사로잡아야 한다는 점은 자명하다. 수도권 인구 중 호남 출신이 상당수를 차지해 호남을 품으면 수도권도 겨냥할 수 있다는 게 선거의 정석이다. 문재인 대통령이 후보 시절 '호남 홀대론' 비판에도 집요하게 구애에 나섰던 이유다. 김대중과 노무현, 문재인을 택한 호남 민심의 다음 종착지는 어디일지 이목이 집중되고 있다.이재명 지사 지지율이 오르면서 정치권도 유력 대권주자 중심으로 재편되고 있다. 지난달 28일 5·18 국립묘지에서 홀로 참배하고 있는 이 지사. 뉴시스=광주시민 제보◆대권주자 '호남 구애' 경쟁 시작됐다...흔들리는 지형호남에서 대권 지형이 요동치고 있다. 이재명 경기도지사와 양강구도로 경쟁하던 이낙연 민주당 대표 지지율이 뒤처졌다는 각종 여론조사 결과가 나오면서다. 호남 지역 대권주자 선호도는 지난해 12월부터 서서히 흔들리다 새해 벽두 이 대표의 '전직 대통령 사면론'과 맞물리면서 급격히 달라지는 흐름을 보인다.한국갤럽(표본오차 ±3.1%포인트에 95% 신뢰수준, 자세한 내용은 중앙선거여론조사심의위원회 누리집 참조) 2020년 12월 1주 차 여론조사에서 이 지사가 처음으로 호남 지역 차기 대권주자 선호도 선두에 올랐다. 이 지사가 27%, 이 대표가 26%로 오차범위 내 접전이었다. 그러나 이 대표가 '사면론'을 제안한 이후인 1월 2주 차 여론조사에선 이 지사 지지율이 28%, 이 대표 지지율이 21%로 나타나며 격차가 벌어졌다. 이어 2월 1주 차에는 이 지사가 32%, 이 대표가 29%로 이 대표가 다시 회복세를 보이고 있다. 이 대표와 가까운 민주당 호남지역 의원은 ""사면 발언 이후 이 대표에 대한 지지도가 많이 빠졌는데 '더 이상 언급하지 않겠다'는 분명한 입장 정리 이후에 다시 눈에 띄게 지지율을 회복하고 있다. 그 이전에 한창 좋았을 때보다는 못하지만 시간이 갈수록 점진적으로 회복할 것으로 보고 있다""며 ""큰 흐름은 이 대표가 호남에서 여전히 대세를 형성하고 있다. 조직도 탄탄하게 구축하고 있다""고 했다.흔들리는 지형 속에서 대권주자들은 너도나도 '호남' 구애 행보를 보이고 있다.우선 이 지사는 지난해 11월 5·18광주 민주화운동 관련 단체를 수원 경기도지사 공관으로 초대해 도내 거주하는 광주민주화운동 관련자와 유족에게 생활지원금 지급을 약속했고, 현재 월 10만 원 생활지원금과 100만 원 장제비를 지원하고 있다. 그는 지난달 19일에는 '뉴스7 광주전남'에도 출연해 ""호남 여러분들이 매우 공리적 판단을, 또 전국적 판단을 매우 잘하고 대한민국의 민주주의 세력들 방향을 정해 오셨기 때문에 결국은 호남이 정하는 대로 대체로 결정 나는 것 같다""며 지지를 호소했다.이어 지난달 28일과 29일 이틀간 인공지능헬스케어 사업 관련 협약식 참석을 위해 호남을 다시 다녀갔다. 하루 전 광주에 도착해 5·18 묘지에 참배하기도 했다. 호남지역 공식 일정은 당분간 없을 것으로 보인다. 이 지사 측 관계자는 ""지난달 광주 방문은 공식 일정 때문이었고 현재는 계획된 게 없다. 정치 환경상 필요한 행보는 주말에 비공식으로 하기도 하는데 코로나19 정국이고 도정에 전념해야 해서 아직 공식화된 (호남 대권행보) 일정은 없다""고 전했다.이 대표는 '전직 대통령 사면론'을 주장해 호남 민심 이탈로 혹독한 재검증을 받고 있다. 지난 1월 18일 5·18민주묘지에서 오월영령을 참배한 뒤 취재진 질문에 답하고 있는 이 대표. 뉴시스이에 뒤질세라 이 대표도 호남을 올해 들어서만 세 차례 찾았다. '전직 대통령 사면론'으로 호남 지역 민심 이탈이 거세지자 지난달 18일 5·18민주묘지를 찾았고, 지난 6일 민주화 운동가인 고 강신석 목사 장례식장 조문을 위해 다시 광주에 내려왔다. 또 설 연휴를 앞두고 지난 10일 자신이 이달 초 교섭단체 대표연설에서 밝힌 신복지체계 구상 등 주요 정책 관련 광주전남 지역 현장을 찾았다.대권잠룡인 정세균 국무총리도 지난 10일 광주시청에서 신종 코로나바이러스 감염증(코로나19) 대응 중앙재난안전대책본부 회의를 주재하고, 광주 전통시장과 '광주형 일자리' 상징인 광주글로벌모터스 공장을 방문했다.대권주자의 이 같은 행보에 정치권도 급속도로 재편되는 모양새다. 여의도 정치권에선 최근 호남에 지역구를 둔 민형배 의원이 이 지사 공개 지지를 선언하며 파장을 일으켰다. 민 의원은 <더팩트>와 통화에서 ""제가 보기엔 진작부터 분위기가 심상치 않았다. 저와 만나는 분들은 이 지사 지지자가 많다""며 ""지지라는 게 늘 상대적이다. 같은 고향이고 총리 때 잘해서 이 대표를 지지하다가 사면론 이후 이 지사 쪽으로 기운 것 같다. 또 이 지사의 추진력, 시민친화형 모습 때문에 지지율이 오른 것 같다""고 했다.민 의원에 이어 노관규 전 전남 순천시장(무소속)도 최근 이 지사 공개 지지를 선언했다. 노 전 시장은 SNS에 올린 글에서 ""여러 동지님께서 이 지사님을 도와 당선시켜드린다면 그분이 제가 이루지 못한 꿈까지 더해 상식이 통하는 세상을 만들고도 남음이 있을 것""이라며 ""저는 혼신의 노력을 다해 이 지사님을 도와 상식이 통하는 세상과 나라 만드는 일에 앞장서고자 한다""고 밝혔다.지역 정가에서도 대권주자 지지모임이 잇따라 출범하며 물밑 경쟁이 치열해지고 있다. 이 지사 지지 모임인 '기본국가로 호남희망 포럼'은 지난달 16일 온라인 발대식을 열었다. 지난해 3월 광주전남 시민행동으로 출범해 7000여 명 회원들이 참여하고 있다. 이어 '희망사다리 포럼'도 지난달 26일 창립총회를 열고 출범했다. 회비를 납부한 200명 운영위원으로 구성하고 향후 조직을 확대해나갈 예정이다. '기본소득 국민운동본부'도 지난달 광주·전남본부, 전북본부를 출범시켰다. 이 지사는 정동영 전 의원 지지 그룹인 '정동영과 통하는 사람들'과도 접촉하고 있다고 한다. 이 지사는 정 전 의원 팬클럽 회장 출신으로, 지난 2007년 대통합민주신당(민주당 전신) 대선 경선 과정에서 '정동영계'로 활동한 바 있다.이 대표의 호남 지역 조직 움직임도 활발하다. 지난해 12월 창립한 '호남미래발전포럼'이 설 연휴 이후 본격 출범한다. 광주 시의원 등 지역 정치인들이 중심이 된 모임이다. 정 총리 지지모임인 '우정광주포럼'도 다음 달 중순께 공식 출범할 것으로 알려졌다.호남에서 제3인물에 대한 열망은 아직 크지 않은 것으로 보인다. 지난해 12월 11일 전남 무안군 전남도청을 방문해 직원과 주먹 악수하는 정 국무총리. 전남도청 제공.◆'호남 출신 대통령' 기대 vs '새 인물론' 엇갈림 속 관망호남 민심이 이 지사 쪽으로 기운 분위기지만 여의도 정치권과 바닥 민심은 모두 아직 관망 중이다. 호남 정권 재창출에 어떤 인물이 더 적합할지가 지지 결정을 내리는 데 최우선 조건이라는 것이다.자신을 '회색지대'라고 표현한 호남 지역 한 민주당 의원은 ""대선 이야기를 나눠보면 (지역민들이) 정권을 다시 창출할 수 있는 후보가 누구일지에 대해 관망하고 있다. 기왕이면 다홍치마라고 호남 출신 후보가 됐으면 좋겠다는 생각도 있지만, 꼭 호남 출신이라기보다 누가 이길 후보인가, 정권 창출을 할 수 있는 후보인가에 관심을 두는 것 같다""고 말했다.이어 최근 이 대표의 호남 지역 지지율 하락에 대해선 ""(지역민들과) 말씀 나누다 보면 두 가지 마음이 있다고 본다. 어쨌든 본선에서 이길 후보가 돼야 하니까 경쟁력을 키워야 한다는 생각에 이 대표에 대해 채찍질을 한 것이다. 또 호남이 정권 창출에서 항상 중요한 역할을 했다는 평가를 받다 보니 그런 것에서 오는 일종의 책임감도 있는 것 같다. 그래서 이길 수 있는 후보를 조련하는 역할을 하는 게 아닌가하는 생각도 든다""고 했다.여권 두 유력 대권주자에 대해선 ""안정적인 차원에서는 이 대표에 점수를 주고 있는 것 같다. 그런데 광주가 새로운 시대 정신을 요구하는 측면도 있어서 지금 상황을 돌파해나가고 이후 강력하게 개혁을 추진할 수 있는 인물도 필요한 것 아니냐는 생각, 두 갈래로 갈리는 것 같다""고 했다. 그러면서 ""두 사람 모두 우리 당의 소중한 자산들이니 과정을 거쳐 좋은 경쟁력을 갖춘 후보가 등장하길 기대한다""고 했다.호남향우회는 지역 향우회 중 최대 규모를 자랑하며 조직력도 탄탄하다. 정치권에선 호남향우회 마음을 얻어야 당선된다는 말이 있다.호남지역 바닥 민심을 묻자 호남향우회전국연합중앙회 관계자는 ""안 그래도 일주일에 서너 번씩은 물어보러 온다. 하지만 우리가 지금 어느 쪽에 손을 들어줄지 생각하지 않고 있다""고 말문을 열었다.그러면서 올해 하반기에 들어서야 지역 민심이 잡힐 것이라고 관측했다. 그는 ""고향에 내려가서 선배나 후배들 이야기를 들어보면 이 지사가 코로나19 돈 나눠주는 것(기본소득) 때문에 인기를 끌고 있는 부분이 있어서 지사직을 관두고 나온다면 인기도 가라앉을 수 있다고 말한다. 그래서 이 지사가 꼭 된다는 보장도 없는 것 같다""고 했다. 이어 ""이 지사가 지금 어느 정도 올라섰다고 하지만 아직 허수다. 이 대표가 말 한마디 잘못해서 엎어진 것처럼 이 지사도 하루아침에 바뀔 수도 있다. 그런 변수는 많다. 한 7~8월쯤 돼야 호남 지역 분위기가 나오지 않을까 한다""고 보았다.4월 재보궐선거와 5월 예상되는 당대표 선거가 끝나면 본격적인 차기 대권 레이스가 시작된다. 호남 민심이 어느 쪽으로 안착할지 향배가 주목된다"
"이낙연·이재명·윤석열 <연합뉴스TV 제공>    차기 대선주자 지지도에서 이재명 경기도지사가 더불어민주당 이낙연 대표와 윤석열 검찰총장을 두 배 이상 격차로 앞선다는 여론조사 결과가 나왔다.입소스가 SBS 의뢰로 지난 6∼9일 전국 만 18세 이상 1002명을 대상으로 차기 대선주자 중 누구를 지지하는지 물었다.조사 결과 이 지사가 28.6%를 기록한 가운데 이 대표 13.7%, 윤 총장은 13.5%로 각각 집계됐다.이 지사는 40대(42.2%)와 진보성향(41.7%)에서 높은 지지를 받았다. 더불어민주당 지지층에서도 42.8%의 지지를 얻어 이 대표(27.9%)를 앞섰다.다만 광주·전라 지역에서는 이 대표가 36.5%로 이 지사(30.0%)에 앞섰다.바람직한 차기 대선 결과에 관한 질문에는 여당의 정권 재창출(45.5%), 야당으로의 정권교체(46.0%)가 팽팽하게 맞섰다.정당 지지율은 더불어민주당이 38.5%, 국민의힘이 20.8%, 국민의당 6.1%, 정의당 5.3%, 열린민주당 4.5% 순이었다.이 조사의 오차범위는 95% 신뢰수준에 ±3.1%포인트다. 자세한 내용은 중앙선거여론조사심의위원회 홈페이지를 참조하면 된다. 김동준기자"
"4·7 서울시장 보궐선거에 출마한 우상호 더불어민주당 의원은 고 박원순 전 서울시장을 향해 ""롤모델""이라며 남다른 감정을 드러냈다가 도마에 올랐다. 당장 야당은 이번 보궐선거가 박 전 시장의 성비위 사건에 따라 치러진다는 점을 부각하고 나섰다. 남용희 기자·국회사진취재단<더팩트> 정치팀과 사진영상기획부는 여의도 정가, 청와대를 취재한 기자들의 '방담'을 통해 한 주간 이슈를 둘러싼 뒷이야기와 정치권 속마음을 다루는 [주간 정담(政談)] 코너를 진행합니다. 주간 정담은 현장에서 발품을 파는 취재 기자들이 전하는 생생한 취재 후기입니다. 지금부터 시작합니다. <편집자 주>김은경 '환경부 블랙리스트' 실형…곤혹스러운 당·청[더팩트｜정리=문혜현 기자] -민족 대명절 '설날' 연휴가 계속되고 있습니다. 연휴가 끝나면 정치권 보궐선거 열기는 더해질 것으로 보이는데요. 여야 후보들이 앞다퉈 민생 행보에 나서고 있습니다. 우상호 더불어민주당 경선 후보가 고 박원순 전 서울시장을 향해 ""제 목숨이 다하는 순간까지도 나의 동지""라며 절절한(?) 고백을 해 여론의 도마에 올랐습니다. 이낙연 민주당 대표는 지난달 27일 국가인권위원회가 박 전 시장의 성희롱 인정에 사과까지 한 상황에서 우 후보의 이번 발언이 보궐선거에 영향을 미칠 가능성도 있어 보입니다.-청와대에선 김은경 전 환경부 장관의 '환경부 블랙리스트' 실형 선고에 당혹스러운 분위기인데요. 문재인 정부 도덕성에 치명타가 있을지 지켜봐야 할 듯합니다. 민주당은 최근 '징벌적 손해배상제' 대상에 언론과 포털을 포함시키는 법안을 추진 중인데요, 자칫 언론의 자유를 침해하진 않을지 우려의 목소리가 나오고 있습니다. 야권 서울시장 후보들 사이에선 허경영 국가혁명당 대표가 떠올랐습니다. 나경원 전 의원에 '나경영'이란 별칭이 붙은 이유는 무엇일까요? 먼저 박 전 시장을 예찬한 우 후보 이야기부터 들어보시죠.서울시장 보궐선거에 출마한 더불어민주당 우상호 예비후보는 지난 10일 고 박원순 전 시장을 향해 ""박원순은 제 목숨이 다하는 순간까지도 나의 동지""라고 말해 2차 가해 논란이 일고 있다. 지난 9일 '더청년과 함께하는 정책소통' 간담회에 참석한 우 예비후보. 국회사진취재단◆""내 목숨 다하는 순간까지 동지"" 우상호의 민망한 박원순 예찬론-여권 서울시장 후보들 중 우상호 후보가 연일 화제가 되고 있네요.-그렇습니다. 우 후보가 지난 10일 서울시 직원 성추행으로 극단적 선택을 한 고 박원순 전 서울시장을 향한 '예찬 편지'를 공개했기 때문입니다. 우 후보는 박 전 시장 생일을 맞아 SNS에 글을 올려 ""이 글을 쓰는 지금 이 순간 앞으로 남은 시간들까지 박원순은 제 목숨이 다하는 순간까지도 나의 동지""라고 밝혔습니다. 그는 ""박원순이 우상호고, 우상호가 박원순이라는 마음가짐""이라는 표현까지 쓰며 각별한 마음을 드러냈습니다.-하지만 이를 접한 취재진과 당 내부에선 박 전 시장 성추행 의혹으로 치르는 서울시장 선거에 나선 후보로서 부적절한 언행이라는 비판이 나왔습니다. 특히 우 후보가 ""(박 시장이) 얼마나 힘드셨을까! 어떻게 견디셨을까!""라고 한 대목에선 피해자에 대한 2차 가해 우려가 있다는 지적입니다. 당사자인 피해자 A 씨도 우 후보의 글로 고통을 받고 있다고 토로했습니다.-A 씨는 10일 입장문에서 ""유족에 대한 의원님의 공감이 피해자인 저와 제 가족에게는 가슴을 짓누르는 폭력""이라며 ""우 의원님의 글 덕분에 피해자인 저와 제 가족들은 다시금 가슴을 뜯으며 명절을 맞이하게 됐다. 의원님께서 이를 악물고 계시다니 일터로 영영 돌아오지 말라는 말로 들려 막막하기만 하다""고 밝혔습니다. 야당에서도 서울시장 경선에 출마한 나경원 전 의원, 조은희 서울시장 예비후보 등이 ""피해자에 대한 2차 가해""라며 우 후보의 사퇴를 요구하고 있습니다.-우 후보도 반응을 예상 못 했을 리 없는데 왜 이 시점에 이런 글을 올린 걸까요?-표면적으로는 '박원순 성추행 무고'에 대한 일종의 커밍아웃을 한 게 아닌가 생각됩니다. 국가인권위원회에서 박 전 시장 성추행을 인정하고 당에서도 공식적으로 사과했지만, 개인적으로는 성추행이라고 보기 어렵다고 판단해 소신을 밝혔다는 해석입니다. 두 번째는 각종 여론조사에서 경쟁자인 박영선 전 중소벤처기업부 장관에 밀리자 당내 박 전 시장 지지층에 호소하는 전략의 일환이라는 분석이 나옵니다. 다만 취재진 사이에선 ""급하긴 진짜 급했나 보다""라는 평가가 지배적입니다.-실제로 우 후보가 페이스북에 해당 글을 올리자 댓글에는 ""우 의원이 많은 용기를 내어 주신 점 감사하다. 가끔은 비판이 예상되더라도 진정성을 믿고 나아가는 것이 필요할 때다. 그것이 박원순이 약자와 낮은 곳을 보듬어 온 것에 대한 예의"", ""공격당할 걸 알았을 텐데도 이런 글을 올리시다니 놀랍다. 저도 같은 마음이고 경선 응원한다"" 등 긍정적인 댓글이 있습니다. 하지만 다수는 ""이 글은 일기장에 적으시라"", ""이런 글을 올리면서 국민 혈세 들여 치르는 보궐선거에 민주당 대표로 나오겠다는 건가"" 등 반응이 싸늘합니다.-우 후보는 최근 '새천년NHK 사건'에 대해 사과로 봉합한 지 하루 만에 또 논란의 정점에 섰네요.-네. '새천년NHK 사건'은 지난 2000년 5·18 전야제 당시 우 후보를 비롯한 송영길·김민석 민주당 의원 86 정치인들이 광주 새천년NHK라는 유흥주점에서 접대부들과 함께 술판을 벌인 사건으로, 임수경 전 의원이 이들의 술자리를 목격해서 한 온라인 커뮤니티에 올려 논란이 됐고 지난 9일 이언주 전 의원이 언급하면서 재조명받게 됐습니다. 우 후보가 ""제 인생에서 가장 후회하고 있는 일""이라며 바짝 엎드려 논란은 가라앉는 듯했지만, 이번 편지로 'NHK 사건' 파장도 더 커지고 있습니다.-우 후보가 원래 박 전 시장과 가까운 사이였나요?-우 후보는 2011년 보궐선거 당시 범야권 후보였던 박 전 시장 캠프에서 공동 대변인을 맡은 적이 있습니다. 하지만 그는 '박원순계'로 분류되는 것을 원치 않아 했습니다. 실제로 이후 박 전 시장과 함께 하는 정치 행보는 보이지 않습니다. 지난 2018년 서울시장 후보 경선 때는 박 전 시장을 날카롭게 공격하기도 했습니다. 당시 한 언론 인터뷰에서 우 후보는 ""박 시장은 시민단체의 시장님이지 민주당의 시장님은 아니다""라고도 했습니다. 박 전 시장이 시민단체 출신들만 기용하는 문제점이 있다고 지적한 건데요. 경쟁자를 의식한 발언이었다고 해도 이번 편지에서 '동지' '롤모델'이라고 표현한 것과 상당히 대조적입니다. '표를 얻기 위해 감성팔이 하는 것 아니냐'는 씁쓸한 평가가 나옵니다.'환경부 블랙리스트' 관여 의혹을 받는 김은경 전 환경부 장관의 실형으로 청와대와 민주당은 당혹감을 드러내고 있다. 지난해 6월 공판에 출석하는 김 전 장관. 이새롬 기자◆靑, '환경부 블랙리스트' 김은경 전 장관 '실형·구속'에 충격-문재인 정부 초대 환경부 장관이죠. 김은경 전 장관이 '환경부 블랙리스트' 사건으로 1심에서 실형을 선고받았습니다. 문재인 정부 장관 중 첫 실형인데, 청와대 반응이 궁금하네요.-네, 김 전 장관은 지난 9일 직권남용, 권리행사방해 혐의 등으로 징역 2년 6개월의 실형을 받았습니다. 재판부는 ""김 전 장관이 (혐의를) 일체 부인하며 명백한 사실도 다르게 진술하는 등 증거인멸의 우려가 있다""고 판단된다면서 법정 구속을 하기도 했습니다.-블랙리스트가 있었고, 환경부 산하 공공기관 임원들에게 사표를 제출하도록 강요한 혐의를 인정한 것인데요, 그간 ""블랙리스트가 아니라 체크리스트""라는 청와대 해명과 배치되는 판결입니다. 하지만 청와대 측은 ""원칙적으로 재판 중인 사안에 대해 언급하지 않는다""며 ""구체적인 판결내용을 확인한 후 필요하면 입장을 밝히겠다""고 말을 아꼈습니다.-여당 쪽 반응은 어땠죠?-신영대 더불어민주당 대변인은 ""검찰의 선택적 기소와 법원의 판결에 아쉬움이 남는다""라며 ""향후 항소 절차가 남아있는 만큼 최종 결과를 지켜보겠다""고 했습니다. 청와대도 공식적인 언급은 삼갔지만, 여당과 같은 입장일 것으로 보입니다. 문재인 정권의 도덕성에 치명상을 입을 수 있는 사안인 만큼 당·청도 곤혹스러운 분위기입니다.-김 전 장관은 항소했나요?-그렇습니다. 1심 선고가 나온 당일 곧바로 항소했는데요, 함께 기소돼 징역 1년 6개월에 집행유예 3년을 선고받은 신미숙 전 청와대 균형인사비서관은 이날 항소장을 제출하지는 않았습니다. 이들 외에도 여러 비리 의혹으로 검찰 수사를 받거나, 기소된 청와대 출신, 장관급 인사들이 더 있는데요. 추가로 실형을 받는 이들이 나온다면 문재인 대통령 임기 말 레임덕이 가속화될 것이라는 전망도 나오고 있습니다.더불어민주당은 언론과 포털을 '징벌적 손해배상제' 대상에 포함시키는 입법을 추진하고 있다. 야당은 ""언론 탄압""이라며 비판했다. 지난 10일 최고위원회의에서 발언하는 이 대표. 남윤호 기자◆與, 언론개혁 박차에 표현의 자유 위축 우려도-더불어민주당이 언론과 포털도 징벌적 손해배상제 대상에 포함하기로 했습니다. 이달 중 언론개혁 관련 법안을 처리하겠다는 계획인데요. 입법화될지 관심이 쏠립니다.-그렇습니다. 민주당의 의지는 확고한 듯합니다. 이낙연 대표는 10일 최고위원회의에서 ""언론개혁 법안들은 피해자를 구제하기 위한 미디어민생법이자, 국민의 권리와 명예, 사회의 신뢰와 안정을 보호하는 최소한의 장치""라며 입법에 속도를 내달라고 주문했습니다.-야당은 '언론 탄압'이라며 반발하고 있는데요, 김종인 국민의힘 비상대책위원장은 9일 ""형벌을 가하고 재산상 피해를 줘 언론 위축을 시도하는 것 같다""면서 ""왜 그렇게 조급한지 납득이 되지 않는다""고 지적했습니다. 다만, 민주당이 범여권을 포함해 과반 이상 의석을 차지하고 있는 만큼 야당이 입법을 저지할 가능성은 작습니다.-민주당이 징벌적 손해배상에 언론을 포함하는 배경은 무엇인가요.-가짜뉴스, 즉 허위정보를 척결하겠다는 의지가 반영된 것으로 보입니다. 민주당 미디어·언론상생태스크포스(TF) 단장인 노웅래 의원은 지난 9일 ""2019년 언론중재위원회 통계를 보면 손해배상 소송에서 언론이 패소한 경우는 3분의 1 수준에 불과하다. 그나마 패소한 93건 중 절반이 넘는 54%가 배상금 500만 원 이하에 그쳤다""며 ""배상금 수준이 턱없이 낮다 보니 일부 언론이 이를 악용해서 허위 왜곡보도를 멈추지 않고 있는 것""이라고 말했습니다. 또 ""지금 추진하는 징벌손해배상은 현행 형법 307조 2항 허위사실 적시로 인한 명예훼손 규정 그대로에다가, 고의와 중과실이 입증되는 경우로만 국한해서 적용하겠다는 것""이라고 강조했습니다.-악의적인 가짜뉴스는 반드시 근절해야 합니다. 또한 사실 전달이 아닌, 왜곡보도도 마찬가지입니다. 언론의 신뢰가 추락하고 있어 안타깝습니다. '기레기'라는 말이 꼬리표처럼 붙어 다니죠. 취지에는 공감합니다만, 언론의 기능이 제대로 작동될지 모르겠습니다.-그렇습니다. 언론은 권력기관을 감시하고 비판하는 기능도 수행하고 있습니다. 그런데 징벌적 손해배상액이 커지면 보다 위축되는 것이 아니냐는 우려도 나옵니다. 오히려 권력이 있는 자들과 기업 등에 악용될 수도 있다는 관측입니다. 아울러 자칫 헌법이 보장하는 '표현의 자유'를 침해할 수도 있다는 시각도 있습니다.-언론인들은 부정적일 수밖에 없을 것 같은데요.-아무래도 우려의 목소리가 많이 들립니다. 첫째는 과연 가짜뉴스, 허위보도를 누가 판단하는지 의문이고, 가짜뉴스로 인한 피해자를 어떻게 특정할 수 있느냐며 자칫 억울할 일이 생길 수도 있을 것 같다는 말이 나옵니다. ""데스크가 다소 악의적으로 제목을 바꾸면 어떡하냐""는 우스갯소리도 나왔어요. 반대로 ""본인이 가짜뉴스를 쓰지 않는데, 뭐가 문제가 되나""라며 옹호하는 견해도 있습니다. 대체로 가짜뉴스를 뿌리 뽑자는 대원칙에는 공감하지만, 신중하고 세밀하게 접근해야 한다는 의견이 공통적이었습니다나 전 의원이 내놓은 '청년·신혼부부 1억1700만 원 지원' 공약에 '허경영이냐'는 비판이 이어지고 있다. 지난 10일 남대문 시장을 방문한 나 전 의원. 국회사진취재단◆선거판에 등장한 '허경영' 바람…""부르는 게 값?""-서울시장 재보궐 선거를 앞두고 후보들은 치열한 정책 경쟁을 벌이고 있죠. 느닷없이 국가혁명당 허경영 대표가 언급됐다고요?-네, 맞습니다. 허 대표는 서울시장 선거에 출마한 예비후보이기도 한데요. 허 대표는 지난 대선 등 선거 국면에서 '결혼하면 1억' 등 현금성 공약을 내밀어 자주 화제가 됐습니다. 때문에 정치권에서 대가성·현금성 공약을 내놓은 후보들을 비방하려는 목적으로 '허경영이냐'란 말을 하기도 했는데요.-국민의힘 예비후보로 출마를 선언한 나경원 전 의원이 청년·신혼부부에게 1억 1700만원의 이자 혜택을 주겠다고 선언하자 당내 경쟁자인 오신환 후보 등이 '나경영'(나경원+허경영)이라는 비판을 던졌습니다. 나 전 의원은 이를 두고 ""미래세대를 위해서라면 나경영이 돼도 좋다고 생각한다""고 반박했고요.-나 전 의원은 지난 9일 CBS 라디오 '김현정의 뉴스쇼'와의 인터뷰에서 ""토지임대부 주택을 구입하는 청년과 신혼부부에게 이자지원 혜택을 주겠다는 것""이라며 ""청년이 그 주택에 들어가서 살다가 결혼하고 아이까지 출산하면 최대 이자지원 합계액이 1억1700만 원""이라고 설명했습니다.-'돈을 준다고 출산하는 것이 아니다'라고 비판한 박영선 민주당 예비후보를 향해선 ""행복해야 한다. 그런데 거기에 대해 '하우'(How)를 제시해야 하는 것 아니냐""며 ""그런 말은 안 하고 행복 운운하니까, 아름다운 레토릭을 말하기에 달나라 시장인가 했다""고 맞섰고요.-나 전 의원을 향한 비판은 소속 정당인 국민의힘에서도 나왔는데요. 원희룡 제주지사는 ""전부 서울 가서 애 낳자는 건가""라고 꼬집었습니다. 지난 10일 원 지사는 CBS라디오 '김현정의 뉴스쇼' 와의 인터뷰에서 ""'현금 줘서 어떤 정책을 해결하겠다'는 건 말은 쉽지만 결국 다 국민 세금에서 나오는 돈인데 다른 무엇이 차질이 생기는지 봐야 한다'""고 지적했습니다. 나 전 의원과 원 지사는 서울대 법대 82학번 동기이기도 하다네요.-원 지사는 ""(돈을) 준다 안 준다 그러면 외국인 이주자들을 포함해 전부 서울로 이사가서 애 낳게요?""라며 비꼬기도 했습니다.-나 전 의원을 향한 여야 정치권의 비판이 거세지는 가운데 이미 '본인등판'은 이뤄졌는데요. 허 대표가 지난 9일 나 전 의원을 향해 ""내 공약으로 급조해서 허술하다""고 훈수를 뒀습니다. 허 대표는 세계일보와의 전화 인터뷰에서 ""청년들에게 도움이 되려면 결혼하는 즉시 일시불로 1억원을 줘야 한다""고 주장했습니다.-그는 나 후보가 제안한 9년 간 '1억17000만원'을 ""푼돈""이라고 지적하며 ""결혼할 때 도움 안 된다. 지금도 국가에서 출산수당이라고 조금씩 몇년에 걸쳐서 애들 분유값을 주는 게 있는데 무슨 출산에 도움되나. 청년이나 국민들한테 설득력이 없다""고 했습니다.-현금 지원과 같은 복지 정책은 특히 저출생·주거 복지 분야에서 후보 공약으로 나오기도 하지만 재원 마련이나 실효성에 대한 많은 논란이 있는 게 사실입니다. 오히려 복지 사각지대를 넓힐 수 있다는 지적도 있고요.-하지만 그만큼 저출생 문제가 심각하다는 반증이 아니냐는 의견도 있습니다. 지난 5일 정부 발표에 따르면 지난해 우리나라 합계출산율은 0.9명 미만으로 역대 최고치를 기록할 것으로 전망됐는데요. 결국 재정지원 뿐 아니라 저출생 문제를 고민하는 후보들의 태도와 자세가 중요하다는 목소리가 나옵니다. 선거 공약은 ""부르는 게 값""인 경매가 아니니까요.◆방담 참석 기자 = 이철영 팀장, 허주열 기자, 신진환 기자, 박숙현 기자, 문혜현 기자(이상 정치팀), 장우성 정치사회 에디터, 임영무 기자, 배정한 기자, 이새롬 기자, 남윤호 기자, 이선화 기자, 임세준 기자(이상 사진영상기획부)"
"이재명 경기지사가 차기 대선주권 지지도에서 더불어민주당 이낙연 대표와 윤석열 검찰총장에 모두 두 배 이상 격차로 앞선다는 여론조사 결과가 13일 나왔다.입소스가 SBS 의뢰로 지난 6∼9일 전국 만 18세 이상 1002명을 대상으로 차기 대선주자 중 누구를 지지하는지 물은 결과 이재명 지사라는 응답이 가장 높은 28.6%를 기록했다. 그다음 이낙연 대표(13.7%), 윤석열 총장(13.5%) 순이었다.윤석열(왼쪽) 검찰총장과 이재명(가운데) 경기도지사, 민주당 이낙연 대표연합뉴스이재명 지사는 특히 40대(42.2%), 진보성향(41.7%)에서 높은 지지를 받았다. 더불어민주당 지지층에서도 42.8%의 지지를 얻어 이 대표(27.9%)에 앞섰다.광주·전라 지역에서는 이낙연 대표가 36.5%로 이 지사(30.0%)에 앞섰다.정당 지지율은 더불어민주당이 38.5%, 국민의힘이 20.8%였다. 이어 국민의당 6.1%, 정의당 5.3%, 열린민주당 4.5% 순이었다. 이 조사의 오차범위는 95% 신뢰수준에 ±3.1%포인트다. 자세한 내용은 중앙선거여론조사심의위원회 홈페이지를 참조하면 된다.한편, 앞서 조원씨앤아이가 시사저널 의뢰로 지난 2~3일 전국 만 18세 이상 남녀 1011명을 대상으로 진행한 차기대선후보 적합도 조사에서는 윤석열 총장이 28.3%를 기록하며 이재명 지사(26.6%)를 1.7%포인트 앞섰다. 이낙연 대표는 14.8%로 집계됐다.[허지윤 기자"
"[경향신문] 지난 10일 오전 부산 연제구 부산시청 앞에서 더불어민주당 부산시장 보궐선거 후보들이 명절 인사를 하고 있다. 왼쪽부터 변성완, 박인영, 김영춘 후보. 변성완 부산시장 후보 사회관계망서비스 제공‘대세 유지냐, 공약으로 역전이냐’. 부산시장 보궐선거가 설 연휴를 기점으로 새로운 국면에 접어들고 있다. 여론조사 지지율이 앞서고 있는 국민의힘은 이언주, 박민식, 박성훈 후보가 모여 ‘반 박형준 연합’을 구성할 조짐을 보인다. 여론조사 지지율 1위인 당내 박형준 후보에 맞설 단일 후보를 내는 것이 목표다.반면 더불어민주당 후보들은 설 연휴를 맞아 ‘가덕도 신공항’ 공약에 쐐기를 박고 있다. 민주당 후보들은 지난 10일 부산시청 앞 광장에서 ‘합동 세배식’을 열었다. 이들은 ‘부산 시민 여러분, 새해 복 가덕 가덕(가득 가득) 받으세요’라는 현수막을 걸고 가덕도 신공항을 홍보했다. 오는 26일 ‘가덕도 신공항 특별법’을 통과시킨다는 구체적인 전략도 홍보되고 있다.당내 경선구도 재편으로 관심도를 올리는 국민의힘과 주요 공약을 독점하는 민주당의 행보가 엇갈린 모양새다. 보궐선거가 50여일 앞으로 다가온 시점에서 설 연휴 각 당이 띄운 이슈 중 어느 쪽이 더 선거에 효과적일까.■‘반 박형준’ 두고 모이는 국민의힘부산시장 보궐선거에서 국민의힘은 줄곧 유리한 위치를 선점해왔다. 부산은 전통적으로 보수에 유리한 선거 지형이고, 보궐선거가 오거돈 전 부산시장의 성비위로 촉발됐기 때문이다. 오 전 시장은 민주당 후보로 23년 만에 부산에서 정권교체를 만든 인물이었다. 변화에 대한 기대가 큰 만큼 실망도 클 수밖에 없었다.지난 2월 7일 오후 부산 수영구 국민의힘 부산시당에 모인 국민의힘 부산시장 보궐선거 본경선 진출자. 왼쪽부터 박성훈, 이언주, 박민식, 박형준 후보. 연합뉴스국민의힘에 유리한 선거 구도는 일찌감치 대세 후보를 만들었다. 종편 시사토론 프로그램 등에 출연하며 인지도를 높인 박형준 후보는 지지율 조사에서 줄곧 1위를 달린다. 민주당뿐만 아니라 같은 당내에서도 ‘공공의 적’이 될 수밖에 없다. 지난 8일 박민식 국민의힘 후보는 이언주, 박성훈 후보에게 단일화를 제안하며 ▲세대교체를 통한 부산 대변화에 뜻을 모을 것 ▲젊은 국민의힘이 젊은 부산을 만들 것 ▲중도보수 몰락에 책임 있는 사람에게 책임을 물을 것 ▲정의로운 후보를 낼 것 등을 조건으로 꼽았다. 이는 박형준 후보의 문제를 지적한 것으로도 해석된다.박형준 후보는 당내 유일한 60대 후보로 가장 연장자다. 이명박 정부 시절 정무수석 등의 요직을 거쳤는데 이 시기는 ‘광범위한 사찰’ 의혹을 받고 있다. 이 후보는 지난 9일 3자 회동 직후 “국민의힘이 과거 제가 비판하곤 했던 여러 가지 부적절한 사안들 -민간인 사찰, 국정원 댓글 공작, BBK- 등 이러한 멍에로부터 자유로워져야 한다”며 “과거 정권의 핵심으로서 그 정권의 모든 책임을 떠안고 있는 후보가 나오게 되면 우리가 민주당을 심판하는 선거가 아니라 우리가 심판받는 선거가 된다”고 지적했다.하지만 문제는 본선 경쟁력이다. 코리아리서치가 MBC 의뢰로 지난 8~9일 부산에 거주하는 만 18세 이상 남녀 805명을 대상으로 조사한 결과 박형준 후보는 민주당 예비후보와 맞붙어 여유 있게 승리하는 것으로 조사됐다. 박형준 후보는 민주당 김영춘 후보와의 양자대결에서 46.3% 대 28.9%로 앞섰다. 민주당 변성완 후보와도 48.1% 대 25.5%로 앞서는 것으로 집계됐다. 반면 국민의힘 당내 지지율 2위를 기록하고 있는 이 후보는 민주당 예비후보들과 오차 범위 내에서 팽팽한 접전을 벌일 것으로 조사됐다.■‘가덕도 신공항’ 두고 모이는 민주당국민의힘이 ‘반 박형준’ 논의를 시작한 시점에 민주당은 ‘가덕도 신공항’에 공을 들이고 있다. 지난 9일 이낙연 민주당 대표는 국회에서 가덕도 신공항 관련 ‘동남권 신경제 엔진 추진전략’ 토론회를 열었다. 같은 날 김태년 원내대표는 부산을 직접 찾아 “가덕도 신공항은 노무현 전 대통령의 유업이고 민주당의 일관된 약속”이라며 “부산시민께 희망고문이 되지 않도록 오는 26일 국회 본회의에서 특별법을 책임 있게 처리하겠다”고 말했다.민주당은 이 대표가 지난달 21일과 29일 부산을 찾은데 이어 당 지도부 차원의 부산 민심 잡기 행보가 이어지고 있다. 민주당 부산시장 예비후보들 역시 당 차원의 지지를 적극 활용하고 있다. 김 후보는 “민주당이 부산시장 후보를 안 냈다면 신공항이 여기까지 오지 못했을 것”이라고 말했다. 변 후보 역시 “2월 26일 가덕도 신공항 특별법은 통과될 것이다”며 “그것은 기정사실이 되었다”고 주장했다.하지만 민주당의 ‘가덕도 신공항’ 띄우기 행보 역시 문제는 있다. 코리아리서치 조사 결과 가덕도 신공항에 대해 부산시민들의 ‘찬성’ 의견은 72.4%, ‘반대’ 의견은 19.7%로 조사됐다. 하지만 가덕도 신공항이 실제 선거에 영향을 끼칠 것인가에 대한 응답을 보면 공약의 중요성이 달라진다.같은 코리아리서치 조사에서 응답자의 47.4%는 가덕도 신공항은 보궐선거에 ‘별 영향이 없을 것이다’고 답했다. ‘집권 여당에게 유리할 것이다’는 응답은 32%에 그쳤다. 결국, 민주당은 가덕도 신공항과 보궐선거의 연결성을 확장해야 한다. 이는 유권자의 ‘정치 효능감’과 관련된다. 변화를 체감할 수 있을 때 유권자의 지지가 따라오기 때문이다. 오는 26일 가덕도 신공항 특별법 통과는 지지율 추이의 변곡점이 될 수 있다.설 연휴를 앞두고 구체화 된 각 당 행보의 최종 결과는 아직 알 수 없다. 다만 해당 시점에 진행된 여론조사 결과는 있다. 리얼미터가 YTN 의뢰로 부산·울산·경남 지역에서 실시한 2월 2주차(8~10일) 정당지지도 조사에서 국민의힘은 34.9%, 민주당은 28.0%로 집계됐다. 다만, 양 당의 격차는 직전 15.2%포인트에서 6.9%포인트로 좁혀졌다.김찬호 기자"
"與, 26일 본회의 가덕도 신공항 특별법 통과 확신전봉민·이주환 사태로 '국민의힘=부패정당' 부각박재호 ""부산 발전 위해 누구에게 투표할 지 명확해질 것""당 지도부, 잇따라 부산 찾아 민심 구애하기도부산시장 보궐선거 후보로 나선 더불어민주당 소속 변성완 전 부산시장 권한대행, 박인영 전 부산시의회 의장, 김영춘 전 해양수산부 장관이 지난 2월 1일 오후 서울 금천구의 한 스튜디오에서 '민주당 시장 후보 지원자들의 국민면접' 방송촬영에 앞서 기념촬영을 하고 있다. ⓒ국회사진취재단4·7 부산시장 보궐선거가 50여일 앞으로 다가온 가운데 더불어민주당은 부산을 사수하기 위해 총력을 쏟고 있다. 부산은 고(故) 노무현 전 대통령과 문재인 대통령의 정치적 고향이자, 내년 20대 대선 승리를 위해 반드시 수성해야 하는 전략적 요충지다.이번 부산시장 보선은 민주당 소속이었던 오거돈 전 부산시장의 성추행 사태로 치러지는 탓에 민주당에 상당히 불리한 판세다. 당과 부산시장 보선 예비후보들의 지지율 모두 국민의힘에 뒤지고 있는 상황이다. 그러나 민주당은 가덕도 신공항 특별법 통과, 기타 주요 지역 현안 챙기기, 야당 인사의 토착 비리 부각 등으로 전세 역전을 노리겠다는 전략이다.민주당 부산시당위원장을 맡고 있는 박재호 의원(재선·부산 남구을)은 지난 11일 데일리안과의 통화에서 ""가덕도 신공항 특별법이 (오는) 26일 (국회 본회의에서) 통과되고, 3월 초 선정되는 최종 후보와 우리당이 '2030 부산 월드 엑스포' 유치를 위해 정부로부터 전폭적인 지원을 이끌어 낼 수 있는 방안을 시민들에게 잘 홍보하면 자연스럽게 분위기는 우리 쪽으로 기울 것""이라고 했다.박 의원은 또 국민의힘을 탈당한 전봉민 의원의 공천·편법 증여 의혹과 이주환 국민의힘 의원의 이해충돌 관련 의혹 등을 지적하며 ""28년 동안 국민의힘이 부산을 집권했기 때문에 이런 문제들이 발생한 것""이라고 했다. 그러면서 ""우리당이 3년 동안 부산을 위해 한 일과 국민의힘이 28년 동안 집권했을 때 부산을 위해 한 일을 비교해서 시민들에게 알릴 것""이라며 ""부산 발전을 위해 누구에게 투표할 것인지가 더욱 더 명확해질 것""이라고 강조했다.앞서 지난 10일 민주당은 부산의 야당 정치인·관가·경제계의 토착 비리 의혹을 집중적으로 파헤치기 위해 '부산 지역 정·관·경 토착 불법 비리 대응 태스크포스(TF)'를 가동한다고 밝혔다. 4월 부산시장 보선을 앞두고 '보수당=부정부패·기득권 정당' 이미지를 집중적으로 부각할 것으로 보인다. TF 위원장은 신동근 최고위원, 부위원장은 김회재 법률위원장과 국회 법제사법위원회 간사인 백혜련 의원이 맡았다.민주당은 오는 15일 부산시의회에서 최종 후보를 선출하기 위한 토론회 방식과 주제 등을 홍보하기 위한 기자회견도 열기로 했다. 민주당 부산시당 핵심 관계자는 이날 통화에서 ""다음 주 월요일(15일) 박재호 부산시당위원장, 김영춘·박인영·변성완 예비후보들과 함께 토론회의 전체적인 주제와 진행 방식 등에 대해 시민들에게 알리는 자리를 가질 것""이라며 ""토론 주제는 가덕도 신공항 이슈, 부산이 살기 좋은 도시가 되기 위해서 필요한 것, 누가 부산시장으로서 적합한가 등이 포함될 것""이라고 했다.한편 민주당 싱크탱크인 민주연구원과 당 K-뉴딜위원회도 오는 18일 부산을 찾아 2차 '부산 정책엑스포' 개최한다. 1차 부산 정책엑스포는 지난달 21일 열렸다. 당 지도부도 잇따라 부산을 찾고 있다. 이낙연 대표는 지난달 21일과 29일, 김태년 원내대표는 지난 9일 부산을 방문해 가덕도 신공항 특별법 통과를 약속하며 부산 바닥 민심을 다독였다.데일리안 송오미 기자 "
"설 연휴를 맞아 SBS는 각종 현안에 대한 여론조사를 실시했습니다.차기 대통령 선거에서 누굴 찍을지 물었더니, 이재명 경기지사가 28.6%로 가장 높았고, 이낙연 민주당 대표 13.7%, 윤석열 검찰총장 13.5%로 나타났습니다.이어 홍준표 의원은 5.3%였고, 유승민 전 의원, 정세균 국무총리, 추미애 전 장관 등은 1%대였습니다.앞서 지난 1월 1일 보도된 SBS 신년 여론조사와 비교하면, 이 지사 지지율은 5%포인트 올랐는데, 이 대표와 윤 총장은 각각 3%포인트와 5%포인트 떨어져 격차가 더 벌어졌습니다.이 지사의 경우 연령대별로는 민주당 핵심 지지층인 40대, 이념 성향별로는 진보층의 지지가 두드러졌습니다.지역별로는 이 지사가 비교적 고른 지지세를, 이 대표는 호남에서 이 지사와 오차 범위 내에서 우세, 윤 총장은 영남에서 강세를 보였습니다.내년 대선에서 '여당의 정권 재창출'과 '야당으로 정권 교체' 가운데 어떤 결과가 더 바람직하다고 보는지 물었더니, 45.5%대 46%로 두 의견이 팽팽했습니다.문재인 대통령 국정운영에 대해서는 잘하고 있다 44.9%, 잘 못하고 있다 49.9%로 나타났습니다.신년 여론조사와 비교하면, 긍정이 3.6%포인트 늘고, 부정 평가가 4.1%포인트 줄었습니다.연령대별로는 30, 40대는 긍정 평가, 20대와 60대 이상은 부정 평가가 더 많았습니다.이번 조사는 SBS가 여론조사기관 입소스에 의뢰해 지난 6일부터 9일까지 유무선 전화면접조사로 전국 유권자 1천2명의 응답을 얻었으며, 표본 오차는 95% 신뢰 수준에 ±3.1%포인트입니다.▶ [통계표 내려받기] SBS 2021 설 특집 국민여론조사[ http:asq.krZAc1qG86cdUEL ]한세현 기자"
