오,세,훈
"오 ""단일화 협상서 제안할 것""…나 ""정계개편 큰틀서 당연한 과제""국민의힘 서울시장 경선에 나선 나경원 전 국민의힘 의원과 오세훈 전 서울시장이 지난 1월29일 서울 용산구 백범김구기념관에서 열린 서울시장 후보 비전스토리텔링PT에서 기념촬영을 마치고 자리로 향하고 있다. 2021.1.29뉴스1 © News1 국회사진취재단(서울=뉴스1) 김일창 기자 = 4·7 서울시장 보궐선거 출마를 선언한 국민의힘 나경원 예비후보와 오세훈 예비후보가 시장에 당선되면 안철수 국민의당 대표와 서울시정 공동 운영에 나서겠다고 밝혔다.오 후보는 이날 오전 MBN '뉴스와이드'에 출연해 ""서울시를 공동운영한다는 (안 후보에게) 제안을 하고 협의를 해서 단일화가 된다면 유권자들 입장에서 기대해볼 만한 하다""며 이렇게 말했다.오 후보는 안 후보와 노선이 다르지 않다고 강조했다. 그는 ""중도를 지지층으로 하는 대표적인 정치인이 우리 당에 있다면 제가 아닐까 싶다""며 ""경제 발전의 단계에서 소외되고 어려운 위치에 빠진 분들을 함께 보듬어야 한다는 이른바 혁신 우파, 중도 우파 등을 주장했는데 이는 안 후보의 노선과 다르지 않다""고 말했다.나 후보는 이날 자신의 페이스북에 '자유주의 상식 연합이 정치혁신 플랫폼이 돼야 한다'는 제목의 글을 올리고 ""성공적인 단일화로 보궐선거에서 승리하면 서울시 공동 운영은 당연히 실천해야 할 기본 과제일 것""이라고 했다.보궐선거 이후 야권 정계개편을 주장한 나 후보는 ""안 후보가 제안한 '범야권 연립정부 서울시', 어제 김종인 위원장이 강조한 '숙명으로서의 단일화', 오늘 오 후보의 '서울시 공동운영'까지 모두 (정계개편이란) 동일한 취지에서 비롯된 것으로 생각한다""며 ""이 모든 것을 아우르는 개념이 바로 제가 말씀드린 '자유주의 상식 연합'으로 야권 후보 단일화는 가장 의미 있는 첫 단추가 될 것이다""라고 했다"
"(서울=연합뉴스) 서울시장 보궐선거 국민의힘 오세훈 예비후보가 13일 서울 관악구 신림동 주사랑공동체 교회가 운영하는 베이비박스를 방문, 이종락 목사의 설명을 듣고 있다.     베이비박스는 부모가 양육을 포기한 영아를 임시로 보호하는 간이시설이다. 2021.2.13  [오세훈 예비후보 측 제공. 재판매 및 DB금지]"
"오세훈 국민의힘 서울시장 예비후보는 13일 MBN '뉴스와이드'에 출연해 ""저는 중도우파로, 안철수 후보와 노선이 다르지 않다""며 '서울시 공동운영'의 가능성을 언급했다. 사진은 오세훈 국민의힘 서울시장 예비후보가 지난 10일 서울 중구 남대문시장을 방문해 소상공인들과 인사를 나누고 있는 모습이다. 국회사진취재단""단일화 된다면 기대해볼 만 하다""[더팩트ㅣ정소양 기자] 오세훈 국민의힘 서울시장 예비후보가 안철수 국민의당 대표와 '서울시 공동운영'의 가능성을 언급했다.오세훈 후보는 13일 MBN '뉴스와이드'에 출연해 ""저는 중도우파로, 안철수 후보와 노선이 다르지 않다""며 ""외국에도 연립정부의 실험이 있지 않았는가. 서울시를 공동운영하는 제안을 하고 협의를 해서, 그런 형태의 단일화가 된다면 유권자들 입장에서 기대해볼 만할 것""이라고 말했다.그러면서 ""저는 들어가자마자 일을 할 수 있는 후보라는 장점이 있고 그분(안철수)도 그분 나름대로 지지세가 있다""면서 ""이것을 합해서 서울시에서 함께 협업을 하는 방법, 서울시를 공동 운영하는 등의 제안을 하고 협의를 해서 그런 형태의 단일화가 된다면 굉장히 유권자들 입장에서 보면 한번 기대해볼 만하다""고 설명했다.오 후보의 발언은 안철수 대표와의 야권 단일화 과정에서 서울시 '연립정부' 수립을 조건으로 걸 수 있다는 의미라는 분석이 나온다.안철수 대표 역시 지난해 12월 ""다음 서울시 집행부는 '범야권 연립 지방정부'가 돼야 한다""며 ""힘을 합쳐서 새롭고 혁신적인 시정모델을 만들어야 한다""고 밝힌 바 있다.당시 안 대표는 ""범야권의 건강한 정치인과 전문 인재들을 널리 등용하겠다""며 ""연립 서울시 정부를 통해 정권교체의 교두보를 놓을 것""이라고 제안했다.업계에서는 두 후보가 '연립정부'를 전제로 한 야권 단일화에 합의할 수 있을지 주목하고 있다.한편, 오세훈 후보는 여론조사 방식의 후보 단일화에 대해서는 ""여론조사로 단일화를 하면 양쪽에 결집한 지지세들이 혼연일체가 돼서 함께 윈윈 관계가 되기 쉽지 않다""며 부정적 입장을 밝혔다"
"국민의힘 서울시장 본경선에 진출한 나경원 전 의원(오른쪽)과 오세훈 전 서울시장 (사진=연합뉴스)[아시아경제 금보령 기자] 오세훈 전 서울시장이 안철수 국민의당 대표와 서울시를 공동으로 운영할 수 있다는 의사를 나타냈다. 여기에 나경원 전 의원까지 호응하는 모습을 보였다.오 전 시장은 13일 MBN '뉴스와이드'에 출연해 ""저는 중도 우파로 안 후보와 노선이 다르지 않다""며 ""외국에는 연립정부의 실험이 있지 않으냐""고 밝혔다.오 전 시장은 또 ""서울시를 함께 힘을 모아 공동 운영하기로 합의해서 그런 형태의 단일화가 된다면 유권자들 입장에서 기대해볼 만할 것""이라고 얘기했다.여기에 나 전 의원이 호응하고 나섰다. 나 전 의원은 이날 페이스북을 통해 ""저는 지난 10일 언론인과의 간담회에서 '자유주의 상식 연합'을 제안한 바 있다. 재보궐 선거 직후 곧바로 '야권 대통합 큰 그릇' 만들기가 필요하다는 말씀을 드렸다""며 ""앞서 안 대표가 제안한 '범야권 연립정부 서울시', 어제 김종인 국민의힘 비대위원장이 강조한 '숙명으로서의 단일화', 그리고 오늘 오 전 시장의 '서울시 공동운영'까지 모두 동일한 취지에서 비롯된 것으로 생각한다""고 말했다.나 전 의원은 안 대표는 물론 금태섭 전 의원, 조정훈 시대전환 대표, 진중권 교수, 서민 교수 등도 자유주의 상식 연합에 함께해야 한다고 주장했다. 그는 자유주의 상식 연합에 대해 ""우리 헌법 질서의 근간 가치인 자유, 상대를 존중하고 공존을 지향하는 상식에 동의하는 사람이라면 누구나 함께 할 수 있는 새로운 정치 플랫폼""이라며 ""더 큰 상상력과 포용의 정신으로 더 넓은 플랫폼을 펼쳐야 한다""고 강조했다.이어 나 전 의원은 ""정치 영역에 국한되어서도 안 된다. 학계, 시민사회, 문화예술계에 이르기까지 '자유주의 상식 연합'은 대한민국 리뉴얼의 새로운 기준이 될 것""이라며 ""진중권 교수와 서민 교수 등 합리적 진보도 중요한 역할을 해주실 것이라 기대한다""고 덧붙였다.나 전 의원은 또 ""공적인 단일화로 선거에서 승리하면, 서울시 공동 운영은 당연히 실천해야 할 기본 과제일 것""이라며 ""정치, 사회, 문화 등 각계각층이 참여하는 무제한 원탁회의로 자유주의 상식 연합을 이뤄내야 한다""고 얘기했다.금보령 기자"
"중위권 후보의 경선 선전 등 흥행 포인트 필요야권 단일화 과정에서 진흙탕 싸움 피해야[아시아경제 나주석 기자] 흥미진진한 한판 대결이 될 것인가, 뻔한 이야기로 재미없게 끝날 것인가.4·7 서울시장 보궐선거를 앞두고 야권에서는 2단계 단일화가 추진되고 있다. 이미 경선이 시작된 국민의힘과 토론 등을 진행하며 단일화 과정을 밟기 시작하는 이른바 제3지대가 각각 경선을 진행한 뒤 3월에 최종 단일화를 하자는 것이다. 양측은 암묵적으로 3월 초 범야권 후보 단일화에 나서야 한다는 데 뜻을 모은 상태다. 3월 초까지 후보자 토론회 등을 거쳐 후보를 확정한 뒤, 야권 최종 후보를 선출하자는 것이다.더욱이 일정이 더욱 빨라질 가능성도 열려 있다. 김종인 국민의힘 비상대책위원장은 12일 채널A에 출연해 ""지금 일정을 보면 25일 토론이 다 끝난다""면서 ""바로 여론조사에 들어가면 후보를 확정할 수 있다""고 언급했다. 단일화 일정 등을 고려해 경선 일정이 더 빨라질 여지가 남은 셈이다.범야권 경선이 흥행하기 위해서는 2가지 요건이 필요하다는 지적이 나온다.첫째는 각각의 경선이 컨벤션 효과를 유발하며 국민적 관심을 끌어모을 수 있어야 한다는 것이다. 양자 대결 구도에서 여당과의 지지율이 큰 차이를 보이지 않는 상황에서, 경선은 지지층을 규합하는 동시에 새로운 지지층을 확보하는 창구 역할을 해야 한다. 이 때문에 경선 흥행은 필수 조건이다. 국민의힘 서울시장 경선의 경우 현재 나경원 전 의원과 오세훈 전 서울시장이 양강 구도를 형성하고 있다. 인지도 등에서 절대 우위를 보이는 두 사람은 현재로서는 가장 강력한 국민의힘 서울시장 후보지만 새로운 인물 등을 기대하는 여론에는 부합하기 어렵다는 단점을 안고 있다.이 때문에 경선에 대한 국민적 관심을 이끌기 위해서는 두 사람 중 누가 승리할 것인지가 초박빙 구도로 이어지면서 관심을 끌던지, 아니면 오신환 전 의원이나 조은희 서초구청장 등이 부상하면서 새로운 경쟁구도를 만들어가야 한다. 특히 국민의힘은 맞수토론을 통해 후보자간 1:1 토론을 모두 6차례 진행한다. 토론회 등의 주목도를 끌어올리기 위해서는 중위권 후보들의 선전이 요구되는 것이다.[이미지출처=연합뉴스]둘째는 3월 초 범야권 단일화 논의가 진흙탕 싸움이 되지 않고 신속하게 결론이 나야 한다는 점이다. 서로 소속이 다른 만큼 단일화 '룰'은 문제가 될 공산이 크다. 단일화 필요성에 대한 공감대는 국민의힘이나 제3지대 역시 모두 공감하고 있다. 하지만 공감하는 것과 단일화를 성사시키는 것은 다른 문제다. 이 때문에 향후 정진석 국민의힘 공천관리위원장이나 이태규 국민의당 사무총장 등의 역할이 중요해질 것으로 관측된다.더욱이 이번 논의는 단순히 서울시장 선거 이상의 의미가 있다. 후보 단일화 플랫폼이 성사되는 방식이 나름 성과를 갖춘다면, 이후 대선 등에서도 후보를 단일화하는 방식이 될 것이기 때문이다.나 전 의원은 서울시장 선거 이후 정치 개편을 제안하기도 했다. 설 연휴를 앞두고 나 전 의원은 여의도 사무실에서 간담회를 열어 ""서울시장 보궐선거가 끝나면 곧바로 대선 레이스가 시작된다""면서 ""새로운 정치 개편이 있지 않고는 야권 후보가 제대로 설 수 있는 그런 환경이 되지 않는다고 생각한다""고 말했다. 그는  ""그런 의미에서 이번 재·보궐 선거 운동 자체가 그런 플랫폼을 만들어 가는 과정이 되어야 한다고 생각한다""며 ""그 플랫폼 안에 상식과 정의 편에 서는 모든 이들, 합리적 진보에서 중도와 합리적 보수에 이르기까지 모두가 모여 하나가 되어야 한다고 생각한다""고 밝히기도 했다.나주석 기자"
"""야권 단일화 단순 여론조사 말고 어떻게 서울시 끌어갈지 협의해야""""국민의힘 예비경선 시민 여론조사서 1등…정책 승부로 승부볼 것""오세훈 국민의힘 서울시장 보궐선거 예비후보가 10일 서울 중구 남대문시장을 방문해 상인과 인사를 하고 있다. 2021.2.10뉴스1 © News1 국회사진취재단(서울=뉴스1) 김일창 기자 = 4·7 서울시장 보궐선거 출마를 선언한 국민의힘 오세훈 예비후보는 13일 안철수 국민의당 예비후보와 서울시 공동 운영에 합의하는 방식 등으로 야권 후보 단일화를 이루는 게 중요하다고 밝혔다.오 후보는 이날 오전 MBN '뉴스와이드'에 출연해 ""서울시를 공동운영한다는 제안을 하고 협의를 해서 단일화가 된다면 유권자들 입장에서 기대해볼 만한 하다""며 이렇게 말했다.오 후보는 안 후보와 노선이 다르지 않다고 강조했다. 그는 ""중도를 지지층으로 하는 대표적인 정치인이 우리 당에 있다면 아마 그건 제가 아닐까 싶다""며 ""경제 발전의 단계에서 소외되고 어려운 위치에 빠진 분들을 함께 보듬어야 한다는 이른바 혁신 우파, 중도 우파 등을 주장했는데 이는 안 후보의 노선과 다르지 않다""고 말했다.오 후보는 국민의힘 후보가 확정된다면 제3지대 단일 후보와 단일화를 이루는 방식은 여론조사 외에 다른 방식을 검토해야 한다고 밝혔다. 오 후보는 ""국민의힘과 제3지대 후보가 여론조사를 통해 단일화를 이룬다면 지지층은 여전히 마음을 동하지 않을 것""이라며 ""그래서 후보가 되더라도 여론조사 경선보다는 어떻게 함께 서울시에 들어갈 것인가 하는 방법을 찾는 것인 유권자들에게 좋은 메시지일뿐더러 승리 가능성을 높이는 지지세를 결집시키는 단일화 방법""이라고 말했다. 이어 ""단일화에 있어 여론조사의 형태를 통해 정하는 것보다 서울시 공동 운영 등을 협의해서 정한다면 유권자들의 기대감을 최대로 끌어올릴 수 있는 단일화가 되지 않을까 한다""며 ""머릿속에 지금 몇 가지 구상이 있다""고 말했다.자신이 국민의힘 후보가 될 거라는 자신감도 내비쳤다. 오 후보는 ""국민의힘 후보 결선은 서울시민 여론조사만으로 결정한다""며 ""그런데 (당원 20%-여론조사 80%인 예비경선에서) 제가 지난 예비경선 시민 여론조사에서 1등을 했다. 이 여세를 몰아서 비전과 정책으로 한번 멋지게 승부해 보겠다""고 말했다"
"동영상 뉴스[앵커]오는 4월 7일 서울시장 보궐 선거에 나설 예비후보들은 설 연휴 밥상머리 민심잡기에 분주한데요.오늘은 어떤 행보를 보이고 있는지 알아보죠. 국회 취재기자 연결합니다. 백길현 기자.[기자]네 오늘은 설 연휴 사흘째인데요. 더불어민주당 서울시장 예비 후보들은 오늘 '당심' 잡기가 키워드입니다. 박영선 예비후보는 오늘 오전 11시 비공개로 자신의 후원회장을 맡은 문희상 전 국회의장의 자택을 예방했습니다. 박 후보와 문 전 의장은 인연이 깊은데요. 2005년 열린우리당 대표가 됐던 문 전 의장은 당시 초선의원이었던 박 후보를 비서실장으로 발탁하기도 했습니다. 특히 박 후보는 문 전 의장이 고교 단짝 친구의 오빠라며 개인적인 친분을 밝히기도 했습니다. 우상호 후보는 오늘 오후 봉하마을에 내려갑니다. 지난 9일 김대중 전 대통령의 묘역을 방문했던 우 후보는 오늘은 노무현 전 대통령의 묘역에 참배할 예정입니다. 다음달 1일 서울시장 후보가 확정되는데요.권리당원투표 50%, 여론조사 50%로 경선이 진행되는 만큼 당심을 공략하는 것이 중요한데, 이를 염두에 둔 설 행보로 읽힙니다. [앵커]국민의힘을 비롯한 야권 후보들의 움직임은 어떤가요. [기자]오늘 국민의힘 예비후보들은 현장 행보보다는 페이스북 등을 통한 정책 구상 밝히기에 집중하고 있습니다. 나경원 예비후보는 최근 서울시 7급 공무원이 극단적인 선택을 했다는 비보에 애도를 표하며 시민단체 등 외부인사가 부당 채용되는 일을 막겠다고 말했습니다. 오세훈 예비후보는 서울 관악 난곡로의 한 교회가 운영하는 베이비박스를 방문해 시설을 점검하고 아동정책 구상을 밝혔습니다. 이에 앞서 한 종편에 출연한 오 후보는 ""안철수 후보와의 노선이 다르지 않다""며 안 후보와 최종단일화가 될 경우 서울시를 공동운영할 수도 있다는 입장도 밝혔습니다.이번 설 연휴가 지나고 다음주 화요일부터 국민의힘 경선 레이스는 본격적인 토론회 국면에 접어들게 되는데요. 후보들이 1대 1 토론 등으로 진검승부를 벌이게 되는 만큼 전략짜기에 몰두하고 있는 상황입니다. 또 오는 15일 제3지대 첫 토론회를 여는 안철수-금태섭 예비후보 역시 외부 활동을 하지 않고 참모들과 정책 가다듬기에 총력을 다하고 있습니다. 지금까지 국회에서 전해드렸습니다. 연합뉴스TV 기사문의 및 제보 : 카톡라인 jebo23 ▶ 네이버에서 연합뉴스TV를 구독하세요 ▶ 연합뉴스TV 생방송 만나보기  ▶ 균형있는 뉴스, 연합뉴스TV 앱 다운받기"
"국민의힘 오세훈 서울시장 예비후보가 국민의당 안철수 후보와의 후보 단일화 문제와 관련해 서울시 공동운영을 전제로 단일화할 수도 있다는 뜻을 밝혔습니다.오 후보는 오늘(13일) MBN 뉴스에 출연해 ""저는 중도 우파로 안 후보와 노선이 다르지 않다.""라며, ""외국에는 연립정부의 실험이 있지 않으냐""고 말했습니다.오 후보는 또, ""서울시를 함께 힘을 모아 공동 운영하기로 합의해서 그런 형태의 단일화가 된다면 유권자들 입장에서 기대해볼 만할 것""이라고도 전했습니다.자신이 국민의힘 경선을 통과해 제3지대의 안 후보와 최종 단일화를 시도하게 되면, 서울시 '연립정부' 수립을 조건으로 협상에 나설 수 있다는 구상으로 해석됩니다.여론조사 방식의 후보 단일화에 대해서는 ""여론조사로 단일화하면 양쪽에 결집한 지지세들이 혼연일체가 돼서 함께 윈·윈 관계가 되기 쉽지 않다""라고 부정적인 뜻을 밝혔습니다.산업통상자원부의 북한 원전 관련 문건 파일명에서 소문자 알파벳 'v'가 '버전'을 뜻하는 것이 아니라 문재인 대통령을 의미하는 'VIP'라고 주장했다가 번복한 것에 대해서는 ""참으로 안타깝다""고 밝혔습니다.오 후보는 ""평생 변호사 업무를 했는데 변호사들은 파일명을 쓸 때 사건명을 쓰지, v를 쓰지 않는다""라며, ""기업체와 업무 환경이 다르다""고 설명했습니다.(사진=연합뉴스)한세현 기자"
"동영상 뉴스[뉴스데스크]◀ 앵커 ▶서울시장 보궐선거에 나선 국민의힘 오세훈 예비후보가 여론조사로 범야권 후보를 단일화하는 방안에 부정적인 입장을 밝혔습니다. 정치적 합의를 통한 단일화에 무게를 뒀는데요,오세훈 후보는 안철수 후보와 서울시를 공동 운영하는 방법을 제시했습니다.배주환 기자입니다.◀ 리포트 ▶범야권 후보 단일화 방식에 선수를 친 건 국민의힘 오세훈 예비후보입니다.오 후보는 오늘 한 방송에 출연해 ""여론조사 단일화는 양측 지지세가 윈윈의 관계가 되기 쉽지 않다""며 ""협의를 통한 단일화가 유권자들의 기대감을 최대로 끌어올릴 수 있다""고 말했습니다.단일화 협상 고리로 '서울시 공동운영'을 제시하기도 했습니다. 정치적 대화를 통한 단일화가 효과를 극대화할 수 있다는 게 오 후보측 설명이지만, 여론조사로는 국민의당 안철수 후보에게 밀릴 수 있을 거란 현실적 계산도 깔려있어 보입니다.안철수 후보측이 수용할지도 미지수입니다.국민의당은 금태섭 후보와의 단일화만 아니라 국민의힘 후보와의 최종 단일화도 100% 여론조사 방식을 염두에 두고 있습니다. 안철수 후보가 제 3지대 단일화를 A리그라 부르는 것도, 여론조사에 대한 자신감 때문으로 보입니다.[안철수국민의당 서울시장 후보 (지난 3일)]""야권 후보 적합도나 또는 야권후보 경쟁력 면에서 가장 앞서가는 제가 포함돼있는 리그니까 'A 리그'라고 말씀드립니다.""여론조사 방식도 논란이 예상됩니다.나경원 예비후보측은 국민의힘 경선이든 범야권 단일화든, 민주당 지지자까지 포함해 여론조사하는 방식엔 부정적입니다.[나경원국민의힘 서울시장 예비후보 (지난 8일)]""(친문 지지자들은) 조직화돼 있기 때문에 여론조사 결과를 왜곡시킬 수 있다 그런 우려들이 있기 때문에…""단일화에 느긋했던 김종인 비대위원장마저 '단일화는 숙명적'이라고 입장을 선회한 상황. 다급해진 제 1야당이, 당내 경선이 끝나기도 전에 일찌감치 범야권 치열한 단일화 수싸움을 예고하고 나섰습니다.MBC뉴스 배주환입니다.(영상취재 : 이성재  영상편집 : 최승호)MBC 뉴스는 24시간여러분의 제보를 기다립니다. ▷ 전화 02-784-4000▷ 이메일"
"국민의힘 오세훈 서울시장 예비후보 [연합뉴스 자료사진](서울=연합뉴스) 한지훈 기자 = 국민의힘 오세훈 서울시장 예비후보는 13일 국민의당 안철수 후보와의 후보 단일화 문제와 관련, ""서울시를 함께 힘을 모아 공동 운영하기로 합의해서 그런 형태의 단일화가 된다면 유권자들 입장에서 기대해볼 만할 것""이라고 말했다.    오 후보는 MBN '뉴스와이드'에 출연, ""저는 중도 우파로 안 후보와 노선이 다르지 않다. 외국에는 연립정부의 실험이 있지 않으냐""면서 이같이 밝혔다.    이는 자신이 국민의힘 경선을 통과해 제3지대의 안 후보와 최종 단일화를 시도하게 될 경우 서울시 '연립정부' 수립을 조건으로 협상에 나설 수 있다는 구상으로 풀이된다.    오 후보는 여론조사 방식의 후보 단일화에 대해서는 ""여론조사로 단일화를 하면 양쪽에 결집한 지지세들이 혼연일체가 돼서 함께 윈윈 관계가 되기 쉽지 않다""라고 부정적 입장을 밝혔다.    이 밖에 그는 산업통상자원부의 북한 원전 관련 문건 파일명에서 소문자 알파벳 'v'가 '버전(version)'이 아니라 문재인 대통령을 의미하는 'VIP'라고 주장했다 번복한 것에 대해 ""참으로 안타깝다""고 말했다.    이어 ""제가 평생 변호사 업무를 했는데 변호사들은 파일명을 쓸 때 사건명을 쓰지, v를 쓰지 않는다""며 ""기업체와 업무 환경이 다르다""고 밝혔다."
"(서울=연합뉴스) 서울시장 보궐선거 국민의힘 오세훈 예비후보가 13일 서울 관악구 신림동 주사랑공동체 교회가 운영하는 베이비박스를 방문, 이종락 목사의 설명을 듣고 있다.     베이비박스는 부모가 양육을 포기한 영아를 임시로 보호하는 간이시설이다. 2021.2.13  [오세훈 예비후보 측 제공. 재판매 및 DB금지]"
"서울시장 보궐선거에 출마한 국민의힘 오세훈 전 서울시장. 연합뉴스오세훈 국민의힘 서울시장 예비후보가 야권 후보 단일화 방안 중 하나로 안철수 국민의당 대표와 서울시 공동 운영에 합의하는 방식을 제시했다. 오 후보는 13일 MBN '뉴스와이드'에 출연해 ""서울시를 함께 힘을 모아 공동 운영하기로 합의하고 그런 형태의 단일화가 된다면 유권자들 입장에서 기대해볼 만할 것""이라고 말했다. 이번 발언은 안 대표와 서울시 '연립정부' 수립을 조건으로 단일화를 이뤄낼 수 있다는 의미로 풀이된다. 오 후보는 ""저는 중도 우파로 안 후보와 노선이 다르지 않고 외국에도 연립정부의 실험이 있다""고도 언급했다. 오 후보의 이번 발언은 지난해 12월 안 대표가 ""다음 서울시 집행부는 '범야권 연립 지방정부'가 돼야 한다""며 ""힘을 합쳐서 새롭고 혁신적인 시정모델을 만들어야 한다""고 밝힌 것과 유사한 단일화 방식으로 풀이된다. 안 대표는 당시 ""범야권의 건강한 정치인과 전문 인재들을 널리 등용하겠다""며 ""연립 서울시 정부를 통해 정권교체의 교두보를 놓을 것""이라고 제안했다.노경석 기자"
"[한국경제TV 이영호 기자]국민의힘 오세훈 서울시장 예비후보는 13일 국민의당 안철수 후보와의 후보 단일화 문제와 관련, ""서울시를 함께 힘을 모아 공동 운영하기로 합의해서 그런 형태의 단일화가 된다면 유권자들 입장에서 기대해볼 만할 것""이라고 말했다.오 후보는 MBN '뉴스와이드'에 출연, ""저는 중도 우파로 안 후보와 노선이 다르지 않다. 외국에는 연립정부의 실험이 있지 않으냐""면서 이같이 밝혔다.이는 자신이 국민의힘 경선을 통과해 제3지대의 안 후보와 최종 단일화를 시도하게 될 경우 서울시 '연립정부' 수립을 조건으로 협상에 나설 수 있다는 구상으로 풀이된다.오 후보는 여론조사 방식의 후보 단일화에 대해서는 ""여론조사로 단일화를 하면 양쪽에 결집한 지지세들이 혼연일체가 돼서 함께 윈윈 관계가 되기 쉽지 않다""라고 부정적 입장을 밝혔다.이 밖에 그는 산업통상자원부의 북한 원전 관련 문건 파일명에서 소문자 알파벳 'v'가 '버전(version)'이 아니라 문재인 대통령을 의미하는 'VIP'라고 주장했다 번복한 것에 대해 ""참으로 안타깝다""고 말했다.이어 ""제가 평생 변호사 업무를 했는데 변호사들은 파일명을 쓸 때 사건명을 쓰지, v를 쓰지 않는다""며 ""기업체와 업무 환경이 다르다""고 밝혔다.(사진=연합뉴스)이영호기자"
"""안전책임지는공공기관부터도입""오세훈등野공세에도추진의지표명박영선,청년정책간담회서도""주4.5일제확립""吳""알바자리도없는데,가당키나한공약인가""주52시간도난관많았다,일자리고민부터하라"" 박영선 더불어민주당 서울시장 예비후보가 설날인 12일 오후 서울역에서 철도종사자를 만나 인사하고 있다. 박영선 선 예비후보 SNS [파이낸셜뉴스] 더불어민주당 서울시장 경선에 나선 박영선 예비후보가 ""안전을 책임지는 공공기관부터 주 4.5일제를 도입하겠다""고 밝혔다.   당 청년 정책간담회에서 주 4.5일제 확립을 언급한 뒤 야권 진영에서 공세가 있었지만, 유력 서울시장 후보 중 하나로 꼽히는 박 후보는 ""서울역을 다녀와서 더 확고해졌다""며 주 4.5일제를 자신의 주요 공약으로 추진하겠다는 의지를 표명했다.   박 후보는 지난 12일 자신의 SNS를 통해 ""안전을 책임지는 공공기관부터 주4.5일제가 적용되어야 한다는 것이 박영선의 생각""이라며 ""그래야 보다 안전한 서울을 만들수 있다""고 강조했다.   이날 서울역을 방문해 철도근로자들을 만나 의견을 청취한 박 후보는 ""설날에도 쉬지 못하는 철도관련 근로자들을 찾았다""며 ""하루 320회 운송, 하루 예상 운송객 약 30만. 그래도 지난 1년간 KTX 에선 철저한 방역으로 확진자가 한명도 없었다는 자부심이 명절 근무의 고단함을 잊게하는듯 했다""고 부연했다.   앞서 지난 8일 민주당이 주최한 청년정책간담회에서 박 후보는 주 4.5일제를 꺼내든 바 있다.   박 후보는 ""제가 서울시장이 된다면 주 4.5일제를 확립시키고 싶다""며 ""우리나라 젊은이들의 워라밸(일과 생활의 균형)과 직결된 문제이자 자신의 삶을 향상하는 데 있어 굉장히 바라고 있고 깊이 생각하고 있다""고 말했다.   그는 ""주 4.5일제는 청년, 일자리, 보육 등 여러 가지 복지 문제와 연결돼 있다""며 ""서울시의 대전환, 아날로그에서 디지털로 넘어가는 새 패러다임을 만들고 싶다""고 다짐했다.   그러나 국민의힘 서울시장 경선후보인 오세훈 전 시장은 박 후보의 '주 4.5일제 확립'에 대해 ""을 언급한 박영선 전 장관을 향해 ""4.5일은 커녕 아르바이트 자리마저 없어 당장 생계가 걱정인 그들에게 4.5일제 공약이 가당키나 한가""라고 비판했다.   오 전 시장은 ""디테일한 실행계획도 없는 꿈같은 말을 청년들 앞에서 비전이라고 제시한다""며 ""기업가 마인드를 죽이는 입법으로 일관하는 민주당 후보이기에 더욱 앞뒤가 맞지않는 행보""라고 지적했다.   또 ""2018년 도입된 '주 52시간 근무제'도 난관이 많았다""며 ""진심으로 '봄날 같은 따뜻한 시장'이 되고 싶다면 서울시가 어떻게 양질의 일자리를 만들어낼 수 있을지부터 고민하시라""고 일침했다."
[서울=뉴시스]최동준 기자 = 오세훈 국민의힘 서울시장 예비후보가 13일 서울 관악구 한 교회를 방문해 베이비박스 설명을 듣고 있다. (사진=오세훈 예비후보 캠프 제공) 2021.02.13.
"오세훈 국민의힘 서울시장 예비후보. 연합뉴스[서울경제] 오세훈 국민의힘 서울시장 예비후보가 야권 후보 단일화 방안으로 안철수 국민의당 대표와의 서울시 공동 운영 구상을 제시했다.오 후보는 13일 MBN ‘뉴스와이드’에 출연해 ""서울시를 함께 힘을 모아 공동 운영하기로 합의하고 그런 형태의 단일화가 된다면 유권자들 입장에서 기대해볼 만할 것""이라며 “저는 중도 우파로 안 후보와 노선이 다르지 않고 외국에도 연립정부의 실험이 있다”고 밝혔다. 자신이 경선을 통과해 국민의힘 후보가 된 뒤 안 대표와의 최종 단일화 과정에서 서울시 '연립정부' 수립을 조건으로 협상에 나설 수 있다는 구상으로 해석된다. 여론조사 방식의 후보 단일화에 대해서는 ""여론조사로 단일화를 하면 양쪽에 결집한 지지세들이 혼연일체가 돼 함께 윈윈 관계가 되기 쉽지 않다""고 선을 그었다.오 후보는 또 산업통상자원부의 북한 원전 관련 문건 파일명에서 소문자 알파벳 'v'가 '버전(version)'이 아니라 문재인 대통령을 의미하는 'VIP'라고 주장했다 번복한 것에 대해 ""참으로 안타깝다""고 말했다. 그는 ""제가 평생 변호사 업무를 했는데 변호사들은 파일명을 쓸 때 사건명을 쓰지 ‘v’를 쓰지 않는다""고 해명했다.윤경환 기자"
"[한겨레21] 4.7민심 르포종로구·성동구 시민 64명에게 코로나19·부동산·일자리 주제별로 물었습니다도시재생활성화지역인 서울 종로구 창신동의 한 골목. 박승화 기자역대 가장 조용한 선거가 다가온다. 2021년 4월7일 재보궐선거다. 재보선에 대한 낮은 주목도, 정치 싫증, 선거 피로, ‘회전문 후보자’의 식상함에 코로나19 속 ‘대화 실종’까지 더해진 결과다.당분간은 가족·친구와 모일 수 없으니, ‘정치 대목’이라는 설 명절에도 조용한 선거 분위기는 이어질 것으로 보인다. 선거 이야기를 하다가 서로 감정 상하는 불상사는 막을 수 있지만, 여론 형성과 시민 대표 선출이라는 선거의 효능을 떨어뜨리는 부작용도 감수해야 한다.그러니 이번 설에는 만날 수 있는 몇 명하고라도 선거 이야기를 마구 나눠보자. 풍성한 ‘대화’ 상차림을 위해 명절에 만날 수 없는 가족과 친구의 마음을 <한겨레21>이 먼저 들었다. 새로 시장을 뽑는 서울과 부산에서 유권자들을 만났다. 다양한 갈래의 이야기를 모으니, 유권자의 마음이 2021년 재보선을 넘어 2022년 대선에서 어디로 향할지 어렴풋이 보이는 듯도 하다._편집자 주“아직 어느 당의 누구를 찍을지 못 정했어. 지금까지처럼 민주당 찍기는 고민스러운데, 그렇다고 야당에도 선뜻 마음이 가지는 않으니까.”낡아서 삐거덕 소리를 내는 의자에서 자세를 고쳐 앉으며 최아무개(83)씨가 말했다. 1월27일 점심시간. 서울 종로5가 광장시장은 한산했다. 최씨가 운영하는 분식점에도 손님은 없었다. 코로나19가 덮치기 전만 해도, 점심시간 이곳엔 중국인과 일본인 관광객으로 발 디딜 틈이 없었다. 지난 1년간 관광객의 발길은 끊겼다. 음식점과 반대쪽 방향에 줄지어 있는 한복집, 수예점 역시 설 명절을 앞둔 대목인데도 사람들 발길이 뜸했다. 가게 주인들은 하릴없이 스마트폰만 들여다봤다.“장사는 안 되는데 집값이 다락같이 올라가니까 정부가 잘한다는 소리 안 나오지. 올라도 너무 올랐어. 집값 잡을 사람이 (서울시장이) 돼야 할 텐데 얼마나 잘할 수 있을지 모르겠어.” 최씨는 2020년 21대 총선에서는 더불어민주당을 지지했다. 2021년 4월7일 서울시장 보궐선거 때도 “투표는 할 것”이다. 하지만 마음이 복잡하다. 선뜻 마음이 가는 정당이나 후보가 없기 때문이다. “내 아들이 여행사에서 오래 근무했는데 코로나19 때문에 지금은 무급휴직 중이야. 1년이 다 돼가는데…. 밥벌이는 해야 하니 아르바이트한다고 하는데 무슨 일을 하는지는 말을 안 해줘서 몰라. 일자리를 만들어낼 수 있는 사람을 찍을까 해.”광장시장에서 500m가량 떨어진 신진시장에는 곳곳에 문 닫은 가게들이 눈에 띄었다. “이번 선거에서도 민주당 찍어야지. 선택의 여지가 없잖아. 빨간당(국민의힘)은 부유한 사람들만 위하고 배고픈 사람들 생각은 안 하니까. 그나마 민주당이 나아.” 노릇노릇 익어가는 호떡에 기름을 두르며 한인석(65)씨가 말을 이었다. “민주당이 총선에서 얻은 180석 여세를 몰아서 가야 해.”4·7 서울시장 보궐선거가 두 달 앞으로 다가왔다. 이번 선거는 대통령에 이어 선출직 ‘넘버 투’를 뽑는다는 점과 함께, 1년 뒤 있을 대통령선거에 영향을 미친다는 정치적으로 묵직한 의미를 담고 있다. 이에 <한겨레21>은 1월27~28일 서울 종로구와 성동구의 민심을 바닥에서 샅샅이 훑어봤다. 두 지역은 21대 총선에서 민주당과 국민의힘이 박빙의 정당 득표율을 얻은 곳이다. 그만큼 여야에 대한 민심 편향이 상대적으로 작은 지역이라고 볼 수 있다.이틀 동안 만난 시민 64명은 집권여당인 더불어민주당에 대해 ‘책임’과 ‘견제’를 이야기했다. 더러는 ‘심판’이 필요하다는 목소리도 나왔다. 그렇다고 야당인 국민의힘을 마냥 지지하는 분위기도 아니었다. 거리에서, 시장에서, 가게에서, 대학교에서 만난 유권자들의 속내를 크게 △코로나19와 자영업 지원책 △부동산과 도시재생사업 △청년 일자리로 주제를 나눠서 전한다.코로나19와 자영업1월27일 저녁, 성동구 마장동 축산시장 정육점 매대에는 부위마다 따로 포장된 한우들이 선홍빛 자태를 뽐내고 있었다. 양쪽으로 늘어선 가게 사이 통행로에는 손님을 찾아볼 수 없었다. “싸게 해줄게요, 보고 가요.” 통행로를 지나는 내내, 상인들이 말을 걸었다. 하지만 서울시장 보궐선거에 대해 묻자, 상인들은 손사래를 쳤다. “당장 먹고살기 힘든데 무슨 정치 이야기냐.”이곳에서 10년째 식당을 운영하는 한승호(47)씨는 “마장동 동네 자체는 민주당 지지 성향이 강한데, 코로나19로 경제에 대한 불만이 늘었다”고 말했다. 서울시장 후보들은 너도나도 자영업자 지원책을 내놓는다. 하지만 코로나19 바이러스 공습에 지난 1년간 지친 자영업자들에겐 정부 지원책도, 선거 공약도 기대에 못 미친다. “이 정육식당도 월세만 2천만원이다. 정부가 한번에 100만~150만원씩 주는 재난지원금을 받는다 해도 효과를 체감하긴 어렵다.” 재난지원금보다는 “차라리 일자리 대책 마련”을 주문했다. 일자리와 소득이 늘어나면 그게 결국 자영업자한테 도움이 되는 선순환이라는 것이다.“(일회성 재난지원금보다는) 자영업자들에게 세금을 깎아주거나 신용카드 수수료를 낮춰주면 좋겠다.” 성수동 뚝도시장에서 35년째 방앗간을 하는 이성수(71)씨의 바람이다. 반대로 신진시장에서 호떡을 파는 노점상 한인석씨는 재난지원금 대상 확대를 원했다. “나는 1차 재난지원금만 받았다. 그 뒤로 노점은 (재난지원금 대상에) 해당되지 않아 못 받았다. 노점상, 일용직, 아르바이트생 등은 자영업자보다 더 배고픈 사람들이라 도움을 주면 좋겠다.”“먹고살기 힘든데 무슨 정치냐”코로나19는 골목상권도 파고들어 자영업자의 불안을 더했다. 종로구 혜화동에서 2년째 작은 카페를 운영하는 박아무개(42)씨는 “이런 상황이 지속되면 우리 가정이 극빈층으로 전락할 수밖에 없다는 위기감이 든다. 한 푼이라도 아쉬울 때 재난지원금을 받는 건 고마운 일이지만 일회성이라 크게 도움은 안 된다. 방역과 일자리 대책에 힘써서 돈을 벌 수 있는 환경을 만들어주면 좋겠다”고 말했다. 성동구 성수동에 사는 전복례(60)씨는 서초구 양재동에서 세탁소를 운영하다 2020년 폐업했다. “임대료가 너무 비싸서 견디기 힘들어. 서울시장 선거에서 민생이 제일 중요해. 민생이든 코로나 대책이든 지금 정부는 마음에 안 들어.” 전씨는 이번 선거에서 “마음에 드는 후보는 아직 없지만” 무조건 야당을 찍을 작정이다.자영업자들은 하나같이 코로나19의 빠른 종식을 간절히 희망했다. 종로구 광장시장에서 분식점을 하는 70대 유아무개씨는 “지난 1년 동안 (코로나19로 손님이 끊겨) 경제적으로 무척 힘들었다. 새 서울시장이 코로나19 좀 잘 잡아서 (장사가 될 수 있도록) 사람이 많이 다니게 해주면 좋겠다”고 말했다.“지금 당장 죽겠는데, (서울시장 후보들이) 내일 있을 정책을 말하는 게 뭐가 중요해. 당장 현실성 있는 대책을 내놓을 수 있는 사람이면 좋겠어. 자영업자들은 당장 오늘 죽느니 사느니 하는데, 내일이나 미래는 먼 얘기야.” 성수동에서 20년째 미용실을 하는 조미숙(52)씨는 ‘현실적인 보상책’을 약속하는 후보에게 투표하고 싶다.2021년 2월2일 서울 성동구 성수동 뚝도시장이 한산한 모습이다. 류우종 기자부동산성수동 ‘서울숲 트리마제’ 아파트는 동네에서 섬 같은 곳이다. 47층 높이를 자랑하며 한강이 내려다보이는 아파트 주변은 2017년 재개발이 끝나 깔끔하고 화려하다. 그러나 아파트에서 뚝도시장 방향으로 걷는 길에는 180도 전혀 다른 풍경이 펼쳐진다. 성수전략정비구역을 낀 뚝섬구길(성덕정로)에는 구축 아파트와 오래된 연립주택들, 좁고 구불구불한 도로, 낡은 간판을 단 상점들이 늘어서 있다.성수전략정비구역은 2009년 오세훈 서울시장 당시 시행된 한강 르네상스 사업으로 최고 50층까지 건축이 허용됐다. 이때 인허가를 받아 지은 47층짜리 아파트가 트리마제다. 그러나 박원순 서울시장 취임 뒤 한강변 아파트는 ‘35층 층고 제한’을 하면서 성수전략정비구역 사업은 수년째 답보 상태다.그래서 이곳의 최대 선거 이슈는 부동산이다. 오세훈 국민의힘 예비후보는 1월19일 성수전략정비구역을 방문했다. “50층짜리 아파트가 될 걸로 보고 (구축 아파트를) 샀다. 그런데 박원순 전 시장이 재개발과 재건축을 규제해 개발이 지지부진했다. 이번 선거에서 규제를 완화하겠다는 국민의힘 후보를 찍을 거다.” 성수동의 한 카페에서 만난 정아무개(41)씨가 성수전략정비구역 쪽으로 눈길을 돌리며 말했다. 2017년 구축 아파트 한 채를 산 그는 현재 행당동 아파트에서 전세로 산다.“임기가 1년 남짓인데…”박원순 전 시장이 부동산 시장을 안정시키기 위해 재개발·재건축 규제를 단행해 성수전략정비구역처럼 비슷한 상황에 놓인 곳이 서울시에 적지 않다. 성동구 왕십리2동에서 만난 윤용현(71)씨도 “사람들 수준이 점점 높아지고, 좋은 집에서 살고 싶은 욕망이 있는데 옛날 집을 그대로 보존하는 방식은 적절치 않다”고 말했다.2014년 서울형 도시재생활성화 1호 지역으로 선정된 종로구 창신·숭인동. 도시재생사업은 문재인 대통령과 박원순 전 시장이 재개발·재건축의 대안으로 제시한 정책이다. 창신동은 전통적으로 민주당 강세 지역이지만, 도시재생사업 문제로 표심 변화가 감지된다. “창신동 도시재생사업은 폐지해야 한다. 이번 선거에서 폐지를 공약하는 후보에게 투표할 거다.” 1월27일 창신2동 주민센터 근처에 있는 창신동 공공재개발 추진위원회 사무실에서 만난 주민 강대선(49)씨는 마시던 커피잔을 내려놓으며 말했다. 옆자리에 있던 주민 오아무개(62)씨도 “문재인 정부와 민주당에 대한 실망이 너무 크다”고 거들었다. 강씨와 오씨는 지난 총선에서 민주당을 지지했다고 한다.무분별한 재개발·재건축 사업 대신 지역의 원형을 보존하자는 취지로 도시재생사업이 도입됐지만, 이로 인해 오히려 원주민이 이사 나가는 등 창신동이 슬럼화되고 있다는 게 이들의 주장이다. 강씨 등은 창신동의 도시재생사업 중단을 촉구하고 있다. 안철수 국민의당 예비후보는 1월1일 창신동을 찾아 “서울시장이 되면 전반적으로 (도시재생사업을) 점검하고 잘못된 부분을 고치겠다”고 말했다.반면 도시재생사업 문제를 지적하면서도 이번 선거에서 민주당을 지지하겠다는 유권자도 있었다. “봉제산업 자체가 죽어가는 산업이라, 봉제산업 특성화를 통해 창신동 도시재생사업의 성과를 내는 데는 한계가 뚜렷하다. 창신동에서 도시재생사업을 하려면 섬유수입 쿼터제 등 봉제산업을 살리기 위한 정책적 지원을 병행해야 한다.” 그러면서도 창신동의 자영업자 강아무개(66)씨는 민주당 ‘계속 지지’ 표심을 밝혔다. “임기 1년 남짓한 서울시장인데 야당 후보가 되면 일을 제대로 하겠나. 집권세력인 여당을 밀어주는 게 맞다”는 이유에서다.역사·문화 자원이 풍부해 2019년 도시재생활성화지역으로 선정된 종로구 청운·효자·사직동 일대(서촌)의 분위기도 비슷했다. 사직동에 거주하는 직장인 장아무개(56)씨는 “주민들의 거주 공간을 보존하는 것이 재개발이 아닌 도시재생을 하는 취지인데, 오히려 사람들이 떠나가고 있다. 길 포장하고, 벽화 그리는 등 밖으로 보여주기 위한 사업 위주로만 진행됐다. 무척 실망스럽다”고 말했다. 그는 “큰 실망감을 준 민주당을 지지할 수도 없고, 국민의힘을 지지하고 싶은 생각도 없어 이번 선거에서 선택이 매우 궁색해졌다”고도 토로했다.동상이몽 ‘모두의 문제’<한겨레21>이 만난 20대부터 80대까지, 부동산은 세대를 아우르는 ‘모두의 문제’였다. 종로구 명륜동에 사는 직장인 정아무개(35)씨는 “대출 ‘영끌’ 해서 집을 사려고 했는데 집값이 너무 올라 결국 못 샀다. 지금 상황에서는 영혼을 팔아도 집을 사지 못할 것 같다”고 푸념했다. 종로구 성균관대에서 만난 유아무개(26)씨는 “아파트 가진 사람들은 가격 오르면 불로소득으로 몇억씩 생기는데 우리는 어렵게 취업해서 한 달 내내 일해봐야 기백만원 버는 게 고작일 것이다. 너무 허탈하다”고 했다. 그는 이번 선거에서 국민의힘 후보를 찍을 작정이다.부동산은 ‘자신’의 문제를 넘어서 ‘자녀’ 문제로 나아갔다. 종로구 신진시장에서 옷 수선 일을 하는 이아무개(75)씨는 “지지 정당이 후보를 아직 정하지 못했다”면서도 요즘 세태를 걱정했다. “우리는 없이 살아도 다 같이 비슷하게 산다는 게 재미였어. 근데 지금은 양극화가 너무 심해졌어. 20~30대 손자랑 손녀가 9명이 있는데 걔들이 살아갈 세상이 걱정돼. 요즘은 집값이 너무 비싸서 부모가 안 사주면 집을 못 사는데, 부모가 사줄 능력이 안 돼. 그럼 얘들은 낙오자가 되는 거 아니야?”특히 전셋값 상승은 유권자에게 시름을 더한다. 2020년 결혼해 마장동 전셋집에서 사는 김아무개(32)씨는 “서울 전셋값이 빠르게 치솟았는데, 살 곳을 찾는 게 정말 만만치 않다. (주택) 청약만 바라보는데 이마저도 쉽지 않을 것 같다”고 고개를 절레절레 흔들었다.다만 ‘모두의 문제’이지만 모두를 만족시키는 해법을 찾기는 어려워 보인다. “젊은 사람들을 위해 도심권에 공공주택을 많이 지어주면 좋겠다.”(성수동 50대 공인중개사) “실거주 목적으로 집 한 채 갖고 있는 사람들까지 왜 보유세를 내야 하는지 모르겠어. 각종 부동산 규제랑 너무 막혀 있는 대출 규제도 다 풀어주면 좋겠어.”(행당동 30대 의사) “고층 아파트만 올라가면 돈 없는 사람들은 갈 데가 없어지잖아. 서울에서 살 수 없어. 재개발·재건축 규제 유지했으면 좋겠다.”(성수동 60대 자영업자) 그야말로 동상이몽이었다.청년 일자리와 젠더1월27일 저녁 찾은 종로구 성균관대에는 학생이 드물었다. 코로나19와 겨울방학, 추운 겨울 날씨가 겹친 탓으로 보였다. 그래도 이 세 개의 장벽을 뚫고 중앙도서관을 찾은 학생과 취업준비생이 드문드문 눈에 띄었다.20대의 최대 관심은 역시 일자리였다. 경영관 앞에서 4학년 김아무개(24)씨를 만났다. “일자리 등 청년들을 위한 정책을 내놓는 후보에게 투표할 예정인데 아직 지지 정당이나 후보를 정하지 못했다.” 21대 총선에서 민주당을 지지했다는 이아무개(23)씨는 이번 선거에서는 지지 정당을 바꿨다고 했다. “가장 체감되는 이슈는 공공기관 등에서 시행하는 지역인재 채용이다. 이건 역차별이라고 생각한다. 이번 선거에서는 야당에 투표하려고 한다.” 국가균형발전을 취지로 공공기관 등에서 신규 채용 인원 중 지역대학 출신을 일정 비율 이상 의무적으로 채용하는데, 이는 지역 출신으로 수도권 대학에 진학한 이씨 같은 학생들이 역차별을 받는다는 주장이다.“젠더 이슈 체계 반드시 마련하라”민주당이 자신들에게 귀책사유가 있을 때는 선거에 후보를 내지 않기로 한 당헌을 개정하며 서울시장 후보를 낸 데 대한 문제제기도 했다. 중앙도서관 앞에서 만난 정아무개(26)씨는 “친구들끼리 이번에 여당은 안 뽑겠다는 이야기를 나눴다. 민주당 소속 시장의 잘못으로 보궐선거를 치르게 됐는데, 당헌을 고쳐가며 후보를 낸 것은 국민과의 약속을 저버린 처사이기 때문”이라고 비판했다. 김아무개(24)씨도 비슷한 생각이다. “이 정부가 ‘기회는 균등하고 과정은 공정하고 결과는 정의로울 것’이라고 했지만, 조국 사태 등을 봤을 때 우리 사이에서는 말과 행동이 다르게 생각돼 이 말 자체가 조롱의 대상이 되곤 한다.”권력형 성범죄로 촉발된 탓에 20대는 젠더 이슈에 민감하게 반응했다. 1월28일 펑펑 내리던 함박눈이 그친 뒤 종로구 청운동 길에서 만난, 생애 첫 투표를 앞둔 최혜성(20)씨는 “이번 선거가 성 비위로 치르는 거라 각 정당이 젠더 이슈를 어떻게 풀어가는지가 가장 큰 관심이다. 새로 뽑히는 시장은 권력형 성범죄, 일상적인 여성혐오 등 젠더 이슈에 대한 체계를 반드시 마련하기 바란다”고 당부했다.그러나 그들의 마음이 곧바로 국민의힘 지지로 이어지지는 않는 것으로 보였다. 성균관대에서 만난 민아무개(23)씨는 “이번 선거를 앞두고 정부·여당이 마음에 들진 않지만, 그렇다고 국민의힘을 찍고 싶지는 않다. 국민의힘은 반대를 위한 반대 이미지가 너무 강하다”고 했다. 윤아무개(26)씨는 “거대 양당 모두 마음에 안 들어 제3세력이 나오면 좋겠는데, 나온다 해도 당선 가능성이 미미해 어딜 지지해야 할지 모르겠다”며 방황하는 표심의 속내를 드러냈다. 성동구 사근동에 사는 대학원생 이준희(29)씨는 “정의당에서 누가 나오면 뽑아주고 싶었는데, 기본소득당 같은 진보정당에 표를 줄까 하는 생각도 든다”고 고민했다.인물부동산과 일자리, 자영업 지원책 등 자신의 삶과 맞닿은 이슈에 유권자들은 솔직한 속내를 들려줬지만, 막상 누구에게 투표할지 확실한 대답을 하는 유권자는 많지 않았다. 여야 모두 아직 다양한 인물들이 각축 중이라서, 최종 후보의 뚜렷한 윤곽이 드러나지 않은 탓이다.청운동에서 만난 김아무개(46)씨는 “여야 후보들 모두 그 나물에 그 밥 같아 찍고 싶은 사람이 없다”며 고개를 저었다.아직까지는 마음을 정하지 않았다그런 가운데 이미 나름의 이유로 지지 후보를 정한 이들도 있었다. “공공주택 공급 공약을 제시한 우상호(더불어민주당 의원)가 좋을 거 같다.”(신진시장 한인석씨) “‘21분 도시 계획’이 참신하게 느껴져서 박영선(전 중소벤처기업부 장관)이 어떨까 싶다.”(뚝도시장 이성수씨) “재개발·재건축 규제 완화한다는 나경원(국민의힘 전 의원)을 지지할까 한다.”(성수동 정아무개씨) “사생활이 깨끗해 보이는데다 서울시장을 한 경험도 있는 오세훈(전 서울시장)이 좋을 것 같다.”(성수동 전복례씨) “국민의힘도 새로운 인물을 내놔야지. 정치인보다는 행정 업무를 한 조은희(서초구청장)가 나을 것 같다.”(행당동 박아무개씨) “이쪽도 저쪽도 아닌 제3자인 안철수(국민의당 대표)가 낫겠다.”(마장동 축산시장 한승호씨) “차라리 새로운 사람인 금태섭(전 의원)을 뽑을까 생각 중이다.”(명륜동 정아무개씨)한 달여 걸친 각 당의 경선과 이후 야권 단일화 등 교통정리 과정이 남아 있다. 이를 통해 인물 구도가 선명해지면 선거 열기도 한층 달아오를 것이다. 선택의 시간이 다가오고 있다.김규남 기자"
(서울=뉴스1) 박지혜 기자 = 오세훈 국민의힘 서울시장 예비후보가 13일 오전 서울 관악구 신림동 주사랑공동체 교회가 운영하는 베이비박스를 방문해 이종락 목사의 설명을 듣고 있다. 베이비박스는 주사랑공동체 교회에서 운영하고 있으며 부모들이 양육을 포기한 영아를 임시로 보호하는 간이시설이다. (오세훈 캠프 제공) 2021.2.13뉴스
"김종인 전날 인터뷰서 25일 합동토론회 하면 '이달말' 가능 강조정 공관위원장 ""이달말 물리적으로 확정 어려워"", 여론조사 기간 이틀오신환(왼쪽부터), 오세훈, 나경원, 조은희 국민의힘 서울시장 보궐선거 경선 후보가 8일 서울 여의도 국민의힘 중앙당사에서 열린 서울시장 선거 본경선 미디어데이에서 기자들의 질문에 답변을 하고있다. 2021.2.8뉴스1 © News1 박세연 기자(서울=뉴스1) 김일창 기자 = 국민의힘 서울시장 보궐선거 후보가 내달 1일 결정될 것으로 보인다. 이날은 제3지대 후보단일화에 나선 안철수 국민의당 대표와 금태섭 전 더불어민주당 의원 중 한 명이 후보로 확정 발표되는 날이다.정진석 국민의힘 공천관리위원장은 13일 통화에서 ""서울시장 보궐선거 본경선에 나선 4명의 예비후보 간 합동토론회가 이달 26일 예정돼 있기 때문에 물리적으로 이달말에 후보를 확정하는 것은 쉽지 않다""며 ""빨라야 3월1일이 될 것""이라고 말했다.김종인 비상대책위원장은 전날 채널A와의 인터뷰에서 ""(이달) 25일이면 (경선 후보간의) 토론이 끝나고 바로 여론조사에 들어갈 것 같으면 우리(국민의힘) 후보를 확정할 수 있다""며 ""이달 안에 (후보 확정을) 끝을 낼 수도 있다""고 말했다.김 위원장은 서울시장 후보간 합동 토론회를 25일로 착각하면서 이달 안에 후보를 확정할 수 있다고 말한 것으로 보인다. 25일은 부산시장 보궐선거에 나설 후보들간 합동토론회가 열리는 날이다.공관위는 서울과 부산시장 보궐선거에 나설 각 4명의 후보간 일대일 스탠딩 토론회와 마지막 합동토론회를 마치는 대로 여론조사에 들어간다. 여론조사 기간은 이틀이다. 26일 합동토론회를 마치고 3월1일 후보를 확정하려면 주말인 27일과 28일 이틀 동안 여론조사를 끝내야 한다"
"(서울=연합뉴스) 서울시장 보궐선거 국민의힘 오세훈 예비후보가 13일 서울 관악구 신림동 주사랑공동체 교회가 운영하는 베이비박스를 방문, 이종락 목사의 설명을 듣고 있다.     베이비박스는 부모가 양육을 포기한 영아를 임시로 보호하는 간이시설이다. 2021.2.13  [오세훈 예비후보 측 제공. 재판매 및 DB금지]"
국민의힘 오세훈·나경원 서울시장 예비후보가 야권 단일화를 성사시키기 위한 구체적인 방안을 제시했습니다.먼저 오세훈 예비후보는 MBN 뉴스에 출연해 자신은 안철수 후보와 노선이 다르지 않다며 서울시를 공동 운용하자고 제안했습니다.자신은 경험이 있는 만큼 서울시에 들어가자마자 일을 할 수 있는 후보라며 여기에 다른 후보들의 지지세를 합해서 서울시에서 협업하는 방법이 있다고 설명했습니다.이에 나경원 예비후보는 SNS를 통해 안철수 후보의 범야권 연립정부 서울시와 오세훈 후보의 서울시 공동운영 모두 동일한 취지에서 나온 것이라며 이를 모두 아우르는 개념이 바로 자유주의 상식 연합이라고 밝혔습니다.나 예비후보는 자유주의 상식 연합을 헌법 질서의 근간 가치인 자유와 상대를 존중하고 공존을 지향하는 상식에 동의하는 사람이라면 누구나 함께 할 수 있는 새로운 정치 플랫폼이라고 설명했습니다.이대건 
"국민의힘 서울시장 경선에 나선 오세훈 전 서울시장이 안철수 국민의당 대표와의 후보 단일화와 관련해 ‘서울시 공동운영’ 구상을 밝혔습니다. 오 전 시장은 오늘 MBN ‘뉴스와이드’에 출연해 “안철수 후보와 노선이 다르지 않다”라며 “예를 들어 서울시를 공동운영하는 제안을 하고 협의를 해서 그런 형태의 단일화가 된다면 유권자들 입장에서 기대감을 최대로 끌어올릴 수 있는 단일화가 되지 않을까 한다”고 말했습니다. 오 전 시장은 국민의힘 경선에 대해, “이제 결선은 일반 서울시민 여론조사만으로 결정을 한다”면서 자신감을 내보였습니다.  그러면서 “당의 후보가 된 다음에 (보수 야권) 단일화하는데 여론조사 경선을 해서 단일화를 하게 되면 양쪽에 결집된 지지세들이 혼연일체가 돼서 함께 윈윈의 관계가 되기 쉽지 않다”면서 “여론조사 경선보다는 어떻게 함께 서울시에 들어갈 것인가, 방법을 찾는 것이 훨씬 더 유권자들에게 좋은 메시지일 뿐더러 승리 가능성을 높이는 단일화 방법”이라고 주장했습니다. 이같은 언급은 자신이 국민의힘 경선을 통과해 안 후보와 최종 단일화를 시도하게 될 경우 서울시 ‘연립정부’ 수립을 조건으로 협상에 나설 수 있다는 것으로 풀이됩니다. 아울러 ‘중도 보수’임을 자임하고 있는 안 후보와의 ‘연립정부’ 구상을 내보임으로써 당내 경쟁자인 나경원 전 의원과의 차별화를 시도하는 것으로 보입니다.[사진 출처 : 연합뉴스]이병도 "
"동영상 뉴스[앵커] 두 달도 채 남지 않은 서울시장 보궐선거의 최대 관심사 중 하나는 야권 단일화 성사 여부입니다. 이른바 '제 3지대' 단일화에 이어 국민의힘 후보와 2차 단일화를 하는 방식으로 가닥이 잡혔는데요. 관건은 최종 후보가 야권 지지층을 얼마나 결집시킬 수 있느냐입니다. 이승국 기자입니다.[기자] 현재 서울시장 보궐선거 야권 후보 단일화는 '투 트랙'으로 추진되고 있습니다.먼저 제1 야당 국민의힘에서는 경선이 한창 진행 중입니다.나경원 전 의원과 오세훈 전 서울시장, 오신환 전 의원, 조은희 서초구청장으로 압축된 4자 경선의 최종 승자는 다음 달 4일 결정됩니다.본격적인 1대 1 토론회를 앞두고 후보들 간 신경전도 달아오르는 모습입니다.<나경원  국민의힘 서울시장 경선 후보(CBS 라디오 '김현정의 뉴스쇼')> ""10년 전에 아이들 점심값 주는 것을 이유로 해서 당과 한 마디 상의도 없이 본인의 직을 걸었습니다. 스스로 물러난 시장이 다시 표를 구한다는 것은 명분이 없다, 이렇게 봅니다.""<오세훈  국민의힘 서울시장 경선 후보> ""지난 총선 직전 1년은 황교안·나경원, 두 분이 원내·외를 분담해서 (국회를) 운영하셨죠. 결과에 대해서 한 번 정도는 유감의 표시는 있는 게 정치인으로서는 도리가 아닌가.""국민의당 안철수 대표와 무소속 금태섭 전 의원의 이른바 '제 3지대 단일화'도 속도를 내고 있습니다.오는 15일과 25일 두 차례 토론회를 거친 뒤, 다음 달 1일 단일 후보를 뽑을 예정입니다.두 사람 중 승자는 국민의힘 서울시장 후보와 최종 야권 단일후보 자리를 놓고 마지막 승부를 벌이게 됩니다.야권에서는 이 '계단식 단일화'를 거치는 동안 지지층 결집 등 시너지 효과가 나타날 것으로 기대하고 있습니다.후보 간 흠집 내기를 최소한으로 줄여 '아름다운 단일화' 모양새를 연출하느냐가 최대 관건이 될 전망입니다.그러나 반대의 경우 시민들의 피로감만 쌓이게 하는 결과를 초래해, 안 하느니만 못한 단일화가 될 수 있다는 우려도 나옵니다.연합뉴스TV 이승국입니다.연합뉴스TV 기사문의 및 제보 : 카톡라인 jebo23 ▶ 네이버에서 연합뉴스TV를 구독하세요 ▶ 연합뉴스TV 생방송 만나보기  ▶ 균형있는 뉴스, 연합뉴스TV 앱 다운받기"
"(서울=연합뉴스) 한지훈 기자 = 국민의힘 오세훈 서울시장 경선 후보가 13일 야권 후보 단일화 상대인 국민의당 안철수 후보와 서울시를 공동 운영할 수 있다는 뜻을 밝히자 나경원 경선 후보도 호응했다.    오 후보는 MBN 인터뷰에서 안 후보와의 후보 단일화 문제와 관련, ""서울시를 함께 힘을 모아 공동 운영하기로 합의해서 그런 형태의 단일화가 된다면 유권자들 입장에서 기대해볼 만할 것""이라고 말했다.    이어 ""저는 중도 우파로 안 후보와 노선이 다르지 않다""면서 ""외국에는 연립정부의 실험이 있지 않으냐""고 강조했다.    이에 대해 같은 당 나 후보도 페이스북에서 ""성공적인 단일화로 선거에서 승리하면, 서울시 공동 운영은 당연히 실천해야 할 기본 과제""라고 한목소리를 냈다.    나 후보는 나아가 야권 후보 단일화에 이은 '자유주의 상식 연합' 구축을 제안하며, ""안 후보뿐 아니라 금태섭 후보, 더 넓게는 조정훈 후보까지도 함께 할 수 있어야 한다""고 주장했다.    그는 ""진중권 전 교수와 서민 교수 등 합리적 진보도 중요한 역할을 해주실 것이라 기대한다""며 ""우리의 궁극적인 목표는 정권 교체와 대한민국 혁신""이라고 밝혔다.인사하는 나경원 오세훈(서울=연합뉴스) 국민의힘 서울시장 후보에 도전하는 나경원 전 의원과 오세훈 전 서울시장이 20일 서울 여의도 당사에서 열린 '박원순 시정 잃어버린 10년, 재도약을 위한 약속' 발표회에서 인사하고 있다.  2021.1.20 [국회사진기자단]"
"동영상 뉴스▶ 수도권도 '밤 10시'…'5인 이상 금지' 연장  오는 15일부터 수도권 실내이용시설과 유흥시설의 영업제한이 밤 10시까지 연장되고, 비수도권은 모든 영업 제한이 풀립니다.  '5인 이상 모임' 금지는 계속 유지되지만, 직계 가족이면 거주지가 달라도 모임이 허용됩니다.▶ 귀경·나들이객 몰려 정체…내일까지 미세먼지  설 연휴 사흘째인 오늘 귀경과 나들이 차량이 몰리면서 전국의 고속도로 정체가 이어지고 있습니다.  내일까지 미세먼지가 예보된 가운데, 초봄 날씨에 도심 곳곳은 마스크를 쓴 시민들로 북적였습니다.▶ '2주 신생아 사망' 부부에 ""살인죄 적용해야""  생후 2주밖에 안 된 아들을 때려 숨지게 한 부부가 아동학대치사혐의로 구속됐습니다.  하지만, 부부가 신생아를 의도적으로 숨지게 했다며 살인죄 적용을 요구하는 목소리가 커지고 있습니다.▶ ""속옷 팝니다"" 제2 n번방 우려 '일탈계' SNS  유명 SNS에서 특정 단어만 검색하면 음란물과 입던 속옷까지 거래되는 글이 MBN 취재 결과 확인됐습니다.   이른바 '일탈계'의 행각으로 불법이지만, 파는 사람이나 사는 사람 모두 공개되길 꺼려서 단속이나 처벌이 쉽지 않습니다.▶ 쿠팡 직원 ""1천억 주식""…배달료 ""5천 원""  온라인 쇼핑몰 쿠팡이 미국 뉴욕증시 상장을 예고한 가운데 일선 직원과 비관리직 직원에게 최대 1천억 원어치의 주식을 나눠주겠다고 밝혔습니다.  민주노총 산하 배달서비스 지부는 서울 일부 아파트들의 갑질이 개선되지 않으면 배달료를 5,000원으로 인상하겠다고 배달 대행업체에 통보했습니다. ▶ 오세훈 ""안철수와 연립정부""…여권 후보 '분주'  오세훈 국민의힘 서울시장 예비후보가 오늘 MBN 뉴스와이드에 출연해 ""안철수 국민의당 대표와 서울시 연립정부를 만들어 공동 운영할 수 있다""고 말했습니다.  박영선 더불어민주당 후보는 청년층과 자영업자들의 표심을  공략했고, 우상호 후보는 노무현 전 대통령 묘소를 참배했습니다.▶ 네이버에서 'MBN뉴스'를 구독하세요!▶ 김주하 앵커 'MBN 종합뉴스' 저녁 7시 20분 진행▶ MBN Y포럼 사전등록 GO! GO!< Copyright ⓒ MBN(www.mbn.co.kr) 무단전재 및 재배포 금지 >"
"차기 대선, 야당 46% vs 여당 45.5%…오차범위 내 접전[서울=뉴시스] [서울=뉴시스] 김남희 기자 = 차기 대선주자 지지도에서 이재명 경기도지사가 이낙연 더불어민주당 대표와 윤석열 검찰총장을 크게 앞서는 것으로 13일 나타났다. 여론조사 전문업체 입소스가 SBS 의뢰로 지난 6∼9일 전국 만 18세 이상 1002명을 대상으로 실시한 조사 결과, 차기 대선주자 지지도에서 이 지사가 28.6%를 기록했다. 이 대표는 13.7%, 윤 총장은 13.5%로 각각 집계됐다. 뒤이어 홍준표 무소속 의원(5.3%), 유승민 전 국민의힘 의원(1.9%), 정세균 국무총리(1.8%), 추미애 전 법무부장관(1.6%), 오세훈 전 서울시장(1.5%), 심상정 정의당 의원(1.4%), 원희룡 제주도지사(0.6%) 순이었다.이 지사는 '60세 이상'을 제외한 전 연령대에서 선두를 달리는 것으로 나타났다. 민주당 지지층에서도 42.8%의 지지를 얻어 27.9%를 기록한 이 대표보다 높았다.다만 광주·전라 지역에서는 이 대표가 36.5%로 이 지사의 30.0%에 앞섰다. 바람직한 차기 대선 결과에 관한 질문에선 '여당의 정권 재창출'이 45.5%, '야당의 정권교체'가 46.0%로 오차범위 내에서 팽팽하게 맞섰다. 이번 조사는 유무선 전화면접조사로 이뤄졌으며 표본오차는 95% 신뢰 수준에 ±3.1%, 응답률은 14.4%다. 자세한 사항은 중앙선거여론조사심의위원회 홈페이지를 참조하면 된다.☞공감언론 뉴시스"
"SBS 설 여론조사출처=SBSSBS가 각종 현안에 대한 여론조사를 실시한 결과를 13일 공개했다.내년으로 다가온 대선 관련 조사도 포함됐다.SBS는 여론조사기관 입소스에 의뢰, 지난 6~9일 전국 유권자 1천2명을 대상으로 유무선 전화면접조사를 진행했다. 표본 오차는 95% 신뢰 수준에 ±3.1%포인트.우선 대선에서 누구에게 투표할지 물었더니, 이재명 경기도지사가 28.6%, 이낙연 더불어민주당 대표가 13.7%, 윤석열 검찰총장이 13.5%의 지지를 얻었다.이에 대해 SBS는 지난 1월 1일 보도된 신년 여론조사와 비교해 이재명 지사는 5%포인트(p) 올랐고, 이낙연 대표 및 윤석열 총장은 각 3%p 및 5%p 지지도가 떨어졌다고 설명했다.최근 발표된 여러 여론조사에서도 이재명 지사의 오차범위 밖 독주 양상이 확인된 바 있다. 아울러 추윤갈등(추미애 전 법무부 장관 대 윤석열 총장) 구도에서 이재명 지사 다음, 즉 이낙연 대표는 곧잘 제쳤던 윤석열 총장은 이번 조사에서는 오차범위 안이기는 하지만 이낙연 대표 뒤에 랭크됐다.그 다음으로 홍준표 무소속 국회의원 5.3%, 유승민 전 의원 1.9%, 정세균 국무총리 1.8%, 추미애 전 장관 1.6%, 오세훈 전 서울시장 1.5%, 심상정 전 정의당 대표 1.4%, 원희룡 제주도지사 0.6% 순이었다.문재인 대통령의 국정 운영에 대해서도 잘 하고 있는지 잘 못하고 있는지 물었다. 잘 못하고 있다가 49.9%로, 잘 하고 있다(44.9%)에 오차범위 내에서 소폭 앞섰다.SBS는 역시 신년 여론조사와 비교, 잘 하고 있다는 평가는 3.6%p 늘고, 잘 못하고 있다는 평가는 4.1%p 줄었다고 전했다.아울러 30, 40대는 잘 하고 있다는 평가가 더 많았고, 20대와 60대 이상은 잘 못하고 있다는 평가가 더 많았다.여론조사에서는 다시 대선을 두고 '여당의 정권 재창출'과 '야당으로 정권 교체' 가운데 어떤 결과가 더 바람직하다고 보는지 물었다. 야당으로 정권 교체(46%)와 여당의 정권 재창출(45.5%)이 비슷했다.황희진 기자"
"[머니투데이 박소연  기자] [[the300]공관위 ""본선 경쟁력 감안 만장일치 결정…역선택 증명 안돼""]서울시장 보궐선거에 출마한 나경원 국민의힘 전 의원(왼쪽)과 오세훈 전 서울시장이 지난달 24일 오후 서울 여의도 국민의힘 중앙당사에서 열린 서울시장 보궐선거 공천 신청자 면접에 참석하고 있다. 사진=뉴스1국민의힘이 4·7 서울시장 보궐선거 본경선을 100% 일반시민 여론조사로 치르기로 하면서, 이러한 룰이 당락을 결정하는 변수로 작용할지 관심이 쏠린다.10일 국회에 따르면 국민의힘은 다음달 4일 치러지는 본경선을 100% 여론조사로 선출한다. 특히 여론조사 과정에서 응답자의 지지 정당을 묻지 않는다. 민주당 지지자도 여론조사 대상에 포함된단 얘기다.반면 더불어민주당은 권리당원 투표 50%, 일반국민 여론조사 50%로 후보를 선출키로 했다. 민주당 지지자만 대상으로 여론조사를 실시한다.나경원 전 의원 측은 국민의힘의 본경선 룰이 합리적이지 않다는 입장이다. 자칫 민주당 지지자들이 각종 여론조사에서 국민의힘 1위에 오른 나 전 의원을 견제해 역선택을 할 수도 있단 이유에서다.나 전 의원은 지난 8일 서울 여의도 중앙당사에서 서울시장 보궐선거 본경선 진출 후보 4명을 대상으로 개최한 '미디어데이'에서 ""근본적 문제는 우리 당을 좋아하는 분들이 후보를 선택하는 룰이 아니라 100% 시민 경선이고 우리는 민주당 지지자도 제외하지 않는다는 것""이라고 말했다.이어 ""소위 '문빠'들이 조직화 됐기에 여론조사를 왜곡할 수 있다는 우려가 있다""고 지적했다.정진석 국민의힘 4?7 보궐선거 공천관리위원장이 5일 오전 서울 여의도 국회에서 서울시장 및 부산시장 본경선 진출자를 발표하고 있다. 사진=뉴스1국민의힘 예비경선에서 1위를 차지한 나 전 시장은 책임당원 투표에서 오세훈 전 시장에 앞섰으나, 여론조사에서 오 전 시장에 밀려 2위를 기록했다.나 전 의원측은 ""국민의힘의 이번 본경선 룰은 상당히 이례적""이라며 ""이와 관련 오늘 오후 중앙당사 앞에서 책임당원 협의회가 항의집회를 가졌다""고 말했다.국민의힘 공천관리위원회는 후보의 본선 경쟁력을 감안한 결정이라는 입장이다. 정진석 공관위원장은 이날 머니투데이 더300과의 통화에서 ""본선 경쟁력이 중요하니 민주당 지지자도 여론조사 대상에 포함한 것""이라며 ""일각에서 역선택 우려를 거론하는데 전문가 의견을 들은 결과 경험적으로 증명된 게 없다""고 밝혔다.정 위원장은 ""서울과 부산 광역을 아울러 하는 여론조사라 역선택 가능성은 크게 우려할 바가 아니라는 결론에 도달해 공관위 만장일치로 정한 방향""이라고 설명했다.국민의힘 서울시장 경선에 나선 나경원 전 국민의힘 의원과 오세훈 전 서울시장이 29일 서울 용산구 백범김구기념관에서 열린 서울시장 후보 비전스토리텔링PT에서 기념촬영을 마치고 자리로 향하고 있다. 사진=뉴스1나 전 의원 측은 다만 본경선 승리엔 지장이 없다는 점을 강조하고 있다. 나 전 의원은 이날 차담회에서 ""(예비경선 여론조사에서 오 전 시장과) 근소한 차이이고 계산해보면 제가 더 이기는 것으로 나왔다""고 말했다.일각에선 나 전 후보가 1억원대 결혼·출산 지원 공약으로 얻은 '나경영(나경원+허경영)' 호명과 관련해, 여론조사를 의식한 중도층 감싸안기 행보라는 분석이 나오지만, 나 전 후보 측은 ""평소 신념에 따른 공약일 뿐 이념 성향에 따른 전략은 없다""는 입장을 밝혔다.한편 국민의힘 예비경선 여론조사에서 1위를 차지한 오 전 시장은 나 전 의원에 ""지나간 1위""라며 공세를 강화하고 있다.오 전 시장측은 시민 여론조사 100%로 선출되는 본경선 룰과 관련해 ""저희는 일관되게 당의 방침을 따르겠다는 입장이다. 여성 가산점도 수용했다""며 ""이제 와서 경선 룰을 문제삼는 것은 바람직하지 않다""고 밝혔다.박소연  기자"
"“중도 우파로 안 후보와 노선이 다르지 않다”    국민의힘 오세훈 서울시장 예비후보. 연합뉴스     국민의힘 오세훈 서울시장 예비후보는 13일 국민의당 안철수 후보와의 후보 단일화 문제와 대해 “서울시를 함께 힘을 모아 공동 운영하기로 합의해서 그런 형태의 단일화가 된다면 유권자들 입장에서 기대해볼 만할 것”이라고 말했다.   오 후보는 MBN ‘뉴스와이드’에 출연, “저는 중도 우파로 안 후보와 노선이 다르지 않다. 외국에는 연립정부의 실험이 있지 않으냐”면서 이같이 밝혔다.   이는 자신이 국민의힘 경선을 통과해 제3지대의 안 후보와 최종 단일화를 시도하게 될 경우 서울시 ‘연립정부’ 수립을 조건으로 협상에 나설 수 있다는 구상으로 풀이된다.   오 후보는 여론조사 방식의 후보 단일화에 대해서는 “여론조사로 단일화를 하면양쪽에 결집한 지지세들이 혼연일체가 돼서 함께 윈윈 관계가 되기 쉽지 않다”라고 부정적 입장을 밝혔다.   이 밖에 그는 산업통상자원부의 북한 원전 관련 문건 파일명에서 소문자 알파벳’v’가 ‘버전(version)’이 아니라 문재인 대통령을 의미하는 ‘VIP’라고 주장했다 번복한 것에 대해 “참으로 안타깝다”고 말했다.   이어 “제가 평생 변호사 업무를 했는데 변호사들은 파일명을 쓸 때 사건명을 쓰지, v를 쓰지 않는다”며 “기업체와 업무 환경이 다르다”고 밝혔다.   김경호 기자"
"'자유주의 상식 연합' 제안...""금태섭·조정훈도""""단일화로 선거 승리하면 공동운영은 당연해""국민의힘 나경원 서울시장 예비후보. 연합뉴스[서울경제] 나경원 국민의힘 서울시장 경선 후보가 국민의당 안철수 후보와 서울시를 공동 운영할 수 있다는 같은 당 오세훈 후보의 취지에 호응했다. 나 후보는 진중권 전 동양대 교수, 서민 단국대 의대 교수 등까지 거론하며 연대를 호소했다.나 후보는 13일 자신의 페이스북에 ‘‘자유주의 상식 연합’이 정치혁신 플랫폼이 돼야 합니다’라는 글을 올리고 “나는 지난 10일 언론인과의 간담회에서 ‘자유주의 상식 연합’을 제안한 바 있다”며 “재보궐 선거 직후 곧바로 ‘야권 대통합 큰 그릇’ 만들기가 필요하다”고 강조했다. 그는 “앞서 안철수 후보가 제안한 ‘범야권 연립정부 서울시’, 어제 김종인 위원장이 강조한 ‘숙명으로서의 단일화’, 그리고 오늘 오세훈 후보의 ‘서울시 공동운영’까지 모두 동일한 취지에서 비롯된 것으로 생각한다”며 “이 모든 것을 아우르는 개념이 바로 제가 말씀드린 ‘자유주의 상식 연합’”이라고 설명했다.나 후보는 “우리 헌법 질서의 근간 가치인 자유, 상대를 존중하고 공존을 지향하는 상식에 동의하는 사람이라면 누구나 함께 할 수 있는 새로운 정치 플랫폼”이라며 안철수 국민의당 대표, 금태섭 무소속 서울시장 예비후보, 조정훈 시대전환 서울시장 후보 등을 거론했다. 나아가 “‘자유주의 상식 연합’은 정치 영역에 국한돼도 안 되고 학계, 시민사회, 문화예술계에 이르기까지 대한민국 리뉴얼의 새로운 기준이 될 것”이라며 “진중권 교수와 서민 교수 등 합리적 진보도 중요한 역할을 해주실 것이라 기대한다”고 밝혔다.나 후보는 또 “이번 재보궐 선거 야권 후보 단일화는 가장 의미 있는 첫 단추가 될 것”이라며 “성공적인 단일화로 선거에서 승리하면 서울시 공동 운영은 당연히 실천해야 할 기본 과제”라고 강조했다. 앞서 오세훈 후보는 이날 MBN ‘뉴스와이드’에 출연해 ""서울시를 함께 힘을 모아 공동 운영하기로 합의하고 그런 형태의 단일화가 된다면 유권자들 입장에서 기대해볼 만할 것""이라며 “저는 중도 우파로 안 후보와 노선이 다르지 않고 외국에도 연립정부의 실험이 있다”고 밝혔다. 자신이 경선을 통과해 국민의힘 후보가 된 뒤 안 대표와의 최종 단일화 과정에서 서울시 '연립정부' 수립을 조건으로 협상에 나설 수 있다는 구상으로 해석되는 발언이었다. 윤경환 기자"
"두 달 안으로 다가온 4·7일 서울시장 보궐선거를 놓고 정치권에선 “부동산이 당락을 가른다”는 전망이 나온다. 선거에서 내 집 문제만큼 폭발력 있는 현안이 드문 데다가, 집값 폭등에 대한 반감 여론이 수그러들지 않는 탓이다. 지난 8일 발표된 리얼미터 여론조사(5일 전국 성인 500명 대상 조사, 자세한 내용은 중앙선거여론조사심의위원회의 홈페이지를 참조)에 따르면 정부의 2월 4일 부동산 대책에 대해 ‘도움이 되지 않을 것’이라는 응답이 53.1%로 도움이 될 것(41.7%)이라는 응답을 앞질렀다.      국민의힘 관계자는 “백신 접종이나 확진자 수 등 변수가 많은 코로나19와 달리, 부동산 사태는 문재인 정부의 실정을 확실히 보여주는 보증서”라고 말했다. 야권 서울시장 후보들도 유권자들의 표심과 반문(反文) 정서를 일거에 자극할 부동산 공약 마련에 힘을 쏟고 있다.     ━   安 “5년간 74만호 공급…청년주택 보증금 프리”      서울시장 후보로 나선 국민의당 안철수 대표가 8일 서울 한남동 한남3재정비촉진구역(한남3구역)을 방문해 노후된 다세대·다가구주택을 살펴보고 있다. 오종택 기자       안철수 국민의당 대표는 5년간 주택 74만6000호를 공급하겠다고 공약했다.      안 대표의 주택 정책은 특히 젊은 층 공략에 초점을 맞췄다. 저소득층 청년을 위해 청년임대주택 10만호를 공급하고, 보증금 대신 보증보험으로 대체하겠다고 밝혔다. 또 신혼부부에게 우선 입주할 권리를 주고, ‘10년 입주권’도 보장하겠다고 했다. 청년주택 부지는 국철·전철 지하화로 생긴 상부 공간(5만호)과, 시유지와 노후 청사 부지(5만호)를 활용한다는 구상이다.      30~60대 유권자를 겨냥해선 역세권, 공공기관 이전 부지 등을 활용해 40만호를 공급하겠다고 했다. 안 대표는 이외에도 종합부동산세(종부세) 납부를 주택 매도 시로 미루는 ‘이연제도’ 도입 등을 약속했다.     ━   나경원 “10년 70만호…고가 주택 기준 9억→12억”      서울시장 예비후보인 국민의힘 나경원 전 의원이 지난달 27일 오후 서울 강남구 대치동 은마아파트를 찾아 노후된 시설을 살펴보고 있다. 중앙포토       국민의힘 나경원 전 의원의 부동산 공약은 ‘원·더·풀’(원하는 곳에 더 많이 짓고, 규제를 풀겠다는 뜻)로 요약된다. 나 전 의원이 내놓은 부동산 7대 공약의 앞머리에 올라와 있는 게 ‘재산세 다이어트’다. 고가 주택 기준을 9억원에서 12억원으로 완화하고, 공시가격을 실거래가의 70% 수준으로 동결시켜 세금 폭탄을 막겠다는 취지다. 나 전 의원은 또 공시가격이 12억원 이하인 1가구 1주택자의 경우 재산세를 50% 감면하겠다고 밝혔다.      주택은 매년 7만호씩 10년간 70만호를 공급하겠다고 약속했다. 민간 40만호, 공공임대주택 20만호, 신혼부부를 위한 주택 10만호 등이다.        서울에서 결혼, 출산을 하면 9년간 최대 1억1700만원의 보조금 혜택을 준다는 파격적인 공약도 내놨다. 결혼 시 4500만원, 출산을 하면 추가로 4500만원을 지원하고, 대출이자를 3년간 시에서 대납(약 2700만원)해 내 집 마련 부담을 줄인다는 내용이다.     ━   오세훈 “7층 높이 규제 철폐로 건축 경기 살릴 것”      오세훈 서울시장 예비후보가 3일 오전 서울 노원구 상계주공9단지 상가 내 한 공인중개사 사무소에서 지역 부동산 설명을 듣고 있다. 오종택 기자       “부동산은 숫자보단 속도가 중요하다”고 강조하는 오세훈 전 서울시장은 5년 동안 주택 36만호를 공급하겠다는 공약을 들고 나왔다.      오 전 시장은 36만호 중 재개발·재건축 정상화로 공급될 수 있는 주택을 18만5000호로, 기존 서울시 공급계획을 추진해 확보할 수 있는 주택을 7만5000호로 봤다. 나머지 10만호는 상생주택(7만호), 모아주택(3만호)로 공급한다는 계획이다. 상생주택은 도심에 방치된 민간 토지를 개발한 뒤, 임대주택과 장기 전세주택을 공급하는 제도다. 모아주택은 환경이 열악한 주택단지의 용적률을 상향해 필지 소유자들이 공동개발에 나서도록 유도하는 일종의 재건축 사업이다.        오 전 시장은 2종 일반 거주지역의 ‘7층 높이 규제’를 한시적으로 없애겠다는 공약도 내놨다. 일대에 경제성이 높은 고층 건물을 짓도록 유도하면 공급과 건축 경기가 저절로 산다는 논리다.       ━   조은희 “65만호” 오신환 “반반 아파트” 금태섭 “재개발”      조은희 서초구청장은 ‘부동산 햇볕정책’을 내세우고 있다. 5년간 65만호를 공급하겠다고 공약했다. 서울시의 해제된 정비 구역 393개를 재개발해 35만호를 공급하고, 아파트 재건축 35층 규제를 풀어 20만호를 공급하겠다고 밝혔다. 또 청년주택 10만호를 조성하겠다고 했는데, 무주택 신혼부부가 분양가 20~30%를 선납하면 나머지는 30년간 장기 상환하는 방식이다.      오신환 전 의원은 “비현실적인 공급 공약은 내놓지 않겠다”고 차별화를 시도하고 있다. 오 전 의원은 대신 ‘환매 조건부 반반아파트’ 공약을 내놨다. 아파트를 절반 가격으로 공급한 뒤 추후 서울시에 되팔 때 매매 차익의 절반을 보장해주겠다는 것이다. 용산 캠프킴, 태릉 골프장, 상암 LH, 마곡 SH 부지 등에 반반 아파트를 짓겠다는 계획이다.      무소속 금태섭 전 의원은 “무리한 신규 공급 대신, 신속한 재개발로 부동산 숨통을 틔우겠다”는 입장이다. 해제된 정비 구역 주민들의 의견을 수렴해 민간 주도로 재개발을 하는 ‘서울형 공공 재개발’ 공약을 내놨다. 이 과정에서 발생하는 초과 이익의 일부를 환수해 서민 주거 개선 등에 사용할 방침이다. 금 전 의원 측은 “재개발만으로도 약 25만호 공급이 가능하다”고 말했다.      손국희 기자"
[서울=뉴시스]최동준 기자 = 오세훈 국민의힘 서울시장 예비후보가 10일 서울 중구 남대문시장을 방문해 상인과 인사하고 있다. 2021.02.10.
"20대 대선, 野 정권 교체 46% vs 與 정권 재창출 45.5%© News1 김일환 디자이너(서울=뉴스1) 이준성 기자 = 여권 차기 대권 주자인 이재명 경기도지사 지지율이 이낙연 더불어민주당 대표와 야권의 잠재후보로 거론되는 윤석열 검찰총장에 큰 폭으로 앞서면서, '1강 2중' 체제가 굳어지고 있다. 내년 대선에서 '여당의 정권 재창출'과 '야당으로 정권 교체'에 대한 여론은 오차범위 내 팽팽한 양상을 보였다.13일 SBS가 여론조사기관 입소스에 의뢰해 지난 6~9일 전국에 거주하는 만 18세 이상 1002명을 대상으로 실시한 여론조사 결과에 따르면 차기 대통령 지지도에서 이 지사는 28.6%, 이 대표는 13.7%, 윤 총장은 13.5%를 기록했다.뒤를 이어 홍준표 무소속 의원(5.3%), 유승민 전 국민의힘 의원(1.9%), 정세균 국무총리(1.8%), 추미애 전 법무부장관(1.6%), 오세훈 전 서울시장(1.5%), 심상정 정의당 의원(1.4%), 원희룡 제주도지사(0.6%) 순이었다. 또 '지지후보 없다'(26.0%), '모름무응답'(2.8%) '기타'(1.3%) 등의 대답을 선택한 응답자는 총 30.1%에 달했다.이재명 지사는 '60세 이상'을 제외한 전 연령대에서 선두를 달리는 것으로 나타났다. 특히 40대(42.2%)와 50대(31.8%), 30대(31.7%)에서 평균보다 지지율이 높았다.지지층에서는 민주당 지지층(42.8%), 진보층(41.7%), 국정운영 긍정평가층(40.0%), 가구 월소득 701만원 이상(37.3%)에서 높은 지지율을 나타냈다.이낙연 당대표는 광주·전라(36.5%), 민주당 지지층(27.9%), 국정운영 긍정평가층(26.4%), 가구 월소득 200만원 이하(19.2%) 등에서 높은 지지를 받았다.윤석열 총장은 국민의힘 지지층(36.0%), 국정운영 부정 평가층(25.9%), 60세 이상(20.5%), 대구·경북(20.3%)에서 지지도가 높은 것으로 나타났다.바람직한 차기 대선 결과를 묻는 질문에 대해선 '야당의 정권 교체'가 46.0%, '여당의 정권 재창출'이 45.5%로 오차범위 내 접전 양상을 보였다. 모름무응답은 8.5%였다.서울·인천·경기 지역 응답자의 45.8%가 '정권교체'를, 45.5%는 '정권재창출'을 선택했다. 광주·전라(67.5%), 대전·충청·세종(50.3%), 강원·제주(49.9%)에선 '정권 재창출'이, 대구·경북(64.4%), 부산·울산·경남(55.3%)에서는 '정권교체' 응답이 더 높게 나왔다. 한편, 이번 조사는 유무선 전화면접조사로 이뤄졌으며 표본오차는 95% 신뢰 수준에 ±3.1%, 응답률은 14.4%다. 자세한 사항은 중앙선거여론조사심의위원회 홈페이지를 참조하면 된다"
"(서울=연합뉴스) 서울시장 보궐선거 국민의힘 오세훈 예비후보가 13일 서울 관악구 신림동 주사랑공동체 교회가 운영하는 베이비박스를 방문, 이종락 목사의 설명을 듣고 있다.     베이비박스는 부모가 양육을 포기한 영아를 임시로 보호하는 간이시설이다. 2021.2.13  [오세훈 예비후보 측 제공. 재판매 및 DB금지]"
"(서울=연합뉴스) 서울시장 보궐선거 국민의힘 오세훈 예비후보가 13일 서울 관악구 신림동 주사랑공동체 교회가 운영하는 베이비박스를 방문, 이종락 목사의 설명을 듣고 있다.     베이비박스는 부모가 양육을 포기한 영아를 임시로 보호하는 간이시설이다. 2021.2.13  [오세훈 예비후보 측 제공. 재판매 및 DB금지]"
"오세훈 국민의힘 서울시장 예비후보가 10일 서울 남대문시장을 방문해 상인과 인사하고 있다. 오종택 기자           서울시장 보궐선거에 나서는 국민의힘 오세훈 예비후보가 13일 안철수 국민의당 예비후보와 서울시 공동 운영에 합의하는 방식으로 야권 단일화를 이루는 게 중요하다고 밝혔다. 그는 이날 MBN과 인터뷰에서 ""서울시를 공동운영한다는 제안을 하고 협의해서 단일화가 된다면 유권자 입장에서 기대해 볼만하다""고 말했다.  이에 대해 화답한 건 나경원 국민의 힘 예비후보였다. 나 후보는 이날 오후 페이스북을 통해 오 후보의 발언을 언급하며 ""당연히 실천해야 할 기본과제""라며  ""안철수 후보가 제안한 '범야권 연립정부 서울시', 어제 김종인 위원장이 강조한 '숙명으로서의 단일화', 오늘 오세훈 후보의 '서울시 공동운영'까지 모두 (정계개편이란) 동일한 취지에서 비롯된 것으로 생각한다""며 ""이 모든 것을 아우르는 개념이 바로 제가 말씀드린 '자유주의 상식 연합'이다""라고 했다.     나경원 국민의힘 서울시장 예비후보가 9일 서울 중구 중앙우체국을 방문해 집배원들과 대화를 하고 있다. 오종택 기자       앞서 오 후보는 ""국민의힘과 제3지대 후보가 여론조사를 통해 단일화를 이룬다면 지지층은 여전히 마음을 동하지 않을 것""이라며 ""그래서 후보가 되더라도 여론조사 경선보다는 어떻게 함께 서울시에 들어갈 것인가 하는 방법을 찾는 것인 유권자들에게 좋은 메시지일뿐더러 승리 가능성을 높이는 지지세를 결집시키는 단일화 방법""이라고 제안했다.        나 후보는 안철수 후보와의 연대를 강조한 오 후보와 달리 연대의 폭을 더 넓혀야 한다고 주장했다. 나 후보는  ""우리 헌법 질서의 근간 가치인 자유, 상대를 존중하고 공존을 지향하는 상식에 동의하는 사람이라면 누구나 함께할 수 있는 새로운 정치 플랫폼""이라며 ""안 후보, 금태섭 후보뿐만 아니라 더 넓게는 조정훈 후보까지 함께할 수 있어야 한다""고 강조했다.      그러면서 ""학계, 시민사회, 문화예술계에 이르기까지 '자유주의 상식 연합'은 대한민국 리뉴얼의 새로운 기준이 될 것""이라며 ""진중권 교수와 서민 교수 등 합리적 진보도 중요한 역할을 해주실 것이라 기대한다""고 밝혔다.      이해준 기자"
"설 직전 여론조사, 박영선 안철수 40%대에서 혼전국민의힘 후보로는 박영선 상대 우위 아무도 없어야권 단일화 후보 선호도, 안철수>나경원>오세훈 순서 오는 4월 7일 서울시장 보궐선거가 범여권에서는 박영선 전 중소벤처기업부 장관, 범야권에서는 안철수 국민의당 대표 양강 구도로 굳어지고 있다. 설 명절을 앞두고 실시된 각종 여론조사에서 박 전 장관과 안 대표가 여야의 대표선수로 서울시장 본선에 오를 경우 박빙의 승부를 펼칠 것이라는 가상대결 결과가 나왔다.상대적으로 야권이 앞선 것으로 나타났던 선거 양상이 설 명절 전후 혼전 양상으로 변하는 것으로 나타났다. 박 전 장관의 출마 선언 이후 여권 지지층이 결집하는 모양새다. 다만, 안철수 대표와 국민의힘 사이의 단일화가 무산될 경우 박영선 전 장관이 넉넉한 차이로 승리할 것으로 전망됐다. 결국 야권 후보 단일화가 어떤 형태로 결론나느냐가 서울시장 보궐선거 판세를 결정짓는 요인이 될 것이라는 전망에 힘이 실리고 있다. 민주당 후보들에 대한 안 대표의 본선 경쟁력이 야권 단일화에 어떤 영향을 미칠지가 서울시장 보궐선거 판세를 좌우할 것이라는 분석도 나온다.  더불어민주당 박영선 서울시장 예비후보가 설 연휴 첫날인 11일 서울 성북구 안암 창업밸리를 방문해 청년 창업과 청년 신혼부부 주거 문제를 살피고 있다. 연합뉴스◇ 설 전후 여론조사. 안철수 박영선 ‘장군멍군’ 13일 정치권에 따르면, 설 연휴 전후 MBC와 SBS에서 공개한 서울시장 보궐선거 여론조사에서 박영선 전 장관과 안철수 대표는 오차범위 내에서 팽팽한 접전을 펼치고 있었다.지난 10일 코리아리서치가 MBC 의뢰로 지난 8∼9일 18세 이상 서울시민 804명을 대상으로 조사한 결과, 여야 모두 단일화에 성공할 것을 가상한 양자대결에서 박 전 장관은 41.9%, 안 대표는 41.4%의 지지율을 얻었다. 박 전 장관이 오차범위(95% 신뢰수준에 표본오차 ±3.5%p) 안에서 미세하게 앞선 것으로 나타났다.반대로 11일 SBS가 여론조사기관 입소스에 의뢰해 지난 6일부터 9일까지, 유무선 전화면접조사로 서울 유권자 800명을 대상으로 조사한 결과, 단일화 성사를 전제로 가상 양자대결에서 안 대표 43.5%, 박 전 장관 40.9%의 지지율을 얻었다. MBC 조사와 달리 안 대표가 박 전 장관을 오차범위(표본오차는 95% 신뢰 수준에 ±3.5%p) 내에서 앞섰다.야권 단일 후보가 국민의힘 소속일 경우 박 전 장관은 오차 범위 밖에서 앞섰다. MBC조사에서 박 전 장관과 국민의힘 나경원 경선후보의 대결은 46.0% 대 33.7%, 박 전 장관과 국민의힘 오세훈 경선후보의 대결은 45.3% 대 36.1%로 집계됐다. SBS 조사에서는 박영선 대 나경원 43.7% 대 33.7%, 박영선 대 오세훈 45.1% 대 33%로 박 전 장관이 앞섰다.더불어민주당 우상호 의원의 영향력은 박 전 장관보다 작았다. 우상호 의원이 후보로 나설 경우엔 안 대표, 오 후보에겐 각각 15.4%포인트, 10.8%포인트 차이로 뒤졌다. 나 후보와는 33.9%(우 후보) 대 37.9%로 오차범위내 격차로 나타났다. SBS 조사에서도 우상호 대 안철수 가상대결에서는 33% 대 46.9%로 안 대표가 크게 앞섰고, 나경원, 오세훈 후보와는 우열을 가리기 어려웠다.정치권 관계자는 ""현 정부 부동산 정책에 대한 비판 여론이 우세하고, 여당 측 인사들의 도덕성 문제가 이슈가 됐음에도 국민의힘 후보들이 박 전 장관을 앞서지 못하는 것은 국민의힘 정당 지지율이 민주당을 앞서지 못하기 때문""이라고 말했다. 국민의당 안철수 대표가 설 연휴 첫날인 11일 오전 서울역광장에 설치된 임시선별검사소에서 검체 채취 의료 봉사를 하고 있다. 연합뉴스.◇ 국민의힘 후보, 아무도 박영선 못 이겨…야권단일후보 안철수 1위실제로 유권자들은 국민의힘 후보로의 야권 단일화를 선호하지 않는 것으로 나타났다. MBC 조사에서 범야권 단일후보로 안 대표 27.3%, 나 후보 15.1%, 오 후보 13.1%, 조은희 서초구청장 4.4%, 금태섭 전 의원 2.9%, 오신환 경선후보 1.2% 순으로 지지율이 높았다. SBS조사에서는 안철수 대표 27%, 나경원 후보 15.5%, 오세훈 후보 11.8%, 금태섭 전 의원 4.3% 순이었다. 자세한 내용은 중앙선거여론조사심의위원회 홈페이지를 참고하면 된다.전체적으로 지난 1월말 박영선 전 장관의 출마 선언 후 민주당의 지지율이 상승세를 타고 있는 모습이다. 공룡 여당인 더불어민주당의 입법 독주 논란과 여당 소속이었던 박원순 전 서울시장의 성추행 사태와 맞물려 선거초반 야권에 10%p 이상 뒤졌던 박영선 장관의 지지율이 40%대로 회복되는 모습니다. 박 전 장관의 지지율은 이달 초 30%중반에서 40% 초반으로 올라온 반면, 안철수 대표의 지지율은 40%중반에서 40%초반으로 내려오는 분위기다. 야권 후보 단일화를 둘러싼 안 후보와 국민의힘 사이의 신경전에 대한 유권자들의 실망감이 야권의 지지율 하락으로 이어지고 있다는 분석이 나온다. 결과적으로 야권은 후보단일화를 최대한 매끄럽게 마무리해야 서울시장 선거 승리를 내다볼 수 있게 됐다는 관측이다. 야권은 안 대표와 금태섭 전 의원 사이의 제3지대 단일화에 이어, 국민의당 경선 승리 후보와의 2단계 단일화를 거쳐 최종 단일 후보를 결정할 계획이다. 국민의힘은 당내 경선을 통해 지지층을 결집하고, 그 힘으로 안 후보와 단일화에 승리하겠다는 구상이다. 안 대표는 민주당 후보와의 여론조사 우위를 내세워 야권 지지층의 표심을 공략하겠다는 구상이다. 정치 전문가들은 안 대표가 잇따른 단일화 과정에서 본선 경쟁력을 얼마나 보여줄 지가 관건이 될 것이라고 본다. 구체적으로는 후보 단일화를 위한 TV토론 등에서 과거와는 달라진 모습을 얼마나 보여줄 지가 핵심 고비가 될 것이라는 분석이 나온다. 익명을 요구한 한 정치 컨설턴트는 ""지난 2017년 대선 TV토론 등을 거치며 안철수 후보에게는 ‘토론에 약하다’는 이미지가 굳어져있는 상황""이라면서 ""야권 후보 단일화는 물론이고, 보궐선거 본선에서 안 후보가 승리하기 위해서는 이 이미지를 떨쳐버릴 수 있는 반전이 있어야 한다""고 말했다. [양범수 기자"
"‘서울시 공동운영’ 그림으로 힘 모으는 범야권 단일화나경원 “안철수, 김종인, 오세훈에 동의”“자유주의 상식 연합, 진중권 등 범야권 함께 해야”서울시장 보궐선거 국민의힘 나경원 예비후보가 13일 오후 서울 동작경찰서 사당지구대를 방문, 관계자와 대화하고 있다. 나경원 예비후보측 제공. 연합뉴스.서울시장 보궐선거 출마를 선언한 나경원 국민의힘 예비후보가 13일 “성공적인 단일화로 선거에서 승리하면, 서울시 공동 운영은 당연히 실천해야 할 기본 과제”라고 밝혔다.앞서 이날 오세훈 국민의힘 예비후보도 안철수 국민의당 대표와 ‘서울시 공동 운영’에 합의하는 방식으로 야권 후보 단일화를 이룰 수 있다고 말했다.서울시장 보궐선거 국민의힘 오세훈 예비후보가 13일 서울 관악구 신림동 주사랑공동체 교회가 운영하는 베이비박스를 방문, 이종락 목사의 설명을 듣고 있다. 오세훈 예비후보측 제공. 연합뉴스 국민의당 안철수 대표가 설 연휴 첫날인 11일 오전 서울역광장에 설치된 임시선별검사소에서 검체 채취 의료 봉사를 하고 있다. 연합뉴스나 후보는 “앞서 안철수 후보가 제안한 ‘범야권 연립정부 서울시’, 어제 김종인 위원장이 강조한 ‘숙명으로서의 단일화’, 그리고 오늘 오세훈 후보의 ‘서울시 공동운영’까지 모두 동일한 취지”라며 “이 모든 것을 아우르는 개념이 바로 제가 말씀드린 자유주의 상식 연합”이라고 강조했다.그러면서 자신이 제안한 ‘자유주의 상식 연합’에 조정훈 시대전환 의원, 금태섭 전 더불어민주당 의원, 진중권 전 동양대 교수 등도 함께 할 수 있어야 한다며 범위를 확장했다.안 대표 역시 지난해 12월 “다음 서울시 집행부는 ‘범야권 연립 지방정부’가 돼야 한다”며 “힘을 합쳐서 새롭고 혁신적인 시정모델을 만들어야 한다”고 밝혔다.안철수·오세훈 후보에 이어 나 후보까지 야권 연합을 통한 서울시 공동운영 모델을 제시하면서 범야권 후보 단일화에 뜻을 모으는 형국이다.조민영 기자"
"입소스여론조사결과이낙연13.7%,윤석열13.5%차기대선정권교체46.0%vs정권재창출45.5%팽팽 윤석열 검찰총장, 이낙연 더불어민주당 대표, 이재명 경기도지사(왼쪽부터) [파이낸셜뉴스] 차기 대권주자 지지도 조사에서 이재명 경기도지사가 28.6%를 기록, 독주체제를 굳히고 있다. 이 지사는 2위와 3위를 기록한 이낙연 더불어민주당 대표, 윤석열 검찰총장와의 격차를 더블스코어 차 이상으로 벌렸다.   여론조사 전문기관 입소스가 SBS 의뢰로 지난 6~9일 전국에 거주하는 만 18세 이상 유권자 1002명을 대상으로 실시한 차기 대통령 지지도 조사 결과 이 지사가 28.6%로 1위, 이 대표와 윤 총장은 각각 13.7%, 13.5%를 기록했다.   이 지사는 60세 이상을 제외하고 40대(42.2%)와 50대(31.8%), 30대(31.7%) 등 전 연령대에서 가장 높은 지지를 받았다.   바람직한 차기 대선 결과를 묻는 질문에 대해선 '야당의 정권 교체'가 46.0%, '여당의 정권 재창출'이 45.5%로 오차범위 안에서 팽팽하게 맞섰다. 모름·무응답은 8.5%였다.   지역별로 서울·인천·경기 지역 응답자의 45.8%가 '정권교체'를, 45.5%는 '정권재창출'을 선택했다. 부산·울산·경남(55.3%)에서는 '정권교체'를 더 선택했다. 광주·전라(67.5%), 대전·충청·세종(50.3%), 강원·제주(49.9%)에선 '정권 재창출' 선택이 많았다.   여야 대선 후보군으로는 홍준표 무소속 의원(5.3%), 유승민 전 국민의힘 의원(1.9%), 정세균 국무총리(1.8%), 추미애 전 법무부장관(1.6%), 오세훈 전 서울시장(1.5%), 심상정 정의당 의원(1.4%), 원희룡 제주도지사(0.6%) 등의 순이었다. 다만, '지지후보 없다' 26.0%, 모름·무응답(2.8%) 등 지지 후보를 선택하지 못한 부동층도 많은 것으로 조사됐다.   이번 조사 표본오차는 95% 신뢰 수준에 ±3.1%다. 자세한 내용은 리얼미터 또는 중앙선거여론조사심의위원회 홈페이지를 참조하면 된다."
"국민의힘 오세훈 서울시장 예비후보  사진 = 연합뉴스국민의힘 오세훈 서울시장 예비후보는 오늘(13일) 국민의당 안철수 후보와의 후보 단일화 문제와 관련, ""서울시를 함께 힘을 모아 공동 운영하기로 합의해서 그런 형태의 단일화가 된다면 유권자들 입장에서 기대해볼 만할 것""이라고 말했습니다.오 후보는 MBN '뉴스와이드'에 출연해 ""저는 중도 우파로 안 후보와 노선이 다르지 않다. 외국에는 연립정부의 실험이 있지 않냐""면서 이렇게 밝혔습니다.이는 자신이 국민의힘 경선을 통과해 제3지대의 안 후보와 최종 단일화를 시도하게 될 경우 서울시 '연립정부' 수립을 조건으로 협상에 나설 수 있다는 구상으로 풀이됩니다.오 후보는 여론조사 방식의 후보 단일화에 대해서는 ""여론조사로 단일화를 하면 양쪽에 결집한 지지세들이 혼연일체가 돼서 함께 윈윈 관계가 되기 쉽지 않다""라고 부정적 입장을 밝혔습니다.이 밖에 그는 산업통상자원부의 북한 원전 관련 문건 파일명에서 소문자 알파벳 'v'가 '버전(version)'이 아니라 문재인 대통령을 의미하는 'VIP'라고 주장했다 번복한 것에 대해 ""참으로 안타깝다""고 말했습니다.이어 ""제가 평생 변호사 업무를 했는데 변호사들은 파일명을 쓸 때 사건명을 쓰지, v를 쓰지 않는다""며 ""기업체와 업무 환경이 다르다""고 해명했습니다. [디지털뉴스부]▶ 네이버에서 'MBN뉴스'를 구독하세요!▶ 김주하 앵커 'MBN 종합뉴스' 저녁 7시 20분 진행▶ MBN Y포럼 사전등록 GO! GO!< Copyright ⓒ MBN(www.mbn.co.kr) 무단전재 및 재배포 금지 >"
"동영상 뉴스【 앵커멘트 】  오세훈 국민의힘 서울시장 예비후보가 안철수 국민의당 대표와 함께 서울시를 공동운영해보자고 제안했습니다.  안 대표가 지난해 12월 제안했던 서울시 연립정부 방안에 발을 맞춘 건데 안 대표 측도 긍정적인 반응을 내놨습니다.  우종환 기자입니다.【 기자 】  오세훈 국민의힘 서울시장 예비후보가 MBN 뉴스와이드에 출연해 야권 단일화 방안으로 '연립 서울시 정부' 카드를 꺼냈습니다.  자신이 안철수 국민의당 대표와 가장 비슷한 중도 우파 성향을 가진 만큼 서울시를 '공동운영'해볼 수 있지 않겠느냐고 제안한 겁니다.▶ 인터뷰 : 오세훈  국민의힘 서울시장 예비후보 (MBN 뉴스와이드)- ""연립정부가 완전히 정당의 정강정책이나 추구하는 바가 다르다면 무리입니다. (저는) 안철수 후보와 노선이 다르지 않습니다. 서울시를 공동운영한다, 예를 들어서. 이런 제안을….""  오 후보의 이런 발언은 현재 야권에서 가장 지지율이 높은 안 대표의 지지층에 어필하려는 의도로 풀이됩니다.  국민의힘 본경선이 여론조사 100%로 진행되는 만큼 안 대표 지지층이 당의 본경선 결과에도 영향을 줄 수 있다는 점을 노린 셈입니다.  안 대표 역시 출마 선언 직후 야권 연립정부를 제안한 바 있습니다.▶ 인터뷰 : 안철수  국민의당 대표 (지난해 12월)- ""'연립 서울시 정부'를 통해 야권의 유능함을 보여주고, 정권교체의 교두보를 놓을 것입니다.""  오 후보 발언에 대해 안 대표 측은 MBN과 통화에서 ""괜않은 아이디어""라며 ""우리의 연립 시 정부 제안도 그대로다""라고 말했습니다.  이에 대해 나경원 후보는 단일화 뒤 공동운영은 당연하며 나아가 자유주의 상식 연합을 이뤄야 한다고 말했습니다.  한편, 우상호 더불어민주당 예비후보는 봉하마을을 찾아 고 노무현 전 대통령 묘역을 참배했고, 박영선 예비후보는 문희상 전 국회의장을 예방했습니다.  MBN뉴스 우종환입니다.  영상편집 : 이주호  #MBN    ▶ 네이버에서 'MBN뉴스'를 구독하세요!▶ 김주하 앵커 'MBN 종합뉴스' 저녁 7시 20분 진행▶ MBN Y포럼 사전등록 GO! GO!< Copyright ⓒ MBN(www.mbn.co.kr) 무단전재 및 재배포 금지 >"
"국민의힘 서울시장 후보에 도전하는 나경원 전 의원과 오세훈 전 서울시장이 20일 서울 여의도 당사에서 열린 '박원순 시정 잃어버린 10년, 재도약을 위한 약속' 발표회에서 인사하고 있다. <연합뉴스>    국민의힘 오세훈 서울시장 예비후보와 나경원 후보가 13일 국민의당 안철수 예비후보와 서울시를 공동 운영할 수 있다는 뜻을 밝혀 주목된다.나 후보는 한발 더 나아가 야권 후보 단일화에 이은 '자유주의 상식 연합' 구축을 제안했다.오 후보는 MBN 인터뷰에서 안 후보와의 후보 단일화 문제와 관련, ""서울시를 함께 힘을 모아 공동 운영하기로 합의하는 형태의 단일화가 된다면 유권자들 입장에서 기대해볼 만할 것""이라고 말했다.오 후보는 ""저는 중도 우파로 안 후보와 노선이 다르지 않다""면서 ""외국에는 연립정부의 실험이 있지 않으냐""고 강조했다.같은 당 나 후보도 이날 페이스북에 ""성공적인 단일화로 선거에서 승리하면, 서울시 공동 운영은 당연히 실천해야 할 기본 과제""라고 했다.나 후보는 또 ""안 후보뿐 아니라 금태섭 후보, 더 넓게는 조정훈 후보까지도 함께 할 수 있어야 한다""는 취지의 '자유주의 상식 연합' 구축을 제안했다.그는 ""진중권 전 교수와 서민 교수 등 합리적 진보도 중요한 역할을 해주실 것이라 기대한다""며 ""우리의 궁극적인 목표는 정권 교체와 대한민국 혁신""이라고 밝혔다. 김미경기자"
"(서울=연합뉴스) 서울시장 보궐선거 국민의힘 오세훈 예비후보가 13일 서울 관악구 신림동 주사랑공동체 교회가 운영하는 베이비박스를 방문, 이종락 목사의 설명을 듣고 있다.     베이비박스는 부모가 양육을 포기한 영아를 임시로 보호하는 간이시설이다. 2021.2.13  [오세훈 예비후보 측 제공. 재판매 및 DB금지]"
(서울=뉴스1) 박지혜 기자 = 오세훈 국민의힘 서울시장 예비후보가 13일 오전 서울 관악구 신림동 주사랑공동체 교회가 운영하는 베이비박스를 방문해 이종락 목사의 설명을 듣고 있다. 베이비박스는 주사랑공동체 교회에서 운영하고 있으며 부모들이 양육을 포기한 영아를 임시로 보호하는 간이시설이다. (오세훈 캠프 제공) 2021.2.13뉴스
"4·7 서울시장 보궐선거를 앞두고 여야 후보들이 설 연휴 주말을 맞아 표심 경쟁을 이어가고 있다. 이들은 각 당 경선 시간표에 맞춰 분주히 일정을 소화하면서도 신종 코로나바이러스 감염증(코로나19) 방역 상황을 감안해 비대면 활동을 늘리고 있다. 더불어민주당 경선 후보인 박영선 전 중소벤처기업부 장관은 13일 자신의 후원회장을 맡은 문희상 전 국회의장을 예방해 조언을 듣는다. 박 전 장관은 문 전 의장을 “고 김대중·노무현 전 대통령을 모신 민주당의 역사이자 고교 시절부터 민주주의 역사에 대한 영감을 주신 분”이라고 평한 바 있다. 우상호 전 민주당 의원은 이날 오후 노무현 전 대통령 묘역이 있는 봉하마을을 방문한다. 국민의힘 소속인 나경원 전 의원은 일선 경찰관들을 격려 방문하고, 오세훈 전 서울시장은 아동학대 문제를 점검한다. 안철수 국민의당 대표는 유튜브를 통한 온라인 소통에 나섰다. 전날에는 김동길TV에 출연해 코로나19 방역 구상을 소개하고 ‘의사 안철수’로서 특장점을 강조했다. 안 대표는 “앞으로 1년간 서울시장이 해야 할 일은 방역을 통해 소중한 사람들의 안전과 생명을 지키는 것”이라고 말했다. 여야 후보들은 앞으로 현장 일정을 잡더라도 되도록 소규모 인원으로 진행하고, 대규모 인파가 몰리는 곳은 가급적 피하겠다는 방침을 세웠다. 대신 온라인과 유튜브 등 비대면 활동을 늘여 유권자들과 소통을 강화하고 있다. 김수현 기자[ 문화닷컴 | 네이버 뉴스 채널 구독 | 모바일 웹 | 슬기로운 문화생활 ][Copyrightⓒmunhwa.com '대한민국 오후를 여는 유일석간 문화일보' 무단 전재 및 재배포 금지(구독신청:02)3701-5555)]"
"동영상 뉴스[앵커]오는 4월 7일 서울시장 보궐 선거에 나설 예비후보들은 설 연휴 밥상머리 민심잡기에 분주한데요. 오늘의 행보 짚어보겠습니다. 국회 취재기자 연결합니다. 백길현 기자.[기자]네 오늘은 설 연휴 사흘째인데요. 더불어민주당 서울시장 예비 후보들은 오늘 '당심' 잡기가 키워드 입니다. 박영선 예비후보는 오늘 남편 이원조 변호사와 함께 오전 11시 자신의 후원회장을 맡은 문희상 전 국회의장의 자택을 예방했습니다.이자리에서 문 전 의장은 박 후보에게 ""반드시 승리하리라 믿는다""며 ""박 후보가 승리하는 것만이 당을 살리고 정권도 살리고, 나라도 살리는 일""이라고 격려했습니다. 박 후보와 문 전 의장은 인연이 깊은데요. 특히 박 후보는 문 전 의장이 고교 단짝 친구의 오빠라며 개인적인 친분을 밝히기도 했습니다. 우상호 후보는 오늘 오후 봉하마을에 내려가 노무현 전 대통령 묘역을 참배했습니다. 우 후보는 방명록에 ""늘 곁에 있겠습니다. 꿈을 이루겠습니다""라고 적었습니다. 우 후보는 지난 9일 김대중 전 대통령의 묘역을 방문하는 등 민주당의 '적자' 이미지를 앞세우고 있습니다. 다음달 1일 민주당 서울시장 후보가 확정되는데요.권리당원투표 50%, 여론조사 50%로 경선이 진행되는 만큼 당심을 공략하는 것이 중요한데, 이를 염두에 둔 설 행보로 읽힙니다. [앵커]국민의힘을 비롯한 야권 후보들의 움직임은 어떤가요.[기자]오늘 국민의힘 예비후보들은 현장 행보보다는 페이스북 등을 통한 정책 구상 밝히기에 집중하고 있습니다. 나경원 예비후보는 최근 서울시 7급 공무원이 극단적인 선택을 했다는 비보에 애도를 표하며 시민단체 등 외부인사가 부당 채용되는 일을 막겠다고 말했습니다. 오세훈 예비후보는 서울 관악 난곡로의 한 교회가 운영하는 베이비박스를 방문해 시설을 점검하고 아동정책 구상을 밝혔습니다. 이에 앞서 한 종편에 출연한 오 후보는 ""안철수 후보와의 노선이 다르지 않다""며 안 후보와 최종단일화가 될 경우 서울시를 공동운영할 수도 있다는 입장도 밝혔습니다.이번 설 연휴가 지나고 다음주 화요일부터 국민의힘 서울시장 경선 레이스는 본격적인 토론회 국면에 접어들게 되는데요. 안철수-금태섭 예비후보도 오는 15일 제3지대 첫 토론회를 여는 등 단일화 작업이 급물살을 타고 있습니다. 국민의힘 김종인 비상대책위원장이 어제 한 방송사와의 인터뷰에서 ""국민의힘 후보 선출을 이달 말로 앞당길 수 있다""고 밝히기도 했는데요. 조기에 국민의힘 후보가 결정되면, 제3지대 후보와 단일화 작업을 벌이면서 바람을 일으키겠다는 계산이 엿보입니다. 지금까지 국회에서 전해드렸습니다. 연합뉴스TV 기사문의 및 제보 : 카톡라인 jebo23 ▶ 네이버에서 연합뉴스TV를 구독하세요 ▶ 연합뉴스TV 생방송 만나보기  ▶ 균형있는 뉴스, 연합뉴스TV 앱 다운받기"
"동영상 뉴스[앵커]오는 4월 7일 서울시장 보궐 선거에 나설 예비후보들은 설 연휴에도 쉴 수 없습니다. 더불어민주당 예비후보들은 오늘 당원들의 마음을 잡기 위한 행보를 보였다고 하는데요. 국회 취재기자 연결합니다. 백길현 기자.[기자]네, 더불어민주당 서울시장 예비 후보들은 최근 부쩍 '당심 잡기'에 여념이 없는 모습입니다. 박영선 예비후보는 오늘 오전 11시 남편 이원조 변호사와 함께 자신의 후원회장을 맡은 문희상 전 국회의장의 자택을 예방했습니다.이 자리에서 문 전 의장은 박 후보에게 ""반드시 승리하리라 믿는다""며 ""박 후보가 승리하는 것만이 당을 살리고 정권도 살리고, 나라도 살리는 일""이라고 격려했습니다. 박 후보와 문 전 의장은 인연이 깊은데요. 박 후보는 문 전 의장이 고교 단짝 친구의 오빠라며 개인적인 친분을 밝히기도 했습니다. 우상호 후보는 오늘 오후 봉하마을에 내려가 노무현 전 대통령 묘역을 참배했습니다. 우 후보는 방명록에 ""늘 곁에 있겠습니다. 꿈을 이루겠습니다""라고 적었습니다. 우 후보는 지난 9일 김대중 전 대통령의 묘역을 방문하는 등 민주당의 '적자' 이미지를 앞세우고 있습니다. 다음달 1일 민주당 서울시장 후보가 확정되는데요.권리당원투표 50%, 여론조사 50%로 경선이 진행되는 만큼 당심을 공략하는 것이 중요한데, 이를 염두에 둔 설 행보로 읽힙니다. [앵커]국민의힘을 비롯한 야권 후보들은 토론회 준비에 한창이라고요.[기자]오늘 국민의힘 예비후보들은 현장 행보보다는 페이스북 등을 통한 정책 구상 발표와 함께 다음주부터 시작되는 토론회 준비에 몰두하고 있습니다. 나경원 예비후보는 최근 서울시 7급 공무원이 극단적인 선택을 했다는 비보에 애도를 표하며 시민단체 등 외부인사가 부당 채용되는 일을 막겠다고 말했습니다. 오세훈 예비후보는 관악 난곡로의 한 교회가 운영하는 베이비박스를 방문해 시설을 점검했습니다. 이에 앞서 한 종편에 출연한 오 후보는 ""안철수 후보와의 노선이 다르지 않다""며 안 후보와 최종단일화가 될 경우 서울시를 공동운영할 수도 있다는 입장도 밝혔습니다.야권은 설 연휴가 지나면 토론회로 이슈몰이를 한 뒤 단계식 단일화 작업으로 바람을 일으키겠다는 계획입니다. 최근 여론조사에서 서울시장 선호도 조사에서 민주당 박영선 후보에게 야권 후보가 뒤지는 결과가 여럿 나오면서 빨간불이 켜진 건데요. 국민의힘 김종인 비상대책위원장이 어제 한 방송사와의 인터뷰에서 ""국민의힘 후보 선출을 이달 말로 앞당길 수 있다""고 밝히기도 했는데요. 조기에 국민의힘 후보가 결정되면, 안철수-금태섭 제3지대 후보 1인과 단일화 작업을 벌이면서 분위기를 다시 가져오겠다는 계산이 엿보입니다. 지금까지 국회에서 전해드렸습니다. 연합뉴스TV 기사문의 및 제보 : 카톡라인 jebo23 ▶ 네이버에서 연합뉴스TV를 구독하세요 ▶ 연합뉴스TV 생방송 만나보기  ▶ 균형있는 뉴스, 연합뉴스TV 앱 다운받기"
"野 대권 잠룡들, 뚜렷하게 두각 나타내는 후보 없어4·7 보궐선거 이후 야권에 대대적 지형도 변화 일 듯국민의힘·제3지대 中 중심축 누가 되냐에 따라 희비사분오열 경계…""반문진영 모두 하나 돼야 野 대선판 시작""청와대 전경 (자료사진) ⓒ청와대'2022 대선 전초전'이라 평가 받는 4·7 재보궐선거 직후 온 정치권이 대선을 위한 판짜기에 돌입하며 한바탕 소용돌이가 휘몰아 칠 것이라는 예측이 나온다. 특히 야권의 경우 현재까지 대권 주자로서 뚜렷하게 두각을 나타내고 있는 후보가 없는 만큼, 주도권을 선점하려는 경쟁이 더욱 치열해질 것으로 보인다.그간 야권의 잠재적인 대권 주자로는 윤석열 검찰총장을 비롯해 홍준표 무소속 의원, 유승민 전 국민의힘 의원, 원희룡 제주도지사, 김태호 국민의힘 의원, 황교안 전 미래통합당 대표 등이 거론되어 왔다. 나경원 전 국민의힘 의원 및 오세훈 전 서울시장, 안철수 국민의당 대표 등도 잠룡으로 평가된 바 있으나 4·7 서울시장 보궐선거에 직접 도전장을 던지며 당장의 대권 도전 여부는 불투명해진 상황이다.문제는 이들 중 누구 하나 여권 후보들을 제치고 치고 나가는 후보가 없다는 점이다. 한 때 윤석열 검찰총장이 더불어민주당의 이재명 경기도지사, 이낙연 대표를 제치고 각종 여론조사에서 차기 대권 주자 1위에 오르기도 했으나, 아직 정치 참여 여부를 단정하기도 어려운 윤 총장을 명확한 '야권 후보'로 규정하기에는 애매모호한 측면이 있다는 평가가 많다.데일리안이 여론조사 전문기관 알앤써치에 의뢰해 지난달 24~25일 실시한 정례조사에 따르면 차기 정치지도자 선호도에서 윤 총장을 제외한 야권 후보들의 성적은 저조했다. 그나마 홍준표 의원이 5.3%를 기록한 것을 제외하고 유승민 전 의원(1.8%), 원희룡 지사(0.9%), 황교안 전 대표(0.9%) 등은 0~1%의 응답을 얻는데 그쳤다. 해당 여론조사의 표본오차는 95% 신뢰수준에 ±3.1%p로, 자세한 내용은 중앙선거여론조사심의위원회 홈페이지를 참조하면 된다.한 국민의힘 핵심관계자는 12일 데일리안과의 통화에서 ""'차기 인물난'을 해결하는 것은 2017년 대선 패배 이후 고질적으로 야권을 향해 제기되어 온 숙제인데, 어느덧 4년이 지나 차기 대선이 가까워 오는 데도 이를 속 시원하게 해결하지 못하고 있다""며 ""야권 모두가 처절하게 반성하고 정신을 차려야 하는 부분""이라고 평가했다.이 관계자는 ""우선은 보궐선거를 승리로 이끄는 것이 야권의 최대 과제이지만, 보궐 승리가 곧바로 차기 대선 인물난을 해결하는 만능열쇠가 되진 않을 것이다""라며 ""그래서 기존의 야권 판을 완전히 뒤집을 수준의 전면적인 정계개편이 필요하다는 얘기가 정치권 전반에서 흘러나오는 것""이라고 분석했다.국민의힘 경선의 유력 후보인 나경원 전 원내대표와 오세훈 전 서울특별시장, 또다른 축인 '제3지대 단일화' 경선의 안철수 국민의당 대표와 금태섭 무소속 전 의원. ⓒ데일리안정치권에서는 야권의 여러 주요 인사들이 출범 가능성을 언급한 '반문 연대 플랫폼'이라는 큰 틀에서 한 데 모여 잠룡들이 경쟁을 펼치는 국면으로 접어들더라도, 우선적으로 모두가 서울시장 보궐선거의 결과를 예의주시할 수밖에 없을 것이라는 관측이 나온다.'제1야당' 국민의힘과 안철수 대표·금태섭 전 의원을 위시한 '제3지대'의 경쟁을 통해 야권의 대표 주자를 정해 보궐선거에 내보낼 예정인 만큼, 자연스레 이 경쟁에서 승리하는 세력이 향후 정계개편의 구심점이 될 확률이 크기 때문이다.한 정치권 관계자는 ""야권 정계개편의 운전대를 누가 쥐느냐에 따라 대권 잠룡들의 지형도가 완전히 바뀔 가능성이 크다""며 ""국민의힘이 주도하는 판에서는 자연스레 제3지대 인사들과 중도보수 색채를 강하게 지닌, 소위 '보수의 적통'이라 규정하기 어려운 후보들은 힘을 받기 힘들 것이다. 반면 제3지대 중심의 정계 개편이 이뤄지면 친박계를 비롯한 기존 보수 인사들이 일단 밀리는 형국이 될 것""이라고 말했다.단, 보궐선거 이후 주도권을 둘러싼 경쟁이 과열될 경우 자칫 야권의 '사분오열'이라는 최악의 결과를 가져올 수 있다는 우려도 제기된다. 따라서 이 같은 우려를 미연에 방지하는 야권 지도자들의 리더십이 절실하다는 평가다.또 다른 정치권 관계자는 ""어느 한 쪽을 찍어누르기에만 나설 것이 아니라 정권 교체라는 대의를 우선적으로 생각하고 대선을 앞둔 야권이 국민을 향해 새로운 어젠다를 제시하고, 이를 선제적으로 끌고 나갈 수 있다는 믿음을 주어야 한다""며 ""우선은 그간의 해묵은 불신을 청산하고 한 데 모이는 데 중점을 둬야할 것""이라고 했다.홍준표 의원은 ""지금의 차기 대선판은 민주당 편으로, 아직 야당판은 장벽에 가려져 시작되지도 않았다. 반(反)문재인 진영이 정비 되어야 야당판이 오는데 지금 반쪽의 야당 만으로는 야당 대선판이 될 수가 없는 것""이라며 ""4월 보궐선거가 끝나고 당이 정비 되어 안철수 대표까지 포함해 반문진영이 모두 하나가 될 때 그 때 가야 야당 대선판이 시작된다""고 언급했다.데일리안 최현욱 기자 "
"자료사진국민의힘 오세훈 서울시장 예비후보는 국민의당 안철수 후보와의 후보 단일화 문제와 관련해 ""서울시를 힘을 모아 공동 운영하기로 합의해서 그런 형태의 단일화가 된다면 유권자들 입장에서 기대해볼 만할 것""이라고 말했습니다.오 후보는 오늘 MBN <뉴스와이드>에 출연해 ""저는 중도 우파로 안 후보와 노선이 다르지 않다""면서 ""외국에는 연립정부의 실험이 있지 않으냐""며 이같이 밝혔습니다.이어 여론조사 방식의 후보 단일화에 대해 ""여론조사로 단일화를 하면 양쪽에 결집한 지지세들이 혼연일체가 돼서 함께 윈윈 관계가 되기 쉽지 않다""라고 부정적인 의견을 드러냈습니다.오 후보는 산업통상자원부의 북한 원전 관련 문건 파일명에서 소문자 알파벳 'v'가 '버전'이 아니라 문재인 대통령을 의미하는 'VIP'라고 주장했다 번복한 것에 대해서는 ""참으로 안타깝다""고 말했습니다.그러면서 ""제가 평생 변호사 업무를 했는데 변호사들은 파일명을 쓸 때 사건명을 쓰지, v를 쓰지 않는다""며 ""기업체와 업무 환경이 다르다""고 덧붙였습니다.배주환 기자"
(서울=뉴스1) 박지혜 기자 = 오세훈 국민의힘 서울시장 예비후보가 13일 오전 서울 관악구 신림동 주사랑공동체 교회가 운영하는 베이비박스를 방문해 이종락 목사의 설명을 듣고 있다. 베이비박스는 주사랑공동체 교회에서 운영하고 있으며 부모들이 양육을 포기한 영아를 임시로 보호하는 간이시설이다. (오세훈 캠프 제공) 2021.2.13뉴스
"""'자유주의 상식 연합'이 정치혁신 플랫폼 돼야吳·安의 '서울시 공동운영' 제안도 취지 같을 것금태섭·조정훈 함께 해야…진중권·서민 역할도궁극적 우리 목표는 정권교체와 대한민국 혁신""나경원 국민의힘 서울시장 예비후보 (자료사진) ⓒ데일리안 류영주 기자나경원 국민의힘 서울시장 예비후보는 13일 4·7 재보궐선거 후 자신이 앞서 제안한 '자유주의 상식 연합'을 통해 야권 대통합을 이루고 대선 승리를 이뤄내야 한다고 강조했다. 오세훈·안철수 후보 등이 제안한 '서울시 공동운영' 또한 ""당연히 실천해야 할 기본 과제""라고 평가했다.나 후보는 이날 자신의 페이스북에 ""'자유주의 상식 연합'이 정치혁신 플랫폼이 돼야 한다""며 ""재보궐선거 직후 곧바로 ‘야권 대통합 큰 그릇’ 만들기가 필요하다는 말씀을 드렸다""고 언급했다.이어 ""앞서 안철수 후보가 제안한 '범야권 연립정부 서울시', 어제 김종인 비상대책위원장이 강조한 '숙명으로서의 단일화', 그리고 오늘 오세훈 후보의 '서울시 공동운영'까지 모두 동일한 취지에서 비롯된 것으로 생각한다""며 ""이 모든 것을 아우르는 개념이 바로 제가 말씀드린 '자유주의 상식 연합'""이라고 덧붙였다.그는 ""우리 헌법 질서의 근간 가치인 자유, 상대를 존중하고 공존을 지향하는 상식에 동의하는 사람이라면 누구나 함께 할 수 있는 새로운 정치 플랫폼""이라며 ""더 큰 상상력과 포용의 정신으로 더 넓은 플랫폼을 펼쳐야 한다. 안철수 후보뿐 아니라 금태섭 후보, 더 넓게는 조정훈 후보까지도 함께 할 수 있어야 할 것""이라고 설명했다.나 후보는 ""정치 영역에 국한되어서도 안 된다. 학계, 시민사회, 문화예술계에 이르기까지 '자유주의 상식 연합'은 대한민국 리뉴얼의 새로운 기준이 될 것""이라며 ""진중권 전 동양대 명예교수와 서민 단국대 의대 교수 등 합리적 진보도 중요한 역할을 해주실 것이라 기대한다""고 강조했다.국민의힘 본경선과 야권 후보 단일화 과정을 앞두고 있는 나 후보는 ""이번 재보궐 선거 야권 후보 단일화는 가장 의미 있는 첫 단추가 될 것""이라며 ""성공적인 단일화로 선거에서 승리하면, 서울시 공동 운영은 당연히 실천해야 할 기본 과제일 것""이라고 말했다.나 후보는 ""그리고 정치, 사회, 문화 등 각계각층이 참여하는 무제한 원탁회의로 자유주의 상식 연합을 이뤄내야 한다""며 ""결국 궁극적인 우리의 목표는 정권교체와 대한민국 혁신""이라고 거듭 강조했다.아울러 나 후보는 ""어느 자리에서, 어떤 역할이든 저도 그 소임을 다하겠다""며 ""재보궐 선거와 함께 정치 혁신의 논의가 풍성해지는 것은 매우 고무적인 일""이라고 기대감을 밝혔다.데일리안 최현욱 기자 "
"오세훈 ""안철수와 서울시 공동운영할 수도""안철수 ""서울시, 범야권 연립 지방정부돼야""[서울=뉴시스]국회사진기자단 = 서울시장 보궐선거에 출마한 나경원 전 국민의힘 의원이 7일 오후 서울 강서구 서울식물원 앞에서 일자리 정책공약 발표를 하고 있다. 2021.02.07."
"정의당 지지층 40.9% '여당 후보 당선' vs '야당 후보 당선' 44.6% 팽팽야당 후보 중에선 금태섭 15.0%, 안철수 14.9%로 높아…양자대결시엔 박영선 우세[편집자주]'뉴스1'의 '오차범위'는 한 주 동안 발표된 여러 정치 관련 여론조사들 가운데 주말에 다시 한번 짚어볼 만한 내용을 쉽게 정리해 전달하는 코너다.서울시장과 부산시장 등을 뽑는 4·7 재보궐선거에 이어 곧바로 달아오를 20대 대선 경선 등 일련의 정치일정 속에서 독자들이 정치를 이해하는 데 도움이 되기를 기대한다.© News1 이은현 디자이너(서울=뉴스1) 김달중 기자 = 정의당이 4·7 재보궐선거에 후보를 내지 않기로 하면서 이들 지지층의 선택에 관심이 쏠리고 있다. 특히 서울시장 선거에선 박빙의 승부가 펼쳐질 가능성이 높아 정의당 지지층의 선택이 더욱 중요해진 상황이다. 진보정당인 정의당 지지층이 더불어민주당 후보의 손을 들어줄 것이란 관측과 함께 민주당의 서울시장 후보 공천을 비판해 온 정의당의 분위기상 제3의 후보로 기울거나, 아예 투표를 포기할 것이란 전망도 있다. 정의당은 지난달 김종철 전 대표의 성추행 사태 이후에도 지지율 변동폭이 크지 않다. 당 지지율은 뉴스1-엠브레인퍼블릭의 8~9일 조사(표본오차는 95% 신뢰수준에 ±3.1% 포인트)에서 4.2%로, 한국갤럽이 실시하고 있는 정례조사에서 성추행 사태 이전의 5%와 비교해도 큰 차이가 없다. 한국갤럽에 따르면 지난 1년 동안 정의당의 지지율은 5~7%를 오르내렸다.그렇다면 정의당 지지자들의 다른 정당 소속 서울시장 예비후보에 대한 선호도는 어떻게 달라질까.먼저 자신이 정의당 지지자라고 응답한 이들에게 이번 보궐선거의 의미를 묻자 40.9%가 '현 정부를 지원하기 위해 여당 후보가 많이 당선되어야 한다'고 답했다. 이보다 3.7%p 많은 44.6%의 지지자들은 '현 정부를 견제하기 위해 야당 후보가 많이 당선되어야 한다'고 답했다. 오차범위 내에서 팽팽한 접전이다.'서울시장감으로 누가 가장 낫다고 생각하느냐'고 물었더니 정의당 지지층 가운데 42.7%는 여당 후보를 택했다. 세부적으로는 박영선 예비후보 34.4%, 우상호 예비후보 8.3%였다. 야권 후보들 가운데 정의당 지지자들이 가장 선호한 후보는 무소속인 금태섭 예비후보(15.0%)와 국민의당 안철수 예비후보(14.9%)였다. 국민의힘의 오세훈 예비후보(2.9%), 나경원 예비후보(2.4%)는 미미했다. 그렇다고 제3의 군소정당에 기대를 거는 상황은 아니다. 이번 조사에서 조정훈 시대전환 예비후보 등 기타후보를 지지한다는 응답은 의미있는 조사 수치로 잡히지 않을 정도였다. 다만 지지할 후보가 없다거나 모르겠다는 대답은 22.2%에 달해 민주당(14.5%) 지지층이나 국민의힘 지지층(8.5%)에 비해 많았다. 정의당 후보가 출마하지 않는 이번 서울시장 선거에서 투표장에 나서지 않는 경우가 많아질 것이란 얘기다. 여론조사 수치로 볼 때 정의당 지지층은 일단 양분된 상태로, 누가 본선에서 대결을 벌이느냐에 따라 선택이 달라질 가능성이 농후하다. 우선 야권 후보단일화와 관련해선, 야권 승리에 기대를 건 44.6%를 포함한 정의당 지지자들은 안철수, 나경원, 오세훈 후보 중 안철수 후보로 쏠렸다. 나경원과 안철수의 양자대결을 묻자 응답자 56.4%가 안 후보를 택했다. 나 후보는 9.4%에 불과했다. 같은 방식으로 오세훈 후보와의 대결에서도 정의당 지지층 51.7%는 안 후보를 택했다. 오 후보는 21.2%에 그쳤다.주목할 점은 선거 의미로 여당과 야당 후보의 당선을 두고 오차범위 내 팽팽하게 갈렸던 정의당 지지층(여당 당선 40.9% vs 야당 당선 44.6%)이 구체적인 여야 후보간 양자대결을 묻자 여당쪽으로 기울었다는 점이다.정의당 지지층이 야권 단일후보로 선호한 안철수 후보는 박영선 후보와의 양자대결에서 정의당 지지층으로부터 24.5%의 지지를 얻어, 50.6%의 박영선 후보의 절반에 그쳤다. 정의당 지지층 중 금태섭 후보 등 다른 후보를 지지했던 이들을 안 후보가 본선에서 제대로 흡수하지 못하고 있는 셈이다. 특히 금 후보 지지자가 정의당을 포함한 중도·진보진영에 적지 않다는 점에서 금 후보가 참여하는 '제3지대 단일화' 경선이 야권 후보단일화 효과로 제대로 이어지기 위해서는 세심한 관리가 필요해 보인다. 정의당 지지층의 본선 선택시 여당 후보 선호 경향은 국민의힘 후보가 박영선 후보와 맞설 경우에 더 심해졌다. 정의당 지지층 63.7%가 박영선 후보를 지지했고, 나경원 후보는 17.6%에 불과했다. 또 오세훈 후보와의 대결구도에서도 62.8%가 박 후보를 택했지만, 오 후보는 17.3%였다.하지만 양자대결이라고 무조건 여당에 힘을 보탠다고 판단할 수 없는 결과도 있다. 우상호 후보와 안철수 후보 간 대결이 펼쳐질 경우를 가상했을 때 정의당 지지자 23.4%만이 우 후보를 선호했다. 오히려 안 후보를 택한 이들이 41.3%에 달했다.윤태곤 더모아 정치분석실장은 13일 통화에서 ""당대표 성추행 사태 이후 정의당 지지층의 생각이 아직은 상당히 복잡한 것 같다""면서 현 정부에 대한 실망과 당이 처한 상황이 교차하면서 범여권에 전폭적으로 쏠리지 않는 현상이 유지되고 있다고 설명했다.또 다른 여론조사 분석전문가는 ""정의당 지지층이 민주당 후보에게 지지를 보내기 위해서는 일단 2가지가 충족되어야 한다""며 ""후보 자체가 진보적 의제를 던지는 등 매력이 있거나 아니면 보수 야당을 이길 수 있는 후보라야 선택하는 경향이 있다""고 지적했다.각종 여론조사에서 양자대결 구도에서 승산이 다소 높은 박 후보에게 조금 더 쏠림 현상이 보인다는 것이다.다만 정의당 지지층이 실제 투표장으로 오는 데 한계가 있을 것이라는 전망도 나온다. 정치권 관계자는 ""보궐선거는 의무적인 휴일이 아니어서 투표 참여율이 낮은 편""이라며 ""박빙의 선거구도가 펼쳐진다면 정의당 지지층의 투표 참여가 변수가 될 수 있지만 지방선거가 아닌 보선이라 한계가 있을 것""이라고 말했다.한편 기사에 인용된 여론조사는 구조화된 설문지를 이용해 성·연령·지역별 할당 후 휴대전화 가상번호를 통한 전화면접조사(무선전화 100%)로 실시됐다. 오차보정을 위해 지난 1월 말 행정안전부 발표 주민등록 인구통계기준으로 인구비(성·연령·지역)에 따른 사후 가중치를 부여했다. 자세한 사항은 중앙선거여론조사심의위원회 홈페이지를 참조하면 된다"
"민주당 서울시장 예비후보중량급이지만 낮은 인지도 고심“범진보진영 결집에 호소”국민일보는 4월 7일 서울시장 보궐선거를 향해 뛰고 있는 주요 예비후보들의 아킬레스건을 들여다봤다. 각 후보들에게 껄끄러울 수 있는 질문을 하나씩 던지고 이를 극복할 수 있는 전략과 방안을 살펴봤다.4.7 서울시장 재보궐 선거 출마를 선언한 우상호 더불어민주당 의원이 지난달 13일 부동산 정책 발표를 하고 있다.  (공동취재사진)우상호 더불어민주당 서울시장 후보는 대부분의 여론조사에서 선두권 주자들에 비해 밀리고 있다. 서울시장 선거 레이스에 가장 먼저 뛰어들었음에도 불구하고 후보로서의 존재감은 약한 편이다.정치권에서도 우 후보의 낮은 지지도를 안타까워하는 목소리가 많다. 임종석 전 대통령 비서실장도 페이스북을 통해 우 후보 지지를 선언하면서 우스갯소리로 “그런데 왜 그렇게 지지도가 안오르는 걸까요? 우상호, 꼰대 아닌데…진짜 괜찮은 사람인데…”라고 덧붙일 정도였다.정치 경력이 짧거나 언론 노출이 적은 것도 아니었다. 연세대 총학생회장 출신으로 4선 국회의원에다 오랜기간 대변인을 맡아 언론 노출도 적지 않았다. 20대 국회에서는 민주당 원내대표를 지내며 박근혜 대통령 탄핵을 이끈 주역으로도 평가됐고, 문재인정부에서도 통일부나 문체부 장관 후보군으로 자주 언급됐다.대부분 여론조사에서 고전 중하지만 최근에 발표되고 있는 일련의 여론조사에서 우 후보는 고전을 면치 못하고 있다. 범여권후보 적합도 조사나 민주당 후보 적합도 조사에서는 대체로 박영선 후보의 절반 수준 지지율에 그치고 있다. 그렇다 보니 야권 후보와의 가상대결에서 박 후보에 비해 경쟁력이 크게 밀리는 상황이다.우상호 더불어민주당 의원이 원내대표 시절이던 2016년 12월 8일 서울 여의도 국회 본관 앞에서 열린 탄핵 촛불행동에서 모두발언을 하고 있다. 뉴시스여론조사업체 알앤써치가 데일리안 의뢰로 지난달 30일부터 3일간 실시한 여론조사 결과가 이런 흐름을 잘 보여준다. 민주당 단일후보 적합도 조사에서 박 후보는 27.3%, 우 후보는 13.3%를 기록했다. 박 후보는 국민의힘 후보인 나경원 오세훈 예비후보와의 가상 맞대결에서 승리했지만, 우 후보는 가상 맞대결에서 패한다는 결과가 나왔다.(그 밖의 사항은 중앙선거여론조사심의위원회 홈페이지 참조).여의도에서는 알아준다지만, 일반 대중들은 글쎄동료 정치인들은 우 후보의 낮은 인지도와 지지도를 안타깝게 바라보고 있다. 우 후보와 가까운 한 의원은 “원내대표로서 탄핵 정국을 이끌었던 것을 보면 알 수 있듯 훌륭한 정무적 판단력을 갖고 있지만, 정무적 판단이라는 것 자체가 밖으로 잘 드러나지가 않아서 아쉽다”고 말했다.대중 정치인으로서 이미지가 상대적으로 약하다는 평가도 많다. 서울 지역의 한 재선 의원도 “정무적 판단이나 기획력이나 전략이 뛰어난 것은 여의도에서는 다 알려진 얘기지만, 일반 국민까지 공감하기는 어려운 내용”이라면서 “인지도 자체가 낮은 정치인은 아니지만 현재 상황에서 다른 후보들에 비해 상대적으로 낮은 편”이라고 평가했다.또 다른 수도권 의원도 “아무리 정치 생활을 오래하고, 탄핵 때 원내대표하고 매일 TV 나왔어도 그것을 ‘정치 뉴스’로 이해하지 ‘우상호의 뉴스’라고 보지는 않는다”고 평했다.우 후보의 586 운동권 대표주자 이미지가 중장년층에겐 비교적 알려져 있지만 젊은층에 어필하기 어렵다는 지적도 나온다.""조직력과 범진보진영 재결집에 호소""우 후보 측도 인지도 측면에서 밀리고 있다는 점은 어느 정도 받아들이고 있다. 대신 그동안의 정치 경험을 바탕으로 다져진 조직력에 기대를 걸고 있다. 열린민주당과의 통합을 전제로 한 후보단일화에 합의한 것도 이런 맥락이다. 지난 7일에는 서울시 의원 79명의 응원 릴레이 영상이 공개되기도 했다.우 후보는 최근 한 라디오방송에서 “민주당을 지지하거나 범진보진영이 승리해야 한다고 생각하는 일반 시민들에게 호소할 것”이라며 “문재인 대통령이 승리하고, 21대 총선에서 민주당이 승리한 배경을 분석해서 그 때 우리를 승리할 수 있게 해준 분들을 재결집시킬 수 있는 정책과 노선을 제시하겠다”고 말했다.2016년 6월 9일 오후 서울 서대문구 연세대학교 정문 앞에서 열린 제29주기 이한열 동판 제막식에서 당시 총학생회장이던 우상호 당시 더불어민주당 원내대표가 동판을 쓰다듬고 있다. 뉴시스당 관계자는 “80년대 민주화 운동 이야기가 이미 30대들에게도 가깝게 다가오는 메시지가 아니다. 젊은 층을 겨냥한 메시지를 따로 준비할 수 있다”고 말했다.김판 이현우 기자"
"[경향신문] 안철수 국민의당 서울시장 예비후보, 오세훈·나경원 국민의힘 예비후보(왼쪽부터). 국회사진기자단야권 서울시장 보궐선거 예비후보들이 ‘서울시 공동운영’에 뜻을 모으는 모양새다.오세훈 국민의힘 예비후보는 13일 MBN과 인터뷰에서 “안철수 국민의당 예비후보와 노선이 다르지 않다”며 “서울시를 공동 운영한다는 제안을 두고 협의해서 단일화가 된다면 유권자들 입장에서 보면 한번 기대해 볼 만하다”고 말했다.오 예비후보의 이런 제안은 안 예비후보가 지난해 12월 “다음 서울시 집행부는 ‘범야권 연립 지방정부’가 돼야 한다”며 “힘을 합쳐서 새롭고 혁신적인 시정모델을 만들어야 한다”고 말한 것을 염두에 둔 것이다. 공동 운영을 전제로 야권 서울시장 후보 단일화에 합의하자는 제안으로 해석된다. 또 다른 야권 주자인 나경원 국민의힘 예비후보도 이날 페이스북에 “성공적인 단일화로 선거에서 승리하면 서울시 공동 운영은 당연히 실천해야 할 기본 과제”라고 했다. 나 예비후보는 “더 큰 상상력과 포용의 정신으로 더 넓은 플랫폼을 펼쳐야 한다. 안 예비후보뿐 아니라 금태섭 후보, 더 넓게는 조정훈 후보까지도 함께 할 수 있어야 한다”며 단일화 대상을 확장했다.안 예비후보와의 단일화에 부정적이던 김종인 국민의힘 비상대책위원장도 최근 단일화에 긍정적인 입장을 내비치고 있다. 김 비대위장은 지난 12일 “초창기에는 3자 대결도 생각을 했지만 최근 보면 단일화를 안 할 수 없는 상황으로 빠졌다”며 “야권 단일화라는 것은 숙명적으로 될 수밖에 없다고 생각한다”고 했다.범여권에서도 단일화 이야기가 나오고 있다. 경선을 통해 최종 후보로 선출된 김진애 열린민주당 후보는 지난 7일 더불어민주당에게 “열린민주당 지지자들의 마음을 얻고 싶다면 후보 단일화 일정과 방식을 제안해달라”고 제안했다. 박영선 예비후보와 우상호 예비후보가 경쟁하고 있는 더불어민주당은 오는 26일부터 3월1일까지 서울시장 후보 경선을 진행해 후보를 확정한다.조해람 기자"
"서울시장 보궐선거 국민의힘 오세훈 예비후보 (사진=연합뉴스)오세훈 국민의힘 서울시장 예비후보는 13일 안철수 국민의당 대표와의 후보 단일화 문제와 관련 ""합의를 한다면 서울시를 함께 공동 운영할 수도 있다""고 말했다.오 후보는 13일 MBN '뉴스와이드'에 출연해 ""저는 중도 우파로 안 후보와 노선이 다르지 않고 외국에도 연립정부의 실험이 있다""면서 이같이 밝혔다.오 후보는 ""출마할 때 출마를 열흘 동안 유보하고 만약에 안철수 후보가 우리 당으로 들어와주신다면 저는 출마를 안 하고 도울 수 있다 하는 입장을 밝혔었는데 그게 난데없이 조건부 출마라고게 이름이 붙어지는 바람에 사실은 좀 곤혹스러웠다""면서 ""실제로 야권 분열로 선거가 치러지는 상황을 원천 봉쇄하기 위한 저 나름대로의 충정이었는데 이제 그 순간은 지나갔다. 여론조사 경선을 해서 단일화를 하게 되면 양쪽에 이미 결집된 지지세들이 이게 혼연일체가 돼서 함께 윈윈의 관계가 되기가 쉽지 않다""고 진단했다.이어 ""서울시를 함께 힘을 모아 공동 운영하기로 합의하고 그런 형태의 단일화가 된다면 유권자들 입장에서 기대해볼 만할 것""이라고 언급했다.그러면서 ""저는 들어가자마자 일을 할 수 있는 후보라는 장점이 있고 그분(안철수)도 그분 나름대로 지지세가 있다""면서 ""이것을 합해서 서울시에서 함께 협업을 하는 방법, 서울시를 공동 운영하는 등의 제안을 하고 협의를 해서 그런 형태의 단일화가 된다면 굉장히 유권자들 입장에서 보면 한번 기대해볼만하다""고 설명했다.안 대표와의 야권 단일화 과정에서 서울시 '연립정부' 수립을 조건으로 걸 수 있다는 의미로 풀이된다.안 대표 역시 지난해 12월 ""다음 서울시 집행부는 '범야권 연립 지방정부'가 돼야 한다""며 ""힘을 합쳐서 새롭고 혁신적인 시정모델을 만들어야 한다""고 밝힌 바 있다.이미나 한경닷컴 기자"
"‘달나라 시장’’나경영’ 후보간 막말 계속오세훈, ‘지역 비하’ 발언으로 지지율 손해우상호 ‘박원순’ 논란 만들며 지지층 결집“막말, 때론 약 되지만, 역풍은 조심해야”더불어민주당 부산시장 후보 경선에 출마한 변성완 전 부산시장 권한대행(왼쪽부터), 박인영 전 부산시의회 의장, 서울시장 후보 경선에 출마한 박영선 전 중소벤처기업부 장관, 우상호 의원, 부산시장 후보 경선에 출마한 김영춘 전 해양수산부 장관. [연합][헤럴드경제=유오상 기자] 47 서울, 부산시장 재보궐 선거를 앞두고 정치권의 입이 거칠어지고 있다. 그간 선거 때마다 보이던 후보들 간의 막말 설전뿐만 아니라 후보들을 돕는 여야 의원들까지도 설전에 나서며 정치권에서는 “더 돋보여야 한다”는 주장과 “막말로 돌발 변수가 생길 수 있다”는 우려가 함께 나오고 있다.지난 8일 나경원 국민의힘 예비후보는 더불어민주당 서울시장 경선에 출마한 박영선 전 중소벤처기업부 장관을 향해 “달나라 시장이 되시려고 하나보다”라고 정면 비판했다. 앞서 나 전 의원이 “서울에서 독립해 결혼하고 아이까지 낳으면 총 1억1700만원의 보조금 혜택을 주겠다”고 공약한 데 대해 박 전 장관이 “돈을 준다고 애를 낳느냐”며 비판한 데 대한 반박이었다.박 전 장관은 이에 더해 “대한민국 국민들은 아무런 근거 없이, 이유 없이 국가가 돈을 마구 퍼주는 것을 썩 좋아하지 않는다”고 나 전 의원을 비판했는데, 나 전 의원은 이에 “시민을 더 외롭고 힘들게 만드는 무책임한 정치”라고 오히려 박 전 장관을 지적했다.여야 후보들뿐만 아니라 야권 내에서도 나 전 의원의 발언을 두고 설전이 이어졌다. 이번에는 오신환 후보가 “황당한 공약”이라며 나 전 의원을 ‘나경영(나경원+허경영)’이라고 비꼰 것이다. 나 전 의원이 오 전 의원의 비판에 “나는 나경영이라 불려도 좋다”고 넘겼지만, 야권 내에서는 “같은 당 후보끼리 싸우느냐”는 비판이 이어졌다.국민의힘 서울시장 보궐선거 본경선에 진출한 나경원 전 의원(왼쪽부터), 오세훈 전 서울시장, 오신환 전 의원, 조은희 서초구청장. [연합]반면, 오세훈 전 서울시장은 ‘특정 지역세대 비하’ 논란으로 구설에 올랐다. 오 전 시장은 지난달 27일 보수성향의 유튜브 채널인 ‘고성국TV’에 출연해 자신이 지난 총선에서 패배한 이유를 서울 광진을 지역구와 관련지어 “특정 지역 출신이 많다는 것은 다 알고 있고, 무엇보다 30~40대가 많다. 이 분들이 민주당 지지층”이라고 말했다. ‘특정 지역’은 사실상 호남 출신을 거론한 것으로, 발언 직후 오 전 시장에 대한 비판 여론이 이어졌다.이처럼 여야를 가리지 않고 막말 논란이 이어지며 정치권 안팎의 비판이 이어지고 있지만, 당사자들의 셈법은 또 다르다. 선거철 정책 이슈가 좀처럼 주목받지 못하는 상황에서 막말이 존재감을 나타낼 수 있는 수단으로 활용되기 때문이다.실제로 비교적 약세로 평가받는 오 전 의원 같은 경우는 같은 당 후보인 나 전 의원을 비판하며 ‘인지도 쌓기’에 나섰다. 의도적으로 같은 당 후보를 비판하고 나서며 자극적인 단어로 존재감을 드러내는 식이다.국민의힘 부산시장 본경선에 박민식(왼쪽부터), 박성훈, 박형준, 이언주 예비후보. [연합]‘논란’을 직접 만들어 지지층을 결집시키는 효과를 노리는 경우도 있다. 우상호 민주당 의원은 10일 자신의 SNS를 통해 성추문 논란 속에 숨진 고 박원순 전 서울시장을 두고 “제 목숨이 다하는 순간까지도 나의 동지”라며 “박원순이 우상호고 우상호가 박원순이라는 마음가짐으로 서울시 정책 펼쳐가겠다”고 강조했다.당장 야권에서는 “피해자의 인권을 조금이라도 생각했다면 망언을 해선 안됐다”며 비판에 나섰다. 배준영 국민의힘 대변인은 “서울시를 수치스럽게 만든 박 전 시장과 끝까지 같이 하겠다는 우 예비후보의 태도는 피해자에 대한 2차가해”라며 “피해자와 서울시민 가슴에 대못 박은 우상호 예비후보는 자격이 없다”고 지적했다.그럼에도 정치권에서는 “우 의원이 의도적으로 박 전 시장을 두둔하고 나서며 당내 열성 지지층 결집을 시도한 것”이라는 평가가 나오고 있다. 상대적으로 여론조사에서 박 전 장관에 열세를 보이고 있는 우 의원이 당원을 대상으로 한 평가에서 우위를 점하기 위해 열성 지지층을 자극하는 발언을 했다는 것이다.일부 지지층 결집 효과가 있지만, 과도한 막말이 결국 ‘역풍’을 부를 수 있다는 우려는 여전하다. 실제로 오 전 시장의 경우, 여권으로부터 ‘일베 정치인’이라는 비판까지 받으며 주요 여론조사에서 지지율이 떨어지는 결과를 불렀다. 정치권 관계자는 “막말이 때로는 약이 될 수도 있지만, 지나치게 활용하다 보면 결국은 선을 넘을 수밖에 없다”며 “국민의힘이 지난 총선의 패배 원인을 ‘막말’로 규정하며 반성하겠다 했지만, 결국 막말이 반복되고 있다. 과도한 막말은 역풍을 부를 수밖에 없다”고 했다"
"""혁신, 중도우파 주장해왔다…安과 노선 다르지 않아安과의 단일화 방식? 여론조사 결정은 '윈윈' 어려워""오세훈 국민의힘 서울시장 예비후보 (자료사진) ⓒ데일리안 박항구 기자오세훈 국민의힘 서울시장 예비후보는 13일 안철수 국민의당 대표와 '중도우파' 노선이 다르지 않다는 점을 강조하며 '서울시 공동운영'의 가능성을 언급했다.오 후보는 이날 MBN '뉴스와이드'에 출연해 ""저는 '중도우파'로, 안철수 후보와 노선이 다르지 않다""며 ""외국에 연립정부 실험이 있지 않았는가. 서울시를 공동운영하는 제안을 하고 협의를 해서, 그런 형태의 단일화가 된다면 유권자들 입장에서 기대감을 최대로 끌어올릴 수 있는 단일화가 될 것""이라고 구상을 밝혔다.그는 ""중도를 지지층으로 하는 대표적인 정치인이 우리 당에 있다면 아마 그건 저일 것""이라며 ""경제 발전의 단계에서 소외되고 어려운 위치에 빠진 분들을 함께 보듬어야 한다는 '혁신, 중도우파'를 주장했는데 안 대표의 노선과 다르지 않은 것""이라고 설명했다.오 후보는 안 대표와의 단일화 방식을 두고 ""여론조사로 단일화를 하면 양쪽에 결집한 지지세들이 혼연일체가 되서 함께 '윈윈 관계'가 되기 쉽지 않다""고 부정적인 전망을 내놨다.그러면서 ""여론조사 경선보다는 어떻게 함께 서울시에 들어갈 것인가의 방법을 찾는 게 유권자들에게 좋은 메시지가 될 것""이라며 ""승리 가능성을 높일 수 있는 지지세 결집의 단일화 방법""이라고 주장했다.국민의힘 후보를 결정하는 본경선을 앞두고 있는 오 후보는 ""국민의힘 후보 결선을 서울시민들의 여론조사만으로 결정한다""며 ""지난 예비경선 시민 여론조사에서 제가 1등을 했다. 여세를 몰아 비전과 정책으로 한번 멋지게 승부해 볼 것""이라고 자신감을 드러냈다.한편 오 후보는 자신이 최근 산업통산자원부 소속 공무원들이 감사원의 감사를 앞두고 북한 원전 추진 의혹 관련 문건들을 삭제한 것을 비판하려다 삭제 문건 파일명의 'v'를 '버전(version)'이 아닌 문재인 대통령을 뜻하는 'VIP'라 주장했다가 논란이 된 것에 대해 안타깝다고 했다.그는 ""제가 평생 변호사 업무를 했는데, 변호사들은 파일명을 쓸 때 사건명을 쓰지 v를 쓰지 않는다""라며 ""기업체와 업무 환경이 다르다""고 말했다.데일리안 최현욱 기자 "
"[머니투데이 유승목 기자] [음성기반 SNS '클럽하우스', 정치권에서도 언택트 소통 창구로 관심…박영선·금태섭 등 일찌감치 활용 시작]박영선 민주당 예비후보가 12일 정청래 의원과 함께 클럽하우스에서 시민들의 질문을 받는 채팅방을 열었다. 사진=뉴스14·7 서울시장 보궐 선거에 출사표를 던진 시장 후보들 사이에서 '클럽하우스'에 대한 관심이 높아지고 있다. 코로나19(COVID-19) 사태로 적극적인 현장 행보가 어려운 상황에서 '언택트(Untact·비대면)' 소통 창구가 될 수 있단 판단에서다.클럽하우스는 미국 스타트업 알파 익스플로레이션이 지난해 출시한 음성 기반 SNS(사회관계망서비스) 앱(어플리케이션)이다. 기존 페이스북·인스타그램처럼 텍스트나 영상 위주가 아닌 원하는 주제로 만들어진 대화방에서 기록이 남지 않는 음성으로 대화하는 방식이다.최근 일론 머스크 테슬라 CEO(최고경영자)가 공매도와 비트코인 등을 주제로 토론하고 국내에서도 김봉진 우아한형제들 의장, 김슬아 마켓컬리 대표 등 셀럽(유명인)들이 이용하면서 주목받았다. 초대를 받아야만 참여할 수 있다는 폐쇄성 때문에 초대권 중고거래가 이어지는 등 관심이 높아지고 있다.더불어민주당 우상호(왼쪽), 박영선 서울시장 예비후보가 지난 8일 서울 마포구 복합문화공간 그늘에서 열린 더불어민주당 서울시장 경선후보, 청년창업 및 일자리 간담회에서 기념촬영을 하고 있다. 사진=뉴시스정치권에서도 각광받는 모양새다. 정치뿐 아니라 라이프스타일·직업 등 관심사에 맞춰 대화할 수 있어 자신의 정책적 역량을 부각할 수 있고 음성으로만 대화해 기록이 남지 않기 때문이다. 무엇보다 각계 유명인사들과 실시간으로 대화할 수 있어 화제성이 높다는 점에서 인기를 끌고 있다.올해 정치권 빅 이벤트인 서울시장 보궐선거를 앞두고 주요 후보들이 이용하고 있다. 더불어민주당 예비후보에 나선 박영선 전 중소기업벤처부 장관이 대표적이다.박 후보는 지난 3일 클럽하우스 내 정치 관련 대화방에 모습을 드러내 인터뷰를 진행했다. 지난 12일에도 정청래 민주당 의원과 클럽하우스 방송을 통해 소통했다. 박 후보는 서울시장 출마 이유를 묻는 질문에 ""세번째 출마하니 서울이 보인다""고 답한 것으로 알려졌다.무소속으로 나선 금태섭 전 의원도 클럽하우스를 활용한다. 금 전 의원은 지난 9일 클럽하우스에 '무엇이든 물어보세요'라는 방을 개설해 시민들과 실시간 소통을 진행했다. 조정훈 시대전환 예비후보도 서로 존대나 격의 없이 대화한다는 콘셉트의 '반말방'을 개설해 500여명의 시민들과 소통하고 있다.오세훈 국민의힘 서울시장 예비후보가 지난 10일 서울 중구 남대문시장을 방문해 상인과 인사하고 있다. 사진=뉴시스다른 주요 후보들도 현재 클럽하우스 소통을 적극 검토 중인 것으로 전해진다. 코로나19 확산방지를 위한 고강도 사회적 거리두기 등으로 시민들과 대면 접촉하는 등 기존 선거운동 방식이 아닌 이색 소통방식이 필요하기 때문이다.나경원 국민의힘 예비후보가 최근 클럽하우스 계정을 개설했고 유튜브·팟캐스트 등으로 비대면 홍보를 해왔던 우상호 더불어민주당 예비후보도 클럽하우스 개설을 검토 중인 것으로 알려졌다. 김진애 열린민주당 후보는 페이스북에 ""클럽하우스는 딱 김진애 스타일""이라며 소통 계획을 밝혔다.반면 오세훈 국민의힘 예비후보와 안철수 국민의당 예비후보는 신중한 입장이다. 폐쇄성, 초대권 중고거래 등 논란의 소지가 있어 독이 될 수 있다는 이유에서다. 오세훈 후보 측은 한 언론과의 통화에서 ""시민 통합, 서울 통합을 얘기하면서 (클럽하우스 이용은) 맞지 않는 것 같다""고 말했다.유승목 기자"
(서울=뉴스1) 박지혜 기자 = 오세훈 국민의힘 서울시장 예비후보가 13일 오전 서울 관악구 신림동 주사랑공동체 교회가 운영하는 베이비박스를 방문해 이종락 목사의 설명을 듣고 있다. 베이비박스는 주사랑공동체 교회에서 운영하고 있으며 부모들이 양육을 포기한 영아를 임시로 보호하는 간이시설이다. (오세훈 캠프 제공) 2021.2.13뉴스
"동영상 뉴스[앵커]오는 4월 7일 서울시장 보궐 선거에 나설 예비후보들은 설 연휴에도 쉴 수 없습니다. 더불어민주당 예비후보들은 오늘 당원들의 마음을 잡기 위한 행보를 보였다고 하는데요. 국회 취재기자 연결합니다.백길현 기자.[기자]네 더불어민주당 서울시장 예비 후보들은 최근 부쩍 '당심 잡기'에 여념이 없는 모습입니다. 박영선 예비후보는 오늘 오전 11시 남편 이원조 변호사와 함께 자신의 후원회장을 맡은 문희상 전 국회의장의 자택을 예방했습니다.이 자리에서 문 전 의장은 박 후보에게 ""반드시 승리하리라 믿는다""며 ""박 후보가 승리하는 것만이 당을 살리고 정권도 살리고, 나라도 살리는 일""이라고 격려했습니다. 박 후보와 문 전 의장은 인연이 깊은데요. 박 후보는 문 전 의장이 고교 단짝 친구의 오빠라며 개인적인 친분을 밝히기도 했습니다. 우상호 후보는 오늘 오후 봉하마을에 내려가 노무현 전 대통령 묘역을 참배하고 방명록에 ""늘 곁에 있겠습니다. 꿈을 이루겠습니다""라고 적었습니다. 우 후보는 페이스북에 ""사회적 거리두기를 지키기 위해 권양숙 여사님과 전화로 이야기를 나누었다""며 고 노무현 대통령을 향해 ""서울시장이 되어 당신의 정신을 계승하겠다""고 소회를 알렸습니다. 우 후보는 지난 9일 김대중 전 대통령의 묘역을 방문하는 등 민주당의 '적자' 이미지를 앞세우고 있습니다. 다음달 1일 민주당 서울시장 후보가 확정되는데요.권리당원투표 50%, 여론조사 50%로 경선이 진행되는 만큼 당심을 공략하는 것이 중요한데, 이를 염두에 둔 설 행보로 읽힙니다. [앵커]국민의힘을 비롯한 야권 후보들은 토론회 준비에 한창이라고요.[기자]오늘 국민의힘 예비후보들은 현장 행보보다는 페이스북 등을 통한 정책 구상 발표와 함께 다음주부터 시작되는 토론회 준비에 몰두하고 있습니다. 나경원 예비후보는 최근 서울시 7급 공무원이 극단적인 선택을 했다는 비보에 애도를 표하며 시민단체 등 외부인사가 부당 채용되는 일을 막겠다고 말했습니다. 오세훈 예비후보는 관악 난곡로의 한 교회가 운영하는 베이비박스를 방문해 시설을 점검했습니다. 이에 앞서 한 종편에 출연한 오 후보는 ""안철수 후보와의 노선이 다르지 않다""며 안 후보와 최종단일화가 될 경우 서울시를 공동운영할 수도 있다는 입장도 밝혔습니다.야권은 설 연휴가 지나면 토론회로 이슈몰이를 한 뒤 단계식 단일화 작업으로 바람을 일으키겠다는 계획입니다. 최근 서울시장 선호도 여론 조사에서 민주당 박영선 후보에게 야권 후보가 뒤지는 결과가 여럿 나오면서 빨간불이 켜진건데요.국민의힘 김종인 비상대책위원장이 어제 한 방송사와의 인터뷰에서 ""국민의힘 후보 선출을 이달 말로 앞당길 수 있다""고 밝히기도 했는데요. 조기에 국민의힘 후보가 결정되면, 안철수-금태섭 제3지대 후보 1인과 단일화 작업을 벌이면서 분위기를 다시 가져오겠다는 계산이 엿보입니다. 지금까지 국회에서 전해드렸습니다. 연합뉴스TV 기사문의 및 제보 : 카톡라인 jebo23 ▶ 네이버에서 연합뉴스TV를 구독하세요 ▶ 연합뉴스TV 생방송 만나보기  ▶ 균형있는 뉴스, 연합뉴스TV 앱 다운받기"
"'매년 꾸준히' 나경원 ""10년 간 70만호 공급""'현실성' 방점 오세훈 ""5년 간 36만호 공급""'최대규모' 안철수 ""5년 간 74만6000호 공급""4·7 서울시장 보궐 선거에 출마한 (왼쪽부터) 나경원, 오세훈, 안철수 예비후보 ⓒ데일리안4·7 서울시장 보궐선거에 출마한 후보들의 정책 경쟁이 점차 구체화되어가고 있다. 그 중에서도 후보들이 현 시점에서 가장 공을 들이고 있는 분야는 역시 '부동산'이다.문재인 정부의 부동산 정책에 대한 불만이 고조된 상황에서 선거가 열리는 만큼, '부동산 민심'이 이번 선거에 큰 영향을 미칠 것으로 전망된다.야권의 유력 후보로 꼽히는 나경원, 오세훈, 안철수 예비후보는 부동산 정책에 대해 '공급 확대' 및 '규제 완화'라는 총론에 대해선 한 목소리를 낸 반면, 각론에서는 후보별로 차이가 났다.공급 규모 먼저 살펴보면, △나경원 예비후보는 연간 7만호씩 10년간 70만호를 △오세훈 예비후보는 5년 간 36만호를 △안철수 예비후보는 5년간 74만6천호를 공급하겠다고 약속했다.나경원 ""12억원 이하 1가구 1주택자에 재산세 50% 감면""나 예비후보 이 외에 △부동산 재산세를 50% 감면하는 방안 등을 '7대 대책'으로 제시했다. 7대 대책에는 △청년과 신혼부부에게 부동산 대출 이자 지원 △강북과 강남의 격차 해소 △재건축 재개발 등 규제완화 △미래형 임대주택 공급 △난개발 지역 노후주택 개선 등이 포함됐다.구체적으로는 고가주택 기준을 현재 9억원에서 12억원으로 높이고, 공시가격 12억원 이하 1가구 1주택 재산세를 절반으로 감면한다. 장기 보유자에게 종합부동산세를 줄이고, 양도소득세 중과 대상을 9억원 이하에서 12억원 이하로 축소한다는 계획이다.나 예비후보는 ""서울시는 박원순 전 시장 임기와 문재인 정권 4년까지 겹쳐 주택시장이 꼬일대로 꼬였다""며 ""현실 가능한 범위 내에서 시민이 중심이 되는 민간 주도 대책을 신속하게 추진하겠다""고 말했다.'현실성·신속공급에 방점' 오세훈 ""상생주택·모아주택 제도 도입""오세훈 예비후보는 '스피드한 주택 공급'에 방점을 찍었다. 5년간 36만호 주택을 공급하는데, 이를 위한 방법으로는 △재개발·재건축 정상화(18.5만호) △장기전세주택을 업그레이드한 '상생주택'(7만호) △'모아주택' 제도 도입(3만호) △기존 서울시 공급계획 계승 추진(7.5만호) 등을 제시했다.일반주거지역 고도제한 폐지, 규제 정비에 방점을 찍고, 현실성을 살리겠다는 취지다. 오 예비후보는 서울시에만 존재한 제2종 일반주거지역 7층 이하 규제를 폐지하고, 국가법령보다 30~100% 낮은 주거지역 용적률을 상향 조정하겠다고 했다.상생주택의 경우 공공기관이 민간토지를 빌려 주택을 건설하는 방안이다. 서울시는 토지 주인에게 매달 임대료를 지급하며 세제 혜택을 제공한다.그는 '모아주택'에 대해선 ""차 한 대를 세울 공간도 없는 여러 집들을 모아 협업해서 다양한 형태의 도심형 타운하우스로 재탄생 시키면 주거의 질을 올릴 수 있다""며 ""해당 주택에 용적률 인센티브를 지급하고, 일정 비율은 공공이 받아낼 수 있는 방법을 모색 중이다""고 설명했다.'최대 규모' 안철수, 서울시 유휴공간 등 이용해 5년간 74.6만 가구 공급 약속안철수 예비후보 공급 속도와 규모 면에서 최대치를 공약했다. 5년간 74만6000가구를 공급하겠다는 것이다.안 예비후보는 공급물량 확대를 위해 시 소유 유휴공간과 노후 공공청사 부지, 주차장, 공공임대주택 재건축 등을 통해 택지를 확보하겠다는 구상이다. 또 재개발과 재건축 사업 등 정비사업이 부진한 지역을 중심으로 민간개발과 민관합동개발방식을 추진하겠다고 했다.구체적으로는 청년임대주택으로 10만 호를 공급하고, 신혼부부에겐 청년 주택 우선 입주와 10년 거조권을 보장하겠다는 구상이다. 또 3040과 5060 세대를 위해서 40만 호의 주택을 공급하겠다고 했다.안 예비후보는 ""정비사업 용적률을 최대한 완화해줌으로써 정비사업을 통한 주거환경 개선과 함께 총 30만 가구 주택공급을 달성하겠다""고 강조했다.데일리안 이슬기 기자 "
"[사진출처 : 연합뉴스] 국민의힘 오세훈 서울시장 경선 후보가 13일 야권 후보 단일화 상대인 국민의당 안철수 후보와 서울시를 공동 운영할 수 있다는 뜻을 밝히자 나경원 경선 후보도 이에 호응했다.앞서 오 후보는  MBN 인터뷰에서 안 후보와의 후보 단일화 문제와 관련 “서울시를 함께 힘을 모아 공동 운영하기로 합의해서 그런 형태의 단일화가 된다면 유권자들 입장에서 기대해볼 만할 것”이라고 말했다.이에 대해 같은 당 나 후보도 자신의 페이스북에 ""앞서 안철수 후보가 제안한 ‘범야권 연립정부 서울시’, 어제 김종인 위원장이 강조한 ‘숙명으로서의 단일화’, 그리고 오늘 오세훈 후보의 ‘서울시 공동운영’까지 모두 동일한 취지에서 비롯된 것으로 생각한다""며 ""이 모든 것을 아우르는 개념이 바로 제가 말씀드린 '자유주의 상식 연합'""이라고 강조했다.나 후보는 또 ""이번 재보궐 선거 야권 후보 단일화는 가장 의미있는 첫 단추가 될 것""이라며 ""성공적인 단일화로 선거에서 승리하면 서울시 공동운영은 당연히 실천해야 할 기본 과제""라고 설명했다.그러면서 야권 후보 단일화에 이은 '자유주의 상식 연합' 구축을 제안한 나 후보는 ""안 후보 뿐 아니라 금태섭 후보, 더 넓게는 조정훈 후보까지도 함께 할 수 있어야 한다""고 주장했다. 이어 ""진중권 전 교수와 서민 교수 등 합리적 진보도 중요한 역할을 해주실 것이라 기대한다""며 ""우리의 궁극적인 목표는 정권 교체와 대한민국 혁신""이라고 덧붙였다.[방영덕 매경닷컴 기자"
"(서울=연합뉴스) 서울시장 보궐선거 국민의힘 오세훈 예비후보가 13일 서울 관악구 신림동 주사랑공동체 교회가 운영하는 베이비박스를 방문, 이종락 목사의 설명을 듣고 있다.     베이비박스는 부모가 양육을 포기한 영아를 임시로 보호하는 간이시설이다. 2021.2.13  [오세훈 예비후보 측 제공. 재판매 및 DB금지]"
"吳, 연립정부 시사…“安과, 공동운영할 수도”안철수 “서울시, 범야권 연립 지방정부돼야”[이데일리 박태진 기자] 서울시장 보궐선거 출마를 선언한 오세훈 전 서울시장에 이어 나경원 전 자유한국당(현 국민의힘) 원내대표도 안철수 국민의당 대표와 단일화로 선거에서 승리하면 서울시는 공동운영해야 한다는 입장을 13일 밝혔다. 오세훈 전 서울시장에 이어 나경원 전 자유한국당(현 국민의힘) 원내대표도 안철수 국민의당 대표와 단일화로 서울시장 보궐선거에서 승리하면 서울시는 공동운영해야 한다는 입장을 13일 밝혔다.(사진=이데일리DB)나 전 원내대표는 이날 자신의 페이스북에서 “성공적인 단일화로 선거에서 승리하면, 서울시 공동 운영은 당연히 실천해야 할 기본 과제”라고 밝혔다.그는 “앞서 안철수 후보가 제안한 ‘범야권 연립정부 서울시’, 어제 김종인 국민의힘 비상대책위원장이 강조한 ‘숙명으로서의 단일화’, 그리고 오늘 오세훈 후보의 ‘서울시 공동운영’까지 모두 동일한 취지”라며 “이 모든 것을 아우르는 개념이 바로 제가 말씀드린 자유주의 상식 연합”이라고 강조했다. 나 전 원내대표는 또 자신이 제안한 ‘자유주의 상식 연합’에 조정훈 시대전환 의원, 금태섭 전 더불어민주당 의원, 진중권 전 동양대 교수 등도 함께 할 수 있어야 한다고 했다. 참여 인사의 범위를 확장한 것이다. 앞서 이날 오 전 시장도 MBN ‘뉴스와이드’에 출연해 “저는 중도 우파로 안 후보와 노선이 다르지 않다. 외국에는 연립정부의 실험이 있지 않으냐”면서 안 대표와 ‘서울시 공동 운영’에 합의하는 방식으로 야권 후보 단일화를 이룰 수 있다고 말했다.안 대표 역시 지난해 12월 “다음 서울시 집행부는 ‘범야권 연립 지방정부’가 돼야 한다”며 “힘을 합쳐서 새롭고 혁신적인 시정모델을 만들어야 한다”고 밝힌 바 있다.박태진 "
(서울=뉴스1) 박지혜 기자 = 오세훈 국민의힘 서울시장 예비후보가 13일 오전 서울 관악구 신림동 주사랑공동체 교회가 운영하는 베이비박스를 방문해 이종락 목사의 설명을 듣고 있다. 베이비박스는 주사랑공동체 교회에서 운영하고 있으며 부모들이 양육을 포기한 영아를 임시로 보호하는 간이시설이다. (오세훈 캠프 제공) 2021.2.13뉴스
"“안철수와 노선 다르지 않아”국민의힘 소속 오세훈 서울시장 전 서울시장이 10일 서울 중구 남대문시장에서 상인회 회장단과 간담회를 하기 전 상인들과 인사하고 있다. 국회사진기자단국민의힘 소속 오세훈 전 서울시장이 13일 안철수 국민의당 대표와의 후보 단일화와 관련해 “서울시를 함께 힘을 모아 공동 운영하기로 합의해서 그런 형태의 단일화가 된다면 유권자들 입장에서 기대해볼 만할 것”이라고 했다. 오 전 시장은 이날 MBN 뉴스와이드에 출연해 “저는 중도 우파로 안 대표와 노선이 다르지 않다”며 “외국에는 연립정부의 실험이 있지 않으냐”고 했다. 자신이 국민의힘 경선을 통과할 경우 서울시 연립정부 수립을 전제로 제3지대의 안 대표와 최종 단일화에 나서겠단 구상으로 읽힌다.오 전 시장은 최근 산업통상자원부의 북한 원전 관련 문건 파일명에서 소문자 알파벳 ‘v’를 ‘버전(version)’이 아니라 문재인 대통령을 의미하는 ‘VIP’라고 주장했다 번복한 것에 대해 “참으로 안타깝다”고 했다. 그는 “제가 평생 변호사 업무를 했는데 변호사들은 파일명을 쓸 때 사건명을 쓰지, v를 쓰지 않는다”며 “기업체와 업무 환경이 다르다”고 밝혔다.이서희 기자"
"동영상 뉴스<출연자>오세훈 국민의힘 서울시장 예비후보제33·34대 서울시장 제16대 국회의원자유한국당 국가미래비전특별위원장고려대학교 기술융합대학원 석좌교수<인터뷰 전문>""후보 되더라도 단일화 어떻게 함께할지 고민할 것""""국민의힘 후보 결정되면 야권 후보 지지세 변화 있을 것""""서울, 정체와 침체…비전과 정책으로 승부할 것""""이익 보장해야 민간에서 부동산 공급 뛰어들 것""""업무 파악에만 6개월 소요…짧은 임기 내 서울 시민 고통 덜어드릴 것""■ 프로그램: MBN 뉴스와이드■ 방송일 : 2021년 2월 13일 (토요일) 오전 10시■ 진 행 : 정광재 앵커■ 출연자 : 오세훈 국민의힘 서울시장 예비후보**기사 인용 시 'MBN 뉴스와이드' 출처를 밝혀주시길 바랍니다. 앵커 : 여러분, 안녕하십니까? 2021년 설 연휴 3일째. 편안한 시간 보내고 계신지요. 오늘 뉴스와이드 진행을 맡은 정광재입니다. 오늘 4월 7일 재보궐 선거가 치러지는 서울과 부산은 본격적인 선거 일정에 돌입했습니다. 주요 정당이 후보를 확정하기 위한 절차에 들어갔는데요. 오늘은 국민의힘 서울시장 후보자로 나선 오세훈 전 서울시장과 얘기 나눠보겠습니다. 오 후보님 어서오십시오. 오세훈 : 반갑습니다. 앵커 : 설 연휴 일정 아주 바쁘게 보내시고 계실 텐데 어떻게 소화하고 계십니까? 오세훈 : 제 공약 준비하고 토론 준비하고 그리고 이제 일정 소화하고 정신없습니다. 앵커 : 예전 같으면 시장도 가고 대면으로 유권자 만나는 기회가 많았을 텐데. 이번에는 좀 다른 설이죠? 오세훈 : 확실히 대면 접촉이 많이 줄어든 선거라서 생소하기는 합니다. 앵커 : 많은 분들이 오 전 시장께서 새로 서울시장 선거에서 나선다고 했을 때 과거에 그만뒀었는데 왜 또 나오냐 이렇게 단도직입적으로 여쭤보는 분들도 있을 것 같아요. 어떻게 대답하십니까? 오세훈 : 사실 제가 서울 시민들께는 죄인이지 않습니까? 임기를 어쨌든 마치지를 못했으니까요. 당시에 어떤 정치적인 원칙을 지킨다. 이런 차원에서의 결단이었습니다만 어쨌건 저는 평생을 안고 가야 될 자책의 마음을 가져야죠. 그러다가 이번 선거는 사실 4년 임기를 선거가 아니라 1년 임기 남짓의 보궐선거인데 지금 서울이 많이 오히려 정체 내지는 퇴보했죠. 아마 많이들 그렇게 느끼고 계실 거라고 저는 생각을 합니다. 그래서 이번에 정말 그동안 못다 했던 일들 도리가 아닌가 하는 생각을 했고요. 무엇보다도 내년에 있을 대선, 이번에 아마 야권에서 가져오지 못하면 정권교체 못할 텐데 이번이 정말 중요한 교두보를 마련할 선거다. 여기에서 제가 직접 대선에 나서는 것보다 그 역할을 하는 것이 도리가 아니겠는가. 그런 판단도 했습니다. 앵커 : 어떠한 속죄와 절박감에 따른 출사표였다고 볼 수 있겠군요. 오세훈 : 제가 시장 하던 시절까지만 하더라도 뉴욕이나 런던 파리 같은 따라잡는 게 이제 눈앞에 보인다 하는 이런 으샤으샤하는 분위기가 생겼거든요. 그런데 지금 사실 너무 처져 있어서. 금융도시 분야에서 한 30~40위권에 머물던 게 제가 한 달 한 10위권까지 올라갔었습니다. 동북아의 상해를 제치고 우리가 금융도시가 된다. 이런 꿈을 꿨었는데 지금 그게 다시 33위로 떨어졌어요. 하나의 대표적인 예인데. 이런 일을 할 수 있는 사람, 단기간에 할 수 있는 사람이 누구냐. 특히 이번 선거는 들어가서 연습할 시간이 없는 선거지 않습니까? 인수위라는 게 없잖아요. 4월 7일에 선거 끝나면 4월 8일에 아침부터 들어가서 업무 파악할 시간조차 없이 바로 결재에 들어가야 됩니다. 이 코로나 때문이 고통받는 분들이 많은데 할 일도 많고. 그런 의미에서 제가 역할이 있겠다 하는 판단을 했습니다. 앵커 : 이제 국민의힘에서는 경선을 추가로 치르게 되잖아요. 예비경선에서는 이제 통과를 하신 거고. 오세훈 : 그렇습니다. 앵커 : 국민의힘 최종 경선은 어떻게 예상하세요? 그러니까 자신이 마지막 국민의힘 티켓을 쥘 거라고 생각하시는지요. 오세훈 : 아시다시피 예선 4명 뽑는 데서는 이제 당내에서 20%, 일반 서울시민 여론조사가 80% 기준되는 것이었는데. 앵커 : 맞습니다. 오세훈 : 이제 결선은 일반 서울시민 여론조사만으로 결정을 하죠. 그런데 거기에서는 제가 지난번에 1등을 했습니다. 아마 그 여세를 몰아서 더 열심히 뛰어야겠지만. 여세를 몰아서 비전과 정책으로 한번 멋지게 승부해 보겠습니다. 앵커 : 이른바 당심은 다른 후보가 앞섰을지 모르지만 민심 자체는 오 전 시장 편이다 이렇게 판단을 하는 거군요? 오세훈 : 보통 여론조사를 하면 그렇게 나오더라고요. 작년의 전당대회를 기억하실 텐데 그때도 황교안, 오세훈. 황교안 후보는 우익보강을 외쳤고 저는 중도 외연 확장해야 당이 총선에서 이길 수 있다 이런 입장이었는데 그때 당 안팎, 안과 밖이 굉장히 차이가 났습니다. 당 안에서는 제가 열세였지만 당 밖에서는 압도적으로 이겼거든요. 아마 그런 민심의 흐름이 이번에도 유지되고 있는 것 아닌가 저희 나름대로는 그렇게 보고 있습니다. 앵커 : 결국에는 이제 본선에 가더라도 뭐 이제 진보 진영과 보수 진영이 그렇게 양분화된 상황에서 중도 표심을 어느 후보가 잡느냐가 선거에 가장 중요할 텐데. 그런 부분에서는 스스로 그러면 자신감을 좀 갖고 많은 유권자들에게 어필을 하실 것 같아요. 오세훈 : 그렇습니다. 제 지지도를 분석을 해 보면 물론 우리 당내에도 지지하시는 분들이 많지만 중도, 스윙보트라고 그러죠. 그때그때 선거 때 누가 더 일을 잘할 거냐. 이런 실용적인 판단으로 지지해 주시는 분들이죠, 당 색깔보다는. 그런 분들의 지지, 또는 심지어는 일부지만 민주당 지지도 폭넓게 분포돼 있습니다. 그런 제 지지 분포도라고 할까요? 이런 걸 보면 아마 단일화나 최종 경선에서 특히 아마 빛을 발하지 않을까 기대하고 있습니다. 앵커 : 사실 이번 선거에 가장 뜨거운 화두는 어쩌면 서울시장으로서 서울 집값, 부동산 시장을 어떻게 안정화 시킬 것이냐 이 부분일 것 같거든요. 오세훈 : 그렇습니다. 앵커 : 관련한 부동산 시장 공약은 어떻게 준비하셨어요? 오세훈 : 다른 후보들은 보통 숫자로 얘기를 합니다. 모 후보 같은 경우에는 74만 6천 가구를 얘기하고요. 또 어떤 후보는 60만 가구를 얘기를 하고 이런 식인데요. 사실은 다 불가능한 수치입니다. 그렇게 얘기하면 뭐 100만 호 짓겠다고 해도 되죠. 그런데 서울에 지금 38만 호 정도 있는데 임기 1년의 시장. 한 번 더 해 봐야 5년인데 5년 내에 70 몇만 호를 짓겠다, 공급하겠다고 하는 건 그건 비전문가가 봐도 균형이 안 맞죠. 그러니까 비전 제시라고 보고요. 실제로 공급할 수 있는 숫자 정도는 한 35만 가구 전후 정도가 된다고 보는데. 그것조차도 방법론을 잘 구사하는 시장이 아니라면 아마 어려울 겁니다. 그런 의미에서 저는 주로 방법론을 얘기하고 있습니다. 예를 들면 민간의 활력을 어떻게 건축 주택 공급 시장으로 모을 것이냐. 그래서 토지 건물주들이 아, 이때 집 지어야겠다고 느낄 정도로 용적률 인센티브나 여러 가지 규제를 바로 해지할 수 있는 것들이 있거든요. 그런 말씀을 드리고 있고 그리고 건설회사도 빨리 거기에 시장에 뛰어들어서 이익을 남기려고 하는 그 민간 시장의 활력을 이용해서 주택을 공급하는 방법론을 주로 얘기하다 보니까 아마 전달이 그렇게 용이하지는 않는데 그래도 그 방법이 중요하다 하는 걸 꾸준히 강조하고 있습니다. 앵커 : 처음 서울시장이 되셨을 때 시점에는 서울 부동산시장은 상당히 안정세를 보였던 거죠. 오세훈 : 적어도 제 임기 5년 동안에는 상당히 안정이 돼 있었고요. 당시에는 뉴타운, 재개발, 재건축.  전임 이명박 시장님의 정책을 이어받아서 상당히 활발하게 시장의 공급의 시그널이 가고 있었기 때문에 정말 바람직한 부동산 가격, 안정 시기였다는 평가를 받고 있죠. 그때 구사했던 정책들 지금도 그대로 할 수는 없지만 그 원리는 똑같습니다. 다시 말해서 시장에 방금 전에 말씀드린 대로 어떻게 이익을 보장하면서. 이익을 보장을 해야 주택을 공급하는 시장에 뛰어들거든요. 그렇게 만들기 위해서는 예를 들면 서울시에 있는 주택국과 도시계획국을 한시적으로 힘을 모아서 함께, 도시국은 억제하는 기능을 하고 주택국은 공급하는 기능을 하거든요. 그런 방법론이라든가 2종 일반 주거 지역의 7층 높이 규제 같은 거를 없애서 망설이고 있는 사람들이 다 집을 짓게 하게 하는. 그렇게 되면 이제 건축시장도 살아나고 일자리도 생기고 신축 주택도 빨리 공급될 수 있는 그런 쪽으로 방법론을 제시하고 있습니다. 앵커 : 이런 계획들을 실행에 옮기기 위해서는 서울시장이 되어야 되는데 자, 이제 되는 과정을 얘기를 해보죠. 일단 당내 경선을 통과하는 게 우선이잖아요. 오세훈 : 그렇습니다. 앵커 : 상대 후보에 비해서 나는 어떤 면을 좀 더 부각시킬 수 있을 것이다라고 얘기하신다면. 오세훈 : 지금 뭐 당내 경쟁자는 나경원 후보인데. 앵커 : 가장 유력한 경쟁자라고 할 수 있겠죠. 오세훈 : 그렇죠. 나경원 후보 물론 훌륭하죠. 그동안에 여러 가지로 국정을 다루기 위해서 국회에서 경험도 많이 쌓으셨고. 자질이 좋습니다만 이번 선거는 사실 들어가서 일할 수 있는 시간이 6개월에서 9개월밖에 안 됩니다. 앵커 : 그렇겠죠. 오세훈 : 아마 올 연말 되면 벌써 또 다음 선거 분위기로 들어갈 거고요. 그런데 보통 들어가기 전에 인수위 시절이 한 2개월 정도 생각을 정리할 시간이 있는데 이번에는 바로 일을 해야 되고 그리고 보통 업무 파악하는 데 한 6개월에서 1년 정도 걸린다고 합니다. 실제로 제가 취임 1주년이 되는 날 부시장한테서 농담 반 진담 반으로 이제 오늘부터 시장님 진짜 시장님이십니다. 물론 농담처럼 했지만 저는 그게 굉장히 뇌리 속에 강하게 남아 있습니다. 그게 왜냐하면 서울 시정은 생활 시정입니다. 이게 뭐 봄, 가을 다르고 여름, 겨울에 할일이 다 다르기 때문에 한 바퀴 돌아봐야 겨우 아, 이제 내가 알겠다 싶거든요. 그런데 사실 1년도 안 돼서 임기가 마무리가 되는 그런 보궐선거기 때문에 그분도 훌륭하지만 아마 제가 서울시민들의 불편을 고통을 제일 빨리 효율적으로 덜어드릴 수 있을 거다 하는 자부심은 있습니다. 앵커 : 우리가 군대 갔다 오면 1년 정도 지나서 상병쯤 돼야 내가 군 생활 알겠구나 이렇게 얘기하는 거랑 비슷한 얘기네요. 그러면 이제 국민의힘 후보가 된 이후에도 다시 제3지대에서 뛰고 있는 다른 후보들과의 단일화 경쟁도 생각하셔야 되잖아요. 오세훈 : 그렇습니다. 앵커 : 그 부분은 또 어떻게 준비하고 계시나요? 오세훈 : 사실 안철수 후보와 금태섭 후보도 계시는데 이렇게 말씀드리면 안 되겠지만 안 후보가 유리하다고 하니까요. 안 후보님 하고 이제 단일화를 해야 되는데 사실은 시간이 흐를수록 단일화는 어려워지는 건 사실입니다. 왜냐하면 개인 대 개인의 관계면 멋지게 양보할 수 있습니다. 그런데 당의 후보가 되면 사실 그게 개인적인 지위가 아니지 않습니까? 앵커 : 자기를 뽑아준 당의 입장을 생각해야죠. 오세훈 : 그렇죠. 그래서 사실은 그런 국면이 오기 전에 단일화를 하자라는 국면에서 출마할 때 출마를 열흘 동안 유보하고 만약에 안철수 후보가 우리 당으로 들어와주신다면 저는 출마를 안 하고 도울 수 있다 하는 입장을 밝혔었는데 그게 난데없이 조건부 출마다. 이렇게 이름이 붙어지는 바람에 사실은 좀 곤혹스러웠습니다. 실제로 야권 분열로 선거가 치러지는 상황을 원천 봉쇄하기 위한 저 나름대로의 충정이었는데. 이제 그 순간은 지나갔고요. 열흘 기다렸는데도 화답을 안 하시더라고요. 그래서 당의 후보가 된 다음에 단일화 하는데 사실은 여론조사 경선을 해서 단일화를 하게 되면 양쪽에 이미 결집된 지지세들이 이게 혼연일체가 돼서 함께 윈윈의 관계가 되기가 쉽지 않습니다. 그러니까 후보는 단일화 될지는 모르지만 지지층은 여전히 마음이 동하지를 않죠. 그게 사실 참 큰 고민거리고요. 그래서 후보가 되더라도 여론조사 경선보다는 어떻게 함께 서울시에 들어갈 것인가. 방법을 찾는 것이 그게 훨씬 더 유권자들에게 좋은 메시지일 뿐더러 승리 가능성을 높이는 지지세를 결집시키는 그런 단일화 방법이다. 요즘에 그런 고민도 함께 하고 있습니다. 앵커 : 그 조건부 출마라는 비판을 좀 받으셨으니까 조금 내가 일찍 먼저 좀 출마 선언을 했으면 좋지 않았을까라는 후회는 하지 않으셨어요? 오세훈 : 뭐 시간이 지나면서 사실 정치적인 손실을 많이 봤습니다. 그런데 그게 중요한 게 아니고요. 사실 이번에 야권에서 어떻게 승리를 가져와서 서울시라는 교두보를 확보하고 그리고 정권교체를 원하는 분들 입장에서는 아, 정말 서울시에서 이런 변화의 소용돌이가 시작됐다 하는 터전을 마련하는 거기 때문에 지금은 거기에 집중하고 있습니다. 앵커 : 조건부 출마와 함께 또 하나 조금 구설에 올랐던 부분도 있잖아요. 이제 부위 논란도 해서. 그 부분도 조금 후회되는 부분도 있을 것 같아요. 오세훈 : 그 이후에 일반 여론조사에서 이겼기 때문에 어떤 분들은 그 논란이 도움이 된 게 아닌가 뭐 이런 분석도 하시는 걸 봤는데요. 저는 잘 모르겠고요. 그 속이야 어떻게 알겠습니까. 그런데 V 논란이라는 게 V에 대한 해석인데 사실 저는 평생 변호사 업무를 했지 않습니까? 변호사들은 파일명을 지을 때 V를 잘 안 써요. 사건명을 쓰지. 이게 일반 기업체나 이런 데하고 업무 환경이 다른 면도 있었고요. 하여튼 그게 본질적인 논란은 아니었고 결국 보도다리 위에서 뭘 담아서 김정은 위원장에게 줬느냐. 이것에 대해서는 그냥 시간이 지나면서 묻히는 것 같습니다. 이슈가 좀 사라지고 있어요. 사실 분명히 밝혔으면 될 일인데 과연 북한의 원전 지원이 있었는지. 앞으로 할 것인지 안 할 것인지에 대한 분명히 하면 되는 거였는데 참 안타깝습니다. 앵커 : 안철수 후보에 대한 평가도 조금 부탁드릴게요. 아까 나경원 후보에 대해서 평가 해주셨는데 안철수 후보가 지금 중도 표심을 공략하는 데 상당히 유지할 것이라는 여론조사 결과가 나오고 있잖아요. 그 부분은 어떻게 평가하세요? 오세훈 : 사실은 중도를 지지층으로 하는 대표적인 정치인이 우리 당에 있다면 아마 그건 제가 아닐까 싶고요. 그래서 안철수 후보와는 지지층이 겹칩니다. 그래서 당의 후보가 아직 결정이 안 돼서 그렇지 결정이 되면 아마 그 부분에 대한 지지세 변동이 생기겠죠. 그렇다면 그걸 바탕으로 해서 안철수 후보와 정말 멋진 단일화 그러니까 유권자들께서 투표장으로 오시고 싶은 마음이 들도록 하는 단일화는 과연 무엇일까. 이제 그걸 함께 만나서 허심탄회하게 논의해 보겠습니다. 앵커 : 조금 전에 말씀하신 단일화보다 어떻게 다음 대권, 그러니까 다음 대선에서의 정권 창출 아니면 서울시장을 어떻게 함께 이끌어가겠다고 고민해 보겠다고 하셨는데 그게 어떻게 가능할까요?오세훈 : 가능하죠. 왜냐하면 저는 경험이 있지 않습니까? 사실은 들어가자마자 일을 할 수 있는 후보라면 당연히 오세훈 후보가 유리할 텐데 또 그분도 그분 나름대로 지지세가 있어요. 이것을 합해서 서울시에서 함께 협업을 하는 방법, 외국에는 왜 연립정부도 실험을 많이 하지 않습니까? 그런데 그 연립정부가 완전히 정당의 정강정책이나 추구하는 바가 다르다면 무리입니다. 그런데 사실 저도 중도 우파. 다시 말해서 경제 성장과 분배를 똑같이 중시해야 한다는. 그래서 이 경제 발전의 단계에서 소외되고 어려운 위치에 빠지신 분들을 함께 보듬어야 한다는 그야 이른바 혁신 우파, 중도 우파. 뭐 이런 여러 가지 표현을 쓰는데. 따뜻한 보수 이런 표현을 쓰는데 안철수 후보와 노선이 다르지 않습니다. 서울시를 공동 운영한다, 예를 들어서. 이런 제안을 하고 협의를 해서 그런 형태의 단일화가 된다면 굉장히 유권자들 입장에서 보면 한번 기대해볼만한 전무 아니면 전부. 이걸 여론조사의 형태를 통해서 정하는 것보다는 훨씬 더 기대감을 최대로 끌어올릴 수 있는 그런 단일화가 되지 않을까. 머릿속에 지금 몇 가지 구상이 있습니다. 앵커 : 차츰 머릿속의 구상을 유권자분들에게 설명할 기회가 있을 거라고 생각이 들고요. 자, 그러면 본선에 오세훈 후보가 진출했다고 가정하시죠. 그러면 이제 민주당에서 특정 후보가 정해질 거고요. 민주당 후보와의 경쟁은 어떻게 이겨나가시겠습니까? 오세훈 : 일단 이번 선거는 선거가 탄생한 배경부터가 비극이죠. 이 자리에서 다시 언급할 필요는 없겠습니다만 민주당은 그것에 대해서는 분명히 책임을 져야하는 입장에 있습니다. 그런데 당헌당규를 바꿔가면서까지 후보를 냈고요, 첫째. 두 번째는 박영선 후보의 공약을 보니까 아직까지 현실성이 구체성이 매우 떨어지는 공약을 내고 계십니다. 예를 들면 21개 다핵도시를 얘기를 하면서 왜 21개냐 그러니까 그걸 아이디어를 냈던 교수님 같은데 뭐 21세기이지 않느냐. 이런 얘기를 하는 걸 보면서 서울시를 굉장히 과학적이고 심층적으로 분석을 해서 어떻게 하면 시민들이 가장 편리하게 생활할 수 있도록 만드냐는 연구를 해서 정한 숫자가 아닐 수도 있다는 생각을 했어요. 또 주택 공약을 보면 30만 호의 토지임대부 분양을 하겠다고 첫 공약이었습니다. 그런데 토지임대부 분양은 아시다시피 서울시 소유의 땅이 있어야 합니다. 그러니까 토지임대부는 토지는 그대로 서울시가 가지고 있고 건물만 분양하는 거거든요. 자, 그렇다면 그 땅이 어디 있느냐. 사실 마른 수건 쥐어짜듯이 짜내도 글쎄요? 서울시 토지에 분양, 아파트를 분양할 수 있는 호수는 1만에서 1만 5천이 맥시멈입니다. 그렇게 얘기를 했더니 경부고속도로를 덮어서 그 위에 집을 지을 수도 있고 강변북로 거기에다가도 지을 수 있다고 하는데 강제성이나 경제성이 떨어지는 아이디어고 박근혜 정부 때도 다 나왔던 아이디어인데 하나도 못했던 아이디어거든요. 그리고 1년짜리 시장이 할 아이디어는 더더군다나 아니고요. 아마 5년을 해도 그런 형태의 아파트가 지어지기 불가능할 겁니다. 보통 한 7~8년 이상은 걸릴 겁니다. 그렇다면 헛공약이 되는데 그걸 지금 열심히 그림을 그려가지고 이렇게 하겠다고 보여주고 계세요. 아마 그런 면이 실제로 일을 해 봤던 시장이 내놓는 현실적인 공약과 굉장히 대립이 될 겁니다. 그 과정에서 이제 유권자들의 선택이 있겠죠. 앵커 : 이제 대부분의 그 선거를 보면 공약보다는 어떤 정치적인 이해관계에 따라서 투표를 하는 분들이 더 많은 것 같아요. 그렇기 때문에 아마 이번 선거도 문재인 대통령을 비롯한 진보 진영과 아니면 이제 정권교체를 희망하는 보수 진영이 상당히 지금 각 진영별로 똘똘 뭉쳐서 경쟁할 가능성이 높다고 보거든요. 그 부분을 포함한 전체적인 전략이 필요할 것 같다고 봐요. 오세훈 : 그렇습니다. 지금 하루가 다르게 집값이 들썩이고 특히 전세, 월세 가시는 분들이 굉장히 고통을 겪고 있는 상황에서도 확고한 지지세가 유지되는 모습을 보면 그 세가 결집돼 있는 건 사실이고요. 사실 이런 자리를 빌려서 호소 드리고 싶습니다. 실제로 이사대책이라고 최근에 부동산 대책이 나온 걸 분석을 해보면 당분간 주택 공급이 더 어려워졌습니다. 실제로 민간이 주도하는 재개발, 재건축 주택은 그대로 내버려 두기만 해도 공급이 됩니다, 실제로. 그런데 이번에 내놓은 이사 대책 때문에 이게 핵심은 공공 주도로 하겠다. 그리고 민간 주도는 더 이상 하지 마라. 민간 주도로 하던재건축이 만약에 공공 주도로 옮겨오게 되면 이런 인센티브를 주겠다. 이게 골자입니다. 그런데 임기 1년밖에 남지 않은 정권에서 그런 제안을 하게 되면 이 기존에 있던 재건축, 재개발 대책이 옮겨오기가 쉽지 않습니다. 결국 이사 대책이 오히려 더 지연시키는 대책이 되고 말 겁니다. 이런 대책을 지켜보면서 지금 이 정부가 한 가장 잘못한 일 부동산 가격을 높여도 너무 높여놔서 많은 국민들을 좌절 속에 빠뜨리고 젊은 사람들이 집을 갖는다는 꿈조차 꾸지 못하게 만든 이런 현실을 정치적인 판단이 아니라 정책적인 판단의 더 이상 놔뒀다가는 이 무능과 그리고 이 폭주가 계속된다고 하는 여기에 제동을 걸어주십사 저는 사실은 서울시장이 되면 이제 그다음부터는 부동산에 제 온 에너지를 다 투입할 텐데요. 그런 정책적인 면을 좀 많이 봐주시면 좋겠다. 그런 말씀을 꼭 드리고 싶습니다. 앵커 : 지난 선거에서 사실 고민정 후보에게 패한 이후에 나는 고민정 후보에게 진 것이 아니라 문재인 대통령에게 졌다 이렇게 얘기를 하시기도 했는데 결국 이번 선거도 큰 틀에서 보면 그렇게 진행되지 않을까요? 오세훈 : 이번에도 그렇지만 그때도 선거 있기 며칠 전에 여당 원내대표 하시던 분인가요? 이인영 의원으로 기억이 되는데 그분이 오셔가지고 우리 누구, 우리 민주당 후보 당선시켜주면 100만 원 재난지원금 얘기를 그때 꺼내서 금권선거네, 아니네 선거가 끝나고 얘기가 많았는데요. 이번 선거도 비슷한 현상이 벌어지지 않는다는 보장이 없죠. 결국 믿을 건 유권자들의 판단력밖에 없다. 저는 호소하고 싶습니다. 앵커 : 그런 측면에서 본다면 야권 후보의 단일화가 이뤄질 거냐가 가장 중요한 변수라고 보이는데 야권 후보의 단일화는 반드시 이뤄진다고 보십니까? 오세훈 : 제가 아까 의지를 말씀드렸습니다마는 단일화는 여러 가지 방법이 있습니다. 제가 가장 강한 의지를 그 출마선언에서 안철수 후보가 우리 당으로만 들어오면 야권 분열이 원천 봉쇄된다는 의지를  밝히면서 제 의지가 강하다는 걸 보여드렸습니다. 반드시 야권 후보 단일화를 이뤄내서 그것도 시너지 효과가 나는 윈윈의 그래서 유권자분들께 희망을 드리는 단일화를 해서 반드시 승리를 가져오겠다는 결심이 강합니다. 앵커 : 초반에 잠깐 말씀드릴 때 그러면 본선에 야권 단일후보로 나설 수 있는 지금 승기를 가지고 있다고 판단을 하셨고요. 그 승기를 가지고 본선에서도 내가 반드시 이번 선거는 승레할 수 있다는 마지막 승부수는 어디에 있다고 보세요, 오세훈 후보께서? 오세훈 : 결국에는 아마 진심, 진정성이라고 하죠. 저 사람은 본인이 하는 게 꼭 중요하다고 생각해서 나온 게 아니었다, 처음에. 단일화가 더 중요하다는 걸 제가 밝혔지 않습니까? 그리고 많은 정치적인 손실을 감수하면서 열흘을 기다렸고요. 그런 마음가짐으로 임하는 후보다, 사람이다. 아마 그런 신뢰가 저는 생겼을 거라고 생각합니다. 그 신뢰를 바탕으로 해서 이제 실력이 중요하겠죠. 서울시가 그동안 많이 어려워졌습니다. 실제로 제 임기 동안 서울의 변화를 기억하고 계실 거고요. 특히 국제 평가기관에서 받은 실제적인 순위들이 있는데 그런 것들이 다시 다 하락하고 있기 때문에 그걸 좀 제자리로 갖다 놓을 수 있는 사람이 누구냐. 특히 민생까지 보듬어가면서 코로나로 겪고 있는 그런 고통으로부터 바로 취임 다음 날부터 챙길 수 있는, 서울 시민들을 챙길 수 있는 후보가 누구냐. 이거에 대해서 신뢰만 보내주신다면 정말 지난번에 임기를 다하지 못한 저의 자책감까지 더해서 분골쇄신, 열심히 뛰겠습니다. 앵커 : 오늘 말씀 잘 들었습니다. 앞으로 국민의힘 경선 또 본선까지도 열심히 한번 지켜보도록 하겠습니다. 오늘 말씀 고맙습니다. 오세훈 : 고맙습니다. #MBN #MBN뉴스와이드     ▶ 네이버에서 'MBN뉴스'를 구독하세요!▶ 김주하 앵커 'MBN 종합뉴스' 저녁 7시 20분 진행▶ MBN Y포럼 사전등록 GO! GO!< Copyright ⓒ MBN(www.mbn.co.kr) 무단전재 및 재배포 금지 >"
"베이비박스 방문한 오세훈 예비후보 - 서울시장 보궐선거 국민의힘 오세훈 예비후보가 13일 서울 관악구 신림동 주사랑공동체 교회가 운영하는 베이비박스를 방문, 이종락 목사의 설명을 듣고 있다. 베이비박스는 부모가 양육을 포기한 영아를 임시로 보호하는 간이시설이다. 2021.2.13.오세훈 예비후보 측 제공연합정부 실험이 서울시를 배경으로 이뤄질까. 국민의힘 오세훈 서울시장 예비후보가 이 같은 제안을 내놨다. 국민의당 안철수 예비후보와 서울시를 함께 운영할 수 있다는 것이다. 이에 야권의 또 다른 주자인 나경원 예비후보도 호응하고 나섰다.오 예비후보는 13일 MBN 인터뷰에서 “서울시를 함께 힘을 모아 공동 운영하기로 합의해서 그런 형태의 단일화가 된다면 유권자들 입장에서 기대해볼 만할 것”이라고 말했다. 안 후보와의 후보 단일화 문제와 관련해 한 발 더 나아간 입장을 언급한 셈이다.그러면서 오 예비후보는 연립정부 가능성을 구체화했다. 그는 “저는 중도 우파로 안 후보와 노선이 다르지 않다”면서 “외국에는 연립정부의 실험이 있지 않으냐”고 강조했다.같은 당 경쟁자인 나 예비후보도 호응했다. 나 후보는 자신의 페이스북에서 “성공적인 단일화로 선거에서 승리하면, 서울시 공동 운영은 당연히 실천해야 할 기본 과제”라고 말했다. 나 후보도 야권 단일화를 넘어선 ‘자유주의 상식 연합’ 구축을 제안하며 “안 후보뿐 아니라 금태섭 후보, 더 넓게는 조정훈 후보까지도 함께 할 수 있어야 한다”고 주장했다.그는 “진중권 전 교수와 서민 교수 등 합리적 진보도 중요한 역할을 해주실 것이라 기대한다”며 “우리의 궁극적인 목표는 정권 교체와 대한민국 혁신”이라고 밝혔다.신형철 기자"
"[이데일리 권오석 기자] 국민의힘 서울시장 보궐선거 후보인 오세훈 전 서울시장이 오늘(13일) 서울 관악구 베이비 박스를 방문한다.오세훈 서울시장 예비후보가 지난 10일 서울 중구 남대문시장에서 상인회 회장단과 간담회를 하기 전 상인들과 인사하고 있다. (사진=연합뉴스)오 전 시장은 지난 11~12일 비공개 지역일정을 마치고 이날 관악구 신림동 주사랑공동체 교회가 운영하는 베이비박스를 찾는다.이곳은 부모가 양육을 포기한 영아를 임시로 보호하는 간이시설이다. 오 전 시장은 시설 점검 등 아동 정책 행보에 나설 예정이다. 앞서 그는 지난 10일에는 서울 중구 남대문 시장을 찾아 상인회와 간담회를 진행했었다.설 연휴 첫날인 11일 오전 검체 채취 의료 봉사 활동에 나선 국민의당 안철수 대표가 서울역광장에 설치된 임시선별검사소에서 검체 채취를 한 뒤 다음 검사를 위해 장갑을 바꿔 끼고 있다. (사진=연합뉴스)한편 야권의 서울시장 보궐선거 주자들인 나경원 전 의원과 안철수 국민의당 대표는 설 전날인 지난 11일 각각 소방서와 선별진료소를 찾았다. 이들은 연휴에도 문을 닫지 않는 이곳을 찾아 노고를 격려했다.서울시장 보궐선거 국민의힘 나경원 예비후보가 설 연휴 첫날인 11일 서울 은평소방서를 방문, 신종 코로나바이러스 감염증(코로나19) 관련 구급대 관계자와 대화하고 있다. (사진=나경원 후보 측)권오석 "
"(서울=연합뉴스) 서울시장 보궐선거 국민의힘 오세훈 예비후보가 13일 서울 관악구 신림동 주사랑공동체 교회가 운영하는 베이비박스를 방문, 이종락 목사의 설명을 듣고 있다.     베이비박스는 부모가 양육을 포기한 영아를 임시로 보호하는 간이시설이다. 2021.2.13  [오세훈 예비후보 측 제공. 재판매 및 DB금지]"
"동영상 뉴스[앵커]4월에 열릴 서울시장 재보궐선거 소식으로 이어가겠습니다. 설을 쇠고 나자, 예비 후보들 발걸음이 더 바빠졌습니다. 여당 예비 후보들은 일단 경선 승리를 위한 당심 확보에 주력했고, 경선은 물론이고 야권 단일화라는 준결승전까지 치러야 하는 야권 예비후보들은 민심 얻기에 힘을 쏟았습니다.이희정 기자입니다.[기자]민주당 박영선 예비후보는 문희상 전 국회의장을 찾았습니다.문 전 의장이 자신의 후원회장을 맡은 뒤 공식적인 첫 만남입니다.박 후보는 앞서 문 전 의장은 ""민주당의 역사""라며 오랜 인연을 강조해왔습니다.경선을 앞두고 당심에 영향력이 큰 지지층의 결집을 노린 거란 분석이 많습니다.우상호 예비후보는 경남 봉하마을로 내려갔습니다.고 노무현 전 대통령 묘역을 참배하고 방명록에 ""늘 곁에 있겠다. 꿈을 이루겠다""고 적었습니다.우 후보 역시 경선 승부처인 '친노·친문' 당원들의 표심을 공략하기 위한행보로 풀이됩니다.참배 후엔 친문 핵심인 김경수 경남도지사를 만나 정책 구상을 나눴습니다.야당인 국민의힘 예비후보들은 현장에서 얼굴 알리기에 힘을 쏟았습니다.지역 경찰 지구대를 찾은 나경원 후보는, 소셜 미디어에는 ""박원순 전 시장 이후 서울시 공무원들의 사기가 떨어졌다""고 올리기도 했습니다.오세훈 후보는 한 교회가 운영하는 베이비박스 시설을 돌아봤습니다.무상급식 문제로 사퇴했던 만큼, 복지 정책에 신경 쓰는 모습입니다.안철수 국민의당 대표와 무소속 금태섭 전 의원은 물밑 신경전이 뜨겁습니다.여론조사 설문 방식을 두고 아직 합의를 못했습니다.다음주 월요일 두 사람의 첫 토론이 열립니다.이희정 기자 "
안철수도 '범야권 연립 지방정부' 주장[서울=뉴시스]최동준 기자 = 오세훈 국민의힘 서울시장 예비후보가 10일 서울 중구 남대문시장을 방문해 상인회 회장단과 대화하고 있다. 2021.02.10.
"동영상 뉴스[앵커] 음력 설 당일에도 선거 승리를 위한 후보들의 발걸음은 멈추지 않고 있습니다. 연휴에도 쉬지 못하는 사람들을 찾거나, 유튜브 등으로 소통을 이어가며 밥상머리 민심 공략에 공을 들이고 있습니다. 이준흠 기자입니다.[기자]서울시장 후보 가운데, 최근 여론조사상 여권과 야권에서 각각 선두권을 달리는 건 더불어민주당 박영선 후보, 국민의당 안철수 대표입니다.현재로서는 만약 두 사람이 1대1로 붙었을 경우에도 우열을 가리기 어려운 접전 양상입니다.박 후보는 명절에 더 바쁜 기차역을 찾아 근무자들을 격려하며 민심 잡기에 힘을 쏟았습니다.문재인 정부에서 각각 문화체육, 국방, 환경분야 사령탑을 지낸 박양우, 정경두, 조명래 전 장관을 선거캠프 자문단장으로 영입하며 정책 선거에 공을 들이고 있습니다.<박영선  더불어민주당 서울시장 경선후보> ""지난 100년 세계 수도의 표준이 뉴욕이었다면, 앞으로 100년은 서울의 미래가 세계 도시의 표준이 될 수 있을 것이다…""안 대표는 유튜브를 통한 온라인 소통에 나섰습니다.지금의 사회적 거리두기는 소용이 없다며 거리두기 단계를 재편하자고 주장했습니다.<안철수  국민의당 대표(유튜브 김동길TV)> ""밀집·밀접·밀폐 이런 과학적인 기준으로 그 권고사항만 지키면 업종에 관계 없이 다 허용하는게 더 과학적인 접근 방법일 겁니다.""코로나19 백신과 관련해서는 우리가 너무 늦게 계약해 뒤처졌다며, 서울시장에 당선되면 백신 확보를 위해 전 세계 주요 도시들과 협의체를 구성하겠다고 밝혔습니다.국민의힘 오신환 후보는 탈북 청년들을 만났고, 조은희 후보는 보건소에서 역학조사 업무를 맡고 있는 군 장병들을 격려했습니다.민주당 우상호 후보와 국민의힘 나경원, 오세훈 후보, 열린민주당 김진애 후보 등은 성묘 등 개인 일정을 소화하며 잠시 쉬어갔습니다.연합뉴스TV 이준흠입니다. "
"애초 3월4일 후보 발표에서 ""이달말 또는 3월1일 확정 가능""역선택 우려 나경원, '안철수와 서울 공동운영' 오세훈…제3지대도 신경전오세훈 국민의힘 서울시장 예비후보가 13일 오전 서울 관악구 신림동 주사랑공동체 교회가 운영하는 베이비박스를 방문해 이종락 목사의 설명을 듣고 있다.  (오세훈 캠프 제공) 2021.2.13뉴스1 © News1 박지혜 기자(서울=뉴스1) 김일창 기자 = 4·7 서울시장 보궐선거에서 단일 후보를 내세우기 위한 보수야권의 움직임이 빨라지고 있다. 유력 예비후보들은 자신에게 유리한 단일화 방식을 제안하며 최종 후보가 되기 위한 여론몰이에 고삐를 죄고 있다.이런 가운데 국민의힘은 당초 3월4일로 예정됐던 후보 확정을 앞당길 것으로 보인다. 국민의힘 경선이 빠르게 진행될 경우 후보 단일화 협상 시간도 당겨질 수 있다.정진석 국민의힘 공천관리위원장은 13일 통화에서 ""서울시장 보궐선거 본경선에 나선 4명의 예비후보 간 합동토론회가 이달 26일 예정돼 있기에 물리적으로 이달말에 후보를 확정하는 것은 쉽지 않다""며 ""빨라야 3월1일이 될 것""이라고 말했다.토론회 일정을 조금 앞당겨 최대한 이달 말에 후보를 확정하는 것은 불가하냐는 질문에는 ""이틀간 여론조사를 벌여야 한다""며 ""공관위 차원에서 아직 기존 경선 일정을 재조정한 바는 없다""고 말했다. 김종인 비상대책위원장은 전날 채널A와의 인터뷰에서 ""(이달) 25일이면 (경선 후보간의) 토론이 끝나고 바로 여론조사에 들어갈 것 같으면 우리(국민의힘) 후보를 확정할 수 있다""며 ""이달 안에 (후보 확정을) 끝을 낼 수도 있다""고 말했다.정 위원장의 발언은 김 위원장의 이런 발언을 염두에 둔 것으로 경선 일정 조정 가능성을 완전히 배제한 것은 아닌 것으로 풀이된다. 두 사람의 말을 종합하면 국민의힘은 이달말, 늦어도 3월1일에는 후보를 확정할 것으로 보인다.3월1일은 제3지대 단일화에 나선 안철수 국민의당 예비후보와 금태섭 무소속 예비후보 간 단일후보가 확정 발표되는 날이기도 하다.국민의힘과 제3지대에서 모두 3월1일 후보를 확정한다면 선출 직후 최종 단일화를 위한 협상에 돌입할 것이란 전망도 가능하다. 김 위원장은 ""3월10일 이내로만 단일화가 이뤄질 수 있다면 선거에 지장이 없다""고 말했다. 서울시 선거관리위원회의 후보등록일은 3월18일과 19일 이틀간이다.관심을 끈 건 김 위원장이 갑작스럽게 당 단일화 일정을 닷새 정도 앞당긴 이유다. 정치권에서는 제3지대 후보단일화 일정 등을 감안해 범야권 후보단일화에 있어 주도권을 쥐기 위한 판단이 깔려있다는 해석이다. 또 이미 '토너먼트식' 단일화 과정을 확정했기에 더는 시간을 미룰 이유가 없다는 김 위원장의 판단이 작용했다는 분석이다.단일화 일정이 빨라질 것으로 예상되면서 유력후보들은 단일화 방식을 두고 수 싸움에 돌입한 모습이다. 국민의힘 오세훈 예비후보와 나경원 예비후보는 당 최종후보는 본인이 될 것이라는 자신감을 내비친 상황이다.서울시장 보궐선거에 출사표를 던진 나경원 전 의원이 11일 오전 서울 은평소방서를 방문, 소방대원들과 대화를 나누고 있다. (나경원 캠프 제공) 2021.2.11뉴스1오 후보는 이날 MBN 뉴스와이드에 출연해 ""국민의힘 후보 결선은 서울시민 여론조사만으로 결정한다""며 ""그런데 (당원 20%-여론조사 80%인 예비경선에서) 제가 지난 예비경선 시민 여론조사에서 1등을 했다. 이 여세를 몰아서 비전과 정책으로 한번 멋지게 승부해 보겠다""고 말했다.나 후보는 지난 9일 언론과의 차담회에서 ""후보간 일대일 토론회와 합동토론회를 거치면 우리 지지자들이 저를 지지할 것이라고 본다""며 ""제가 최종후보가 될 테니까 가정에 의한 질문은 너무 하지 말아달라""고 말했다.나 후보는 당 후보 확정을 위한 여론조사 방식을 재검토해야 한다는 입장을 피력하고 있다. 정당 지지도를 묻지 않은 채 일반시민 여론조사 100%로 당 후보를 확정하는 것이 '역선택'의 우려를 낳기 때문이다. 나 후보는 예비경선에서 20% 비율이었던 당원 조사에서 1위를, 80% 비율이었던 시민 여론조사에서 오 후보에 이어 2위를 기록한 것으로 알려졌다.시민여론조사에 자신감을 내비친 오 후보는 제3지대 단일 후보로 유력한 안 후보와 일대일 최종 단일화 규칙을 제안하는 것까지 나아간 상태다.오 후보는 ""중도를 지지층으로 하는 대표적인 정치인이 우리 당에 있다면 아마 그건 제가 아닐까 싶다""며 ""(제가 최종후보가 되고) 안 후보에게 서울시를 공동 운영한다는 제안을 하고 협의를 해서 단일화가 된다면 여론조사로 정하는 것보다 유권자들의 기대감을 최대로 끌어올릴 수 있는 단일화가 되지 않을까 싶다. 머릿속에 몇 가지 구상이 있다""고 말했다.제3지대의 안 후보와 금 후보 역시 단일화 방식을 두고 신경전을 벌이고 있다. 안 후보는 민주당 후보와의 경쟁력 조사를, 금 후보는 야권 단일후보 적합도 중심의 조사를 선호하고 있다.양 측은 토론회 개최 일자와 횟수 등으로 한 차례 신경전을 벌였는데, 일단 안 후보 측 요구대로 협상은 일단락됐다.두 차례 토론회를 개최하기로 합의한 양 측은 오는 15일 '문재인 정부 4년간의 평가와 대안'을 주제로 첫 토론회를 개최한다. 열흘 후인 25일에는 '서울시 비전과 정책'을 주제로 토론회를 진행한다.서울시장 보궐선거에 출사표를 던진 안철수 국민의당 대표가 설 명절 연휴 첫날인 11일 오전 중구 봉래동 서울역 광장에 마련된 신종 코로나바이러스 감염증(코로나19) 중구 임시선별검사소에서 의료지원을 나와 검체 체취를 하고 있다. 2021.2.11뉴스1 © News1 박정호 기자"
"오세훈 국민의힘 서울시장 보궐선거 예비후보가 지난 10일 서울 중구 남대문시장을 방문해 상인과 인사를 하고 있다. 사진=뉴스1국민의힘 서울시장 보궐선거 예비후보인 오세훈 전 시장이 안철수 국민의당 후보와 서울시를 공동 운영하는 형태의 단일화를 이룰 수 있다는 뜻을 밝혔습니다. 오세훈 예비후보는 오늘(13일) MBN '뉴스와이드'에 출연해 ""저는 중도 우파로, 안 후보와 노선이 다르지 않다""면서 ""외국에는 연립정부의 실험이 있지 않나""라고 말했습니다. 자신이 국민의힘 최종 후보가 될 경우, 안 후보와의 최종 단일화 협상에서 '연립정부' 수립을 조건으로 제시하겠다는 전략으로 보입니다. 그러면서 오 후보는 야권 후보 단일화 방식으로 여론조사를 활용하는 것에 대해서는 ""양쪽에 결집한 지지세들이 혼연일체가 돼서 함께 윈윈 관계가 되기 쉽지 않다""면서 부정적인 입장을 밝혔습니다. 한편 오 후보는 산업통상자원부의 북한 원전 관련 문건 파일명에 적힌 소문자 알파벳 'v'가 '버전(version)'이 아니라 문재인 대통령을 의미하는 'VIP'라고 주장했다가 논란이 돼 번복한 것에 대해 ""참으로 안타깝다""고 말했습니다. 오 후보는 ""변호사들은 파일명을 쓸 때 사건명을 쓰지, v를 쓰지 않는다""면서 ""기업체와 업무 환경이 다르다""고 해명했습니다.황승택 기자"
"오세훈 국민의힘 서울시장 예비후보가 13일 오전 서울 관악구 신림동 주사랑공동체 교회가 운영하는 베이비박스를 방문해 이종락 목사의 설명을 듣고 있다. 베이비박스는 주사랑공동체 교회에서 운영하고 있으며 부모들이 양육을 포기한 영아를 임시로 보호하는 간이시설이다. (오세훈 캠프 제공) 2021.2.13뉴스1 © News1 박지혜 기자(서울=뉴스1) 김일창 기자 = 4·7 서울시장 보궐선거 출마를 선언한 국민의힘 오세훈 예비후보는 13일 국내에서 처음으로 교회 담벼락에 '베이비박스'를 설치한 이종락 목사를 예방하고 ""더는 베이비박스가 없어도 되는 나라가 될 수 있게 대책을 세워나가겠다""고 밝혔다.오 후보는 이날 오전 서울 관악구 주사랑공동체 교회가 운영하는 베이비박스를 방문해 ""왜 아기를 유기했는지에 대해 비난하고 책임을 묻는 것보다는 '왜 그럴 수밖에 없었을까'에 대해 고민을 하는 것이 더 중요하다고 생각한다""며 이렇게 말했다.오 후보는 ""지난 11년간 1805명의 아기가 이 곳, 베이비박스에 유기되었다고 한다""며 ""베이비박스로 들어온 아기들은 경찰서와 DNA검사, 구청 등으로 인계되는 절차를 밟은 뒤 '영아 임시보호소'에서 임시보호를 받고 대부분 보육시설로 보내지는데 10%가 안 되는 아기들만이 입양·가정 위탁된다""고 했다. 이어 ""태어나자마자 피난처가 없어진 아기들에게 세상은 얼마나 무서운 곳일지, 짐작하기도 어렵다""며 ""참 가슴이 아픈, 우리 사회의 어두운 모습""이라고 밝혔다.오 후보는 ""미혼모에 대한 사회적 낙인과 편견, 책임을 전가하는 사회구조에 대해 깊이 고민하고 아이를 포기하지 않고 혼자서도 잘 키울 수 있는 체계적인 방법을 생각하겠다""며 ""아울러 아이와 미혼모가 사회구성원으로 당당하게 살 수 있도록 우리 사회가 함께 도울 수 있도록 노력하겠다""고 했다"
"(서울=연합뉴스) 서울시장 보궐선거 국민의힘 오세훈 예비후보가 13일 서울 관악구 신림동 주사랑공동체 교회가 운영하는 베이비박스를 방문, 이종락 목사의 설명을 듣고 있다.     베이비박스는 부모가 양육을 포기한 영아를 임시로 보호하는 간이시설이다. 2021.2.13  [오세훈 예비후보 측 제공. 재판매 및 DB금지]"
"(서울=연합뉴스) 서울시장 보궐선거 국민의힘 오세훈 예비후보가 13일 서울 관악구 신림동 주사랑공동체 교회가 운영하는 베이비박스를 방문, 이종락 목사의 설명을 듣고 있다.     베이비박스는 부모가 양육을 포기한 영아를 임시로 보호하는 간이시설이다. 2021.2.13  [오세훈 예비후보 측 제공. 재판매 및 DB금지]"
"제3지대 돌풍·야권 단일화·일대일 구도 추진4·7보선,10·26보선 데자뷔? 주연·각본 판박이주택 공급 및 재개발, 10년 전에도 주요 공약더불어민주당 서울시장 예비후보인 우상호(왼쪽) 의원과 박영선 전 중소벤처기업부 장관이 8일 서울 마포구 복합문화공간 그늘에서 열린 더불어민주당 서울시장 경선후보, 청년창업 및 일자리 간담회에서 기념촬영을 하고 있다. 뉴시스제3후보의 돌풍, 제1야당의 위기감, 여야를 가리지 않는 진영 단일후보 논의까지…   지금까지 나타난 4·7 서울시장 보궐선거의 양상입니다. 그런데 무언가 기시감이 듭니다. 10년 전 2011년 10·26 서울시장 보궐선거 흐름과 비슷한 모습인데요.   고(故) 박원순 전 서울시장이란 제3후보의 돌풍, 박 전 시장에게 야권 단일후보 자리를 내주며 위기감이 불거졌던 민주당(당시 야당), 야권 단일후보에 맞서 보수진영에서도 나온 여권 후보 단일화 논의까지 말이죠.    여기에 박영선 전 중소벤처기업부 장관, 나경원 전 국민의힘 의원, 안철수 국민의당 대표 등 10년 전 등장했던 인물들이 이번 선거판을 주도하고 있는 점도 비슷합니다.2011 오세훈의 사퇴, 2021 박원순의 사망 국민의힘 서울시장 예비후보인 오신환(왼쪽부터) 전 의원, 오세훈 전 서울시장, 나경원 전 의원, 조은희 서초구청장이 8일 서울 여의도 국민의힘 중앙당사에서 서울시장 선거 본경선 미디어데이에서 경선 후보자 기호 추첨을 하고 있다. 뉴스110년 전과 판박이 같은 선거 흐름을 보이는 건 보궐선거가 치러지게 된 과정이 비슷하기 때문인데요. 여당 소속 서울시장의 중도 낙마로 보궐선거가 치러지면서 '여권 책임론'이 떠올랐죠.   2011년에는 무상급식 주민투표를 두고 시장직을 걸었던 당시 오세훈 서울시장이 물러나면서 치러졌고, 2021년에는 박 전 시장의 성추행 파문과 사망으로 치르는 선거입니다.    보궐선거를 치르게 된 원인이 여당에 있으니 여권 심판론이 제기됐죠. 야권은 선거 바람을 일으키고 여권 심판론이란 명분을 지키기 위해 뭉칩니다. 이런 바람은 후보 단일화 현상으로 나타났죠.   여권 역시 야권 공세에 대한 맞불 작전으로 단일화 움직임을 보였고요. 2011년에는 결국 일대일 구도가 만들어지면서 대선 못지않은 뜨거운 열기 속에 치러집니다. 2011년 안철수·박원순, 2021년 안철수·금태섭의 야권 단일화 서울시장 보궐선거에 출마한 안철수 국민의당 대표가 10일 서울 마포구의 한 키즈카페에서 신종 코로나바이러스 감염증(코로나19)으로 어려움을 겪는 직장맘들과 만나 의견을 나누고 있다. 뉴스1이번 보궐선거 역시 10년 전처럼 단일화가 가장 중요한 변수가 됐습니다. 제3지대 단일화 이후 제1야당과 후보 단일화로 대결을 벌이는 양상은 2011년과 똑같습니다. 지금은 안철수 국민의당 대표와 금태섭 전 더불어민주당 의원이 먼저 제3지대 단일화를 하기로 했죠.   2011년 당시 유력한 서울시장 후보로 거론된 당시 안철수 서울대 융합과학기술대학원장은 출마 여부에 확답하지 않았죠. 출마 가능성만 내비쳤지만 여론의 스포트라이트는 안 원장에게 쏠렸습니다. 출마 확답도 하지 않았는데 서울시장 후보 선호도 여론조사를 하면 50%를 넘나들었죠.   반면 당시 시민단체의 대표로 나선 당시 박원순 희망제작소 상임이사는 5%의 지지율을 보였습니다. 제3지대 바람을 일으키기 위해 안 원장과 박 상임이사는 단일화란 카드를 꺼내듭니다. 물론 대중은 50%의 지지율을 보인 안 원장이 단일후보로 나설 것으로 내다봤죠.   한국일보 2011년 9월 7일자. 한국일보 자료사진그러나 안 원장이 박 상임이사에게 후보 자리를 내주며 모두를 깜짝 놀라게 했습니다. 이때 나온 말이 안 원장의 '아름다운 양보'입니다. 당시 언론은 안 원장과 박 상임이사의 일거수일투족을 보도하며 단일화에 큰 관심을 드러냈습니다.   두 사람의 단일화는 2011년 9월 6일에 전격 발표됩니다. 당시 두 사람은 아무도 모르게 조용히 단일화를 추진합니다. 단일화 논의가 새 나갈까 봐 두 사람이 직접 연락을 주고받은 것으로 알려졌죠.   당시 박 상임이사는 백두대간 종주 중이었는데 일정을 닷새나 앞당겨 하산합니다. 안 원장과 단일화 논의를 위한 것인데요. 두 사람은 이날 오후 서울의 한 오피스텔에서 비밀 회동을 했는데 자신의 최측근 한 명씩만 현장에  있도록 했다고 합니다. 정작 회동은 20분 만에 끝났는데요. 안 원장이 박 상임이사의 포부를 들은 뒤 출마하지 않겠다고 답을 하게 됩니다. 2011년 문재인, 박원순에 화답… 2021년 김종인, 안철수와 대립  박원순(가운데) 전 서울시장이 2011년 야권 대통합 추진기구인 '혁신과통합' 상임대표단인 문재인 대통령(당시 노무현재단 이사장), 이해찬 민주당 대표와 함께한 모습. 연합뉴스박 상임이사는 제3지대 단일후보 합의를 마친 뒤 곧바로 친노무현계의 좌장인 한명숙 전 국무총리와 당시 문재인 노무현재단 이사장을 만납니다. 박 상임이사의 요청에 문 이사장이 주선하면서 만들어진 자린데, 세 사람은 이 자리에서 ""범시민 야권 단일후보 선출을 위해 상호 협력하고 이후 선거 승리를 위해 모든 힘을 기울인다""고 합의합니다.   이때까지만 해도 한 전 총리는 민주당 내 서울시장 후보로 거론되던 때라 이날 합의는 자연스럽게 박 상임이사와 민주당의 후보 단일화 논의로 흘러가게 됩니다. 세 사람이 합의 과정에서 '한나라당(현 국민의힘)과 일대일 구도를 만들어야만 승리할 수 있다'고 약속했기 때문이죠.  이는 야권 인사들이 이구동성으로 했던 말입니다. 안 원장 역시 박 상임이사에게 양보하기 전까지 강조했던 게 야권 단일화입니다.   제20대 국회의원 선거일인 2016년 4월 13일 오전 서울 용산 백범기념관에서 열린 제97주년 대한민국 임시정부 수립 기념식에 참석한 김종인(왼쪽) 더불어민주당 대표와 안철수(오른쪽) 국민의당 대표가 서로 다른 곳을 쳐다보고 있다. 신상순 선임기자10년 뒤인 2021년 선거는 비슷하면서도 다른 점이 있는데요. 단일화가 필승 전략이라는 데 야권 모두 동의한다는 점은 비슷하죠. 그러나 지금의 국민의힘은 단일화에 대해 일단 물음표를 붙였죠. 야권 수장인 김종인 국민의힘 비상대책위원장이 안철수 대표를 비판하며 주도권 쟁탈전을 하고 있는데, 이는 10년 전과 다른 모습이라고 할 수 있죠. 2011년 기호 10번 단 野, 2021년 기호 2번? 4번? 한국일보 2011년 9월 26일자. 한국일보 자료사진약 20일 뒤인 2011년 9월 25일 민주당은 당내 경선을 통해 민주당 서울시장 후보를 선출하는데요. 민주당 대표선수로는 박영선 의원이 나서게 됩니다.   민주당은 이날 서울시당대회를 열고 박영선·천정배·추미애·신계륜 후보 중 박 후보를 최종 후보로 확정합니다. 박 후보는 국민여론조사와 현장 당원투표 모두 1위를 차지했는데요. 친노와 486(현 586), 손학규 당시 민주당 대표 등 당내 주류의 지지를 한몸에 받았던 만큼 어느 정도 예상된 결과였습니다.   박 의원은 후보 수락 연설에서 ""무상급식과 무상교육, 무상의료, 반값 등록금으로 대변되는 민주당의 보편적 가치를 위해 반드시 민주당의 이름으로 서울시장을 만들어내겠다""고 다짐했습니다.  한국일보 2011년 10월 4일자. 한국일보 자료사진그러나 일주일 뒤 열린 야권통합후보 경선에서 박 의원의 다짐은 실현되지 못했습니다. 박 의원과 박 상임이사, 최규엽 민주노동당 후보는 같은 해 10월 3일 장충체육관에서 야권통합후보 경선을 치릅니다. 결과는 박 상임이사가 과반의 득표율을 획득하며 야권 단일후보로 뽑히게 되는데요. 한국 정치 역사상 여당 대 무소속 후보가 양자 대결을 벌이는 현상이 벌어지게 됐죠.  그러나 박 상임이사의 승리로 민주당은 체면을 구겨야 했습니다. 명색이 제1야당인데 서울시장 선거에 후보를 내지 못하게 됐으니 말이죠. 당시 야권 권력 지형의 변화는 불가피하며 시민 사회의 목소리가 커지고 민주당의 영향력은 줄어들 것이란 관측이 있었습니다. '민주당의 위기'란 표현도 나왔죠.2011년 10월 20일 서울시장 보궐선거에 야권 단일후보로 출마한 박원순(가운데) 무소속 후보가 안국동 선거캠프에서 '서울시민복지기준(Seoul Standard)'을 발표하고 있다. 신상순 선임기자범야권 단일후보가 된 박 상임이사가 민주당에 입당해 기호 2번을 달고 나올지도 관심사였는데요. 그는 시민후보란 점을 내세우기 위해 민주당에 입당하지 않고 기호 10번을 달고 선거에서 뛰게 됩니다.   이번 선거에서 야권은 기호 몇 번을 달게 될까요. 국민의힘 후보가 야권 단일후보가 되면 국회의원 의석수에 따라 기호 2번을 달게 됩니다. 만약 안철수 대표가 된다면 기호 4번을 달게 되겠죠. 단일화가 불발될 경우 기호 2번과 4번이 모두 뛰게 될 수도 있고요.2011년 나경원과 이석연, 2021년 민주당과 김진애 한국일보 2011년 9월 24일자. 한국일보 자료사진지금이나 10년 전이나 범여권에서도 단일화 여론이 뜨거웠죠. 더불어민주당 서울시장 예비후보인 박영선 전 장관과 우상호 의원 모두 김진애 열린민주당 후보와 단일화를 해야 한다고 주장하고 있죠.    이번 선거에서 야권에서 출마를 선언한 사람 수가 여권보다 상당히 많았죠. 이 장면 역시 10년 전과 비슷합니다. 보궐선거의 책임이 컸던 당시 여당인 한나라당에선 선뜻 나서겠다는 후보가 없었습니다. 당내 스타 정치인인 나경원 한나라당 최고위원이 침묵을 깨게 됩니다. 그는 선거 한 달 전인 2011년 9월 23일에 공식 출마 선언을 하는데요.   당내 비주류였던 그는 박근혜 전 대표에게 손을 내밉니다. 친박근혜계의 지원을 받아 여당 대표 선수로 발돋움하겠다는 계산이었습니다. 제3지대 돌풍으로 여당이 궁지에 몰렸던 시기였기에 이때만큼은 친이명박계와 친박계가 자존심 싸움을 할 여유가 없었죠. 박 전 대표 역시 나 최고위원의 요청에 화답합니다. 박 전 대표가 나 최고위원과 함께 현장 유세를 돌던 모습은 당시에도 화제였습니다.  야권이 제3지대 단일후보에서 범야권 후보로 속속 결집하자 여당도 단일화론으로 맞섰습니다. 2011년 10월 13일 나경원(오른쪽) 한나라당 서울시장 후보와 박근혜(왼쪽) 한나라당 전 대표가 10·26 재보궐선거 공식선거운동이 시작된 이날 오전 서울 구로구 관악고용센터를 방문한 뒤 시민들에게 지지를 호소하며 손을 흔들어 보이고 있다. 한국일보 자료사진보수 진영에선 나 최고위원 외에도 이석연 변호사가 도전장을 내밀었는데요. 이 변호사는 보수 성향 시민사회단체 후보로 추대됐습니다. 두 사람 모두 단일화 필요성에는 공감하고 있었지만 구체적인 방법을 두고 신경전을 벌였습니다.   그러나 이 변호사는 닷새 뒤인 9월 28일 돌연 불출마를 선언합니다. 낮은 지지율, 무상급식을 둘러싼 지지세력 간 가치 충돌로 출마 포기를 결심하게 됩니다.   그런데 7년이 지나 홍준표 자유한국당(현 국민의힘) 대표는 2018년 3월 자신의 페이스북을 통해 ""이 변호사에 대해 잘못된 언론 보도가 있어서 해명한다""며 ""당시 청와대 모 수석이 이 변호사에게 불출마를 종용하면서 당내 경선을 요구하는 바람에 출마를 포기한 것""이라고 폭로했습니다.  제1 이슈는 부동산, 2011년처럼 2021년도 주택 공급 한국일보 2011년 10월 20일자. 한국일보 자료사진이번 선거를 휩쓸고 있는 정책 이슈는 부동산이죠. 전세 대란과 집값 폭등으로 민심이 나빠질 대로 나빠졌죠. 그런데 10년 전 선거에서도 부동산은 주요 정책 이슈이자 돋보이는 공약이었습니다. 물론 당시에는 무상급식 주민투표 여파로 복지에 대한 관심이 컸었는데, 부동산도 만만치 않았습니다.   본선에서 맞붙은 박원순 후보와 나경원 후보 모두 공공 임대주택 확충을 공약했는데요.박 후보는 공공 임대주택 8만호 건설과 전세보증센터 도입을 약속했죠. 나 후보는 2014년까지 공공 임대주택 5만호를 건설하고 저소득층을 위한 주택 바우처 확대를 공약으로 내걸었죠.   하지만 재개발 방향을 두고 두 후보는 엇갈렸는데요. 박 후보는 재개발 및 재건축의 과속을 막겠다며 시기를 모두 조정하겠다고 했습니다. 반면 나 후보는 비강남권의 재건축 규제를 완화하겠다며 재건축·재개발 확대로 맞섰죠.      서울시청 전경. 한국일보 자료사진이제 선거는 50여일 앞으로 다가왔습니다. 야권 단일후보가 선출될지, 선출된다면 누구로 단일화를 이룰지 아직 알 수 없습니다. 여야 일대일 구도가 만들어질지, 국민의힘 후보와 제3후보가 레이스를 완주하는 3자구도가 될지 조금 더 지켜봐야 할 것 같습니다.   단일화를 둘러싼 신경전은 3월부터 가열될 것으로 보이는데, 구도가 어떻게 되느냐에 따라 선거 양상은 완전히 달라질 수 있습니다. 3월 이후에도 2011년 선거와 비슷한 흐름을 보일지 180도 달라질지 관심이 쏠립니다.     류호 기자"
