윤,석,열
"이낙연·이재명·윤석열  [연합뉴스]    이재명 경기도지사가 차기 대선주자 지지도에서 이낙연 더불어민주당 대표와 윤석열 검찰총장을 모두 두 배 이상 격차로 앞선다는 여론조사 결과가 나왔다.입소스는 SBS 의뢰로 지난 6∼9일 전국 만 18세 이상 1002명을 대상으로 차기 대선주자 중 누구를 지지하는지 조사했다. 13일 이 여론조사 결과에 따르면 이 지사가 28.6%를 기록했다. 이 대표는 13.7%, 윤 총장은 13.5%로 각각 집계됐다. 이 지사는 특히 40대(42.2%), 진보성향(41.7%)에서 높은 지지를 받았다. 더불어민주당 지지층에서도 42.8%의 지지를 얻어 이 대표(27.9%)에 앞섰다. 이 대표는 광주·전라 지역에서만 36.5%로 이 지사(30.0%)를 앞섰다.바람직한 차기 대선 결과에 관한 질문에는 여당의 정권 재창출이 45.5%, 야당으로의 정권교체가 46.0%로 팽팽했다.정당 지지율은 더불어민주당이 38.5%, 국민의힘이 20.8%였다. 이어 국민의당 6.1%, 정의당 5.3%, 열린민주당 4.5% 순이었다.이 조사의 오차범위는 95% 신뢰수준에 ±3.1%포인트다. 자세한 내용은 중앙선거여론조사심의위원회 홈페이지를 참조하면 된다. 김광태기자"
"입소스 조사···차기 대선, 여당 45.5% 야당 46.0%광주·전라에서는 이낙연 대표가 이재명 지사 앞서홍준표 5%대...유승민·정세균·추미애 모두 1%대이재명 경기도지사. 연합뉴스[서울경제] 차기 대선주자 지지도에서 이재명 경기도지사가 여전히 독주 채비를 갖췄다는 여론조사 결과가 나왔다. 더불어민주당 이낙연 대표와 윤석열 검찰총장과 함께 공고한 1강 2중 구도를 형성한 모양새다.입소스가 SBS 의뢰로 지난 6∼9일 전국 만 18세 이상 1,002명을 대상으로 차기 대권 관련 여론조사를 실시한 결과 응답자의 28.6%는 이 지사를 지지한다고 밝혔다. 이 대표와 윤 총장은 각각 13.7%, 13.5%를 기록했다. 이들의 뒤는 홍준표 무소속 의원(5.3%)이 이었다. 국민의힘 유승민 전 의원, 정세균 국무총리, 추미애 전 법무부 장관은 모두 1%대 지지율을 기록했다.이낙연 민주당 대표. 연합뉴스이 지사는 특히 40대(42.2%)와 진보성향(41.7%)에서 높은 지지를 받았다. 더불어민주당 지지층에서도 42.8%의 지지를 얻어 이 대표(27.9%)에 앞섰다. 다만 광주·전라 지역에서는 이 대표가 36.5%로 이 지사(30.0%)보다 많은 지지를 얻었다.바람직한 차기 대선 결과에 관한 질문에는 여당의 정권 재창출이 45.5%, 야당으로의 정권교체가 46.0%를 기록했다. 정당 지지율은 더불어민주당 38.5%, 국민의힘 20.8%였다. 이어 국민의당 6.1%, 정의당 5.3%, 열린민주당 4.5% 순이었다.이 조사의 오차범위는 95% 신뢰수준에 ±3.1%포인트다. 자세한 내용은 중앙선거여론조사심의위원회 홈페이지를 참조하면 된다.윤석열 검찰총장. 연합뉴스윤경환 기자"
"대통령 부부 설 장보기… '공감' 역부족!文정권 첫 장관 구속, 백운규는 그다음?'권력 최후의 방패' 김명수 대법원 휘청월60만원 생활비, 황희의 '기막힌' 사치국민 향한 권력자의 분노, 자멸 재촉!문재인 대통령과 부인 김정숙 여사가 10일 오전 인천시 남동구 소래포구 전통어시장을 방문, 상점에서 생굴을 구입하고 있다. 연합뉴스석민 디지털 논설실장 경영학 박사·사회복지사▶공감 능력 떨어지는 대통령 부부 '웃음' Vs. 국민은 '한숨'문재인 대통령과 김정숙 여사가 설 연휴를 앞두고 인천 소래포구 전통어시장을 찾았습니다. 여기는 지난해 3월 화재로 큰 피해를 입고 현대화 작업을 거쳐 지난해 12월 재개장한 곳입니다. 민족 최대의 명절을 앞두고 어려움을 겪고 있는 시장 상인들과 국민들을 위로하는 메시지를 전하는 장소로 청와대 측은 인천 소래포구 전통어시장을 고심 끝에 선정했을 것으로 미루어 짐작합니다.문재인 대통령이 상인회장으로부터 힘든 상황에 대한 이야기를 듣고, ""현대식 건물로 새롭게 개장하니까 축하드리고 기쁘긴 한데, 한창 어려울 때 또 개장해서…""라며 안타까움을 표시한 것까지는 나름 좋은 평가를 할 수 있습니다.""(웃으면서) 오늘 한꺼번에 너무 많이 산 거 아닌가"" 〈김정숙 여사〉""(덩달아 웃으며) 완전히 구매본능이 있어서…"" 〈문재인 대통령〉'~라는' 대목에서는 아쉬움을 감출 수 없습니다.특히 (김정숙 여사) ""(여기가) 오이도 시장 아니에요!""(시장상인) ""여기는 소래포구 (전통어시장)입니다?!'이 부분에서는 어이 없는 헛웃음을 넘어 깊은 한숨이 나옵니다. 영부인께서 어디를 가는지도 모르고, '아무 생각없이' 대통령을 따라 나서고 국민 앞에 섰다는 것을 엿볼 수 있는 대목입니다. 설 명절을 맞아 '웃음꽃이 핀' 대통령 부부의 전통시장 나들이는 이렇게 '아무 생각없이' '국민의 심정과는 무관하게' '청와대 마음대로' 연출된 것처럼 보입니다.개인적으로 설 대목을 맞아 가족과 함께 온누리상품권을 들고 전통시장을 찾아 간단히 장을 봤지만, 평소보다 좀 더 전통시장이 붐볐을 뿐 물건을 파는 상인이나 구매하는 시민이나 얼굴에서 웃음기를 찾아보기 어려웠습니다. 올해 1월에만 지난해 1월 보다 취업자 수가 100만명 이상 급감하면서 IMF 이후 최악의 고용참사를 기록했다는 뉴스도 있습니다.코로나19가 유행한 지난해, 올해 전후로 대학을 졸업한 청년들은 고용한파로 인해 고개조차 들지 못하고 움추리고 있습니다. 정부에서는 코로나19 확산 가능성을 차단한다는 빌미로 설 명절 가족모임조차 하지 못하도록 권고하고 있습니다. 이런 상황에서 나온 대통령 부부의 메시지가 '웃음'이라면 ""대체 어느 나라 대통령이냐?""는 비난이 나오는 것도 무리가 아니라고 생각합니다.또 누군가는 ""(대통령 부부께서 힘들어도) 웃자고 한 것인데, (비판하는 자들이) 죽자고 덤벼드네!""라고 할 것입니다. 그러나 최고 권력자인 대통령의 대외적 언행은 '많은 것'을 함축하고 있습니다. 지금 대부분 국민들은 대통령 부부의 블랙 코미디가 주는 '헛웃음'이 아니라, 국민과 함께 하는 지도자의 진심어린 '통곡'을 기대합니다.▶대통령의 후안무치(厚顔無恥) 격노(激怒), 누구에게?최근 청와대 관계자의 입에서 ""대통령께서 불같이 화내셨다."" ""격노(激怒) 하셨다.""는 말이 또 다시 전해지고 있습니다. 산업통상자원부의 북한 원전 지원 문건과 관련해 김종인 국민의힘 비상대책위원장이 ""북한에 극비리에 원전을 지어주려 했다. 충격적 이적행위""라고 비판한 것에 대한 반응으로 보입니다.뉴스를 검색해 보니, 2017년 5월 문재인 대통령이 취임한 이후 2년 5개월 동안 10여 차례 '격노(激怒)' 했던 것으로 나타났습니다. 대통령의 격노(激怒)에는 두 가지 공식이 있는 것으로 분석하고 있습니다. 첫째는 문재인 정권이 추진하는 일(정책)이 비판을 받을 때이고, 또 다른 하나는 이명박, 박근혜 전(前) 정권과 야당을 비판할 때입니다.'우리(문재인 정권)가 하는 일은 무조건 옳다.' '이명박, 박근혜 정권은 무조건 나쁘다.' ""야당의 말은 들을 필요조차 없는 쓰레기다.', 뭐 이런 자신감(?)과 독선, 아집이 문재인 대통령의 격노(激怒)를 뒷받침 하고 있는 것으로 보입니다. 집권 초기인데다가 문재인 대통령의 지지율이 70% 훌쩍 넘던 시절이니, '천상천하 유아독존(天上天下唯我獨尊)의 발상이 납득은 안 되지만 이해는 됩니다.격노하는 문재인 대통령. 매일신문DB당시에도 문재인 대통령의 격노(激怒)에 이상신호가 감지되었습니다. 2019년 '문재인대통령기록관'이 논란이 되었을 때입니다. 정부는 2022년 5월 개관을 목표로 예산 172억원을 들여 문재인대통령기록관을 설립하려고 2020년 예산안에 부지 매입비 등 32억원을 편성했습니다. 이에 대해 세종시에 통합대통령기록관이 있는데 별도의 개인 기록관을 만들겠다고 나선 문재인 정권에 대한 비판이 고조되었습니다.당시 청와대는 ""(문재인) 대통령은 개별 기록관을 원하지 않고 건립을 지시하지도 않았다. 대통령이 불같이 화를 내셨다.""고 했습니다. 그런데 나중에 밝혀진 더 황당한 사실은, 문재인 대통령 본인이 직접 주재한 국무회의에서 '문재인대통령기록관 건립에 관한 사항'을 심의·의결했다는 점입니다.문재인 대통령의 격노(激怒)는 '국무회의 심의·의결 사항을 꼼꼼히 챙기지 못한 문재인 대통령 자신에게 향한 것'이었을까요, 아니면 '문재인대통령기록관을 추진한 정부 관료에게 향한 것'이었을가요, 그것도 아니면 '당연히(?) 만들어야 할 문재인대통령기록관 추진을 비판하는 야당과 국민에게 향한 것'일까요, 그 당시에는 아무도 분명하게 알지 못했습니다.그런데 그당시 문재인대통령기록관 건립을 추진하다 논란을 불러일으켰던 최재희 대통령기록관장이 2021년 2월 8일 국가기록관장으로 발탁되어 영전했습니다. 이제 분명해진 것 같습니다. 2019년 문재인대통령기록관에 대한 대통령의 격노(激怒)는 '본인을 향한 것도' '문재인대통령기록관을 추진한 관료를 향한 것도' 아니고, 문재인대통령기록관 건립을 비판한 야당과 국민을 향한 것이었습니다.이게 아니라면 대통령을 격노(激怒)케한 인물을 영전시키는 정권을 어떻게 이해해야 합니까. 이렇게 되면 ""(문재인) 대통령은 개별 기록관을 원하지 않고 건립을 지시하지도 않았다. 대통령이 불같이 화를 내셨다.""는 청와대의 해명도 '사실'일수는 있어도 '(대통령의) 본심'은 아니었다라고 해석하는 것이 합리적이고 상식적입니다.문재인 정권의 '말'은 '액면 그대로' '곧이 곧대로' 이해하고 해석하면 자칫 큰 탈을 불러올 수 있다는 것을 우리는 익히 지켜보고 있습니다. '말장난'적 '언어프레임'에 있어선 탁월한 능력을 가진 전대미문의 정권을 대한민국은 보유하고 있습니다.▶원전 수사, 백운규 구속영장 기각 Vs. 청와대 개입 드러나!최고 권력자인 대통령의 격노(激怒)는 즉각적인 효력을 발휘했습니다. '정상적인' 자유민주주의 국가에서는 대단히 드물게도 (물론 국가원수이기도 하지만) 행정부 수장인 대통령의 격노(激怒)가 사법부의 판단에 영향을 미친 것으로 해석하는 전문가들이 아주 많습니다. 범여권 국회의원이 아예 국회 질의 도중 '사법행정부'라고 하는 문재인 정권 세상입니다.월성원전 1호기 조기 폐쇄 경제성 조작 사건과 관련, 백운규 전 산업부 장관에 대한 검찰의 구속영장이 법원에 의해 기각되었습니다. 영장전담판사는 스스로 생각해도 찜찜했는지, 무려 570자의 긴 사유를 나열하며 구구절절하게 영장기각 이유를 설명했습니다. 영장을 청구한 당사자인 대전지검의 입장은 ""납득하기 어렵다. 수사는 계속한다.""입니다.대부분의 국민들도 백운규 전 장관에 대한 영장기각에 대해 ""납득하기 어렵다.""는 반응입니다. 영장판사는 ""범죄 혐의 소명이 충분하지 않다.""라고 했지만, 이미 월성 1호기 경제성을 조작하고 관련 자료를 삭제한 산업부 공무원 2명이 구속되어 있습니다. 이들이 장관의 지시 없이 독단적으로 일을 벌였다는 것은 말이 되지 않습니다. 참, 기초 상식이 부족한 사람이 판사가 된 것으로 보입니다,특히 백운규 전 장관은 원전 폐쇄에 대한 청와대 산업정책비서관실의 설명을 전달받고 (이에 반대 의견을 낸) 담당 과장에게 ""너 죽을래?""라며 강압적 지시를 한 사실이 확인되었습니다. 면전에서 직접 지시받은 사람의 진술이 있는데, '소명부족'을 영장기각 사유로 내세운 판사의 향후 행보를 전 국민이 관심 깊게 지켜봐야 할 것으로 사료됩니다.아무리 권력이 크고 강해도 하늘을 다 덮을 수는 없습니다. 백운규 전 산업부 장관의 구속영장이 기각되는 바로 그 다음날, 월성 원전 1호기 조기 폐쇄를 위한 '경제성 평가 조작'에 청와대가 직접 개입한 정황이 검찰에 확보되었다는 뉴스가 눈길을 끌었습니다.채희봉 전 청와대 산업정책비서관(현 한국가스공사 사장)이 2018년 당시 산업통상자원부 원전 담당 고위 공무원에게 ""월성 1호기를 당장 가동 중단 시킬 수 있도록 원전 관련 계수(=숫자)를 뜯어 맞춰라. 한국수력원자력을 압박하라""는 취지의 지시를 했다는 것입니다.채 전 비서관 밑에 있던 청와대 산업정책비서관실 행정관 2명도 같은 시기 산업부의 원전담당 국장(구속 기소), 과장(불구속 기소), 서기관(구속 기소)에게 비슷한 지시를 한 것으로 전해지고 있습니다. 백운규 전 장관은 산업부 원전 담당 공무원들로부터 이 같은 청와대의 지시를 보고 받았다는 설명입니다. 앞뒤가 딱딱 맞아 떨어지고 있습니다.이에 따라 한수원으로부터 2018년 4월 10일 월성원전 1호기 경제성 평가를 맡은 S회계법인은 산업부와 한수원 측의 압박에 굴복해 '월성 1호기 판매 단가와 이용률을 낮게 책정해 원전 가동의 경제성이 현저히 낮게 나오도록 했다.'는 게 감사원 감사 결과의 핵심입니다. 법원이 언제까지 '드러난 사실'을 애써 무시하고 권력의 눈치를 살피며 국민을 외면할지 끝까지 지켜보도록 합시다.'환경부 블랙리스트' 의혹으로 기소된 김은경 전 환경부 장관에게 법원은 9일 징역 2년 6개월의 실형을 선고하고 법정구속했다. 연합뉴스▶체크리스트?…文정권 장관 첫 구속'환경부 블랙리스트' 사건으로 기소된 김은경 전 환경부 장관이 9일 서울중앙지법 형사 25-1부(재판장 김선희)로부터 징역 2년 6개월 실형을 받고 법정구속되었습니다. 문재인 정권의 장관급 인사로는 첫 구속입니다. 신미숙 전 청와대 균형인사비서관 또한 상당한 혐의가 인정돼 징역 1년 6개월에 집행유예 3년이 선고되었습니다.재미있는 것은 법정구속 된 김은경 전 환경부 장관 역시 백운규 전 산업부 장관과 마찬가지로 '검찰의 구속영장 신청이 법원에 의해 기각' 되었다는 점입니다. 또 운동권 출신 영장판사가 구속영장을 기각하면서 설명을 670자나 구구절절하게 나열했다는 것 또한 유사합니다.영장담당 판사는 이번에 법정구속된 김은경 전 환경부 장관에 대한 검찰의 구속영장 청구를 기각하면서 ""새 정부가 공공기관 운영 정상화를 위해 인사 수요 파악 목적으로 사직 의사를 확인했다고 볼 여지가 있다. (산하 기관장 사퇴 종용은)관행이어서 고의나 위법이라는 인식이 희박했을 것""이라고 했습니다. 문재인 정권의 정부 대변인 같은 '판사의 결정문'입니다.그렇다면 '문화계 블랙리스트 사건'으로 박근혜 대통령과 청와대 비서실장, 장·차관 등 수십 명이 유죄 판결을 받은 것은 무엇으로 설명하실지 '운동권 출신 판사님께' 질문드립니다.2017년 말~2019년 초 김은경 전 장관과 신미숙 청와대 비서관은 전(前) 정권에서 임명된 환경부 산하 기관 임원 15명에게 사표 제출을 강요해 그중 13명에게 사표를 받아내고, 이후 청와대가 낙점한 인사들 임명을 위해 6개 기관, 17개 자리의 채용에 불법 개입했다는 '환경부 블랙리스트 사건'은 지금까지의 유사 사건 중 가장 큰 규모입니다. 재판부 마저 ""이런 대대적 사표 요구는 처음""이라고 밝혔습니다.김태우 청와대 특감반원의 폭로로 사건이 불거지자, 김의겸 당시 청와대 대변인은 ""통상 업무의 일환으로 진행해온 체크리스트이다. 문재인 정부의 유전자에는 사찰 DNA가 없다.""고 주장했습니다.'네가 하면 블랙리스트이고, 내가 하면 체크리스트'라는 뻔뻔함은 지금도 여전합니다. 강민석 청와대 대변인은 김은경 전 장관이 법정구속된 이후, ""수사 중이거나 재판 중인 사항은 언급하지 않는 것이 원칙이다.…블랙리스트는 없다. 유감이다.""고 말장난(?)을 계속합니다.정치권과 법조계, 일반 시민들 사이에 김 전 장관과 신 전 비서관과의 교감 만으로 '이런 일(엄청난 범죄 행위)'을 저질렀겠느냐는 의구심이 제기되는 것은 자연스럽습니다. 당시 신 전 비서관의 직속상관은 조현옥 인사수석(현 독일대사)이었고, 김태우 전 청와대 특감반원이 청와대 블랙리스트 작성 주체로 지목한 특감반을 지휘한 민정수석은 조국 전 법무부 장관이었습니다.때문에 환경부 블랙리스트 사건이 향후 검찰 수사 방향에 따라 문재인 정권의 청와대 실세를 직접 겨냥할 가능성을 배제할 수 없습니다.또 있습니다. 변창흠 국토부 장관은 서울시 산하 SH공사 사장 시절에 인사 리스트를 작성하고 지인을 특혜 채용했다는 의혹이 국회 청문회 과정에서 터져 나왔고, 이에 따른 고발이 이어졌습니다. 환경부 블랙리스트보다 더 한 범죄가 드러날 개연성을 부인하기 어렵습니다.이런 상황 탓에 문재인 정권 출범 초기에 대규모로 이루어진 '캠코더(대선 캠프, 코드, 더불어민주당)' 인사가 향후 정권에 상당한 부담이 될 것이라는 전망이 나오고 있습니다. 제1 야당인 국민의힘이 지난해 공공기관, 정부 산하 기관 임원 2천727명을 전수 조사한 결과, 캠코더 인사로 의심되는 사례가 17.1% 466명으로 나타났습니다. 환경부 블랙리스트 사건과 유사한 일이 국무총리실, 기획재정부, 교육부, 산업부, 법무부, 보훈처 산하기관 등 곳곳에서 벌어졌을 개연성이 아주 높습니다.내로남불 정권 답게, 전(前) 정권의 행태를 '적폐'로 몰아 청산을 외치면서 그보다 더 한 짓을 벌인 '업보'를 생전에 다 갚을 수나 있을지 모르겠습니다.9일 오후 서울 서초구 대검찰청에서 한반도 인권과 통일을 위한 변호사모임(한변) 박주현 사무총장(가운데)이 김명수 대법원장을 직권남용·허위공문서 작성 등 혐의로 공수처와 대검찰청에 고발하기 위해 민원실로 향하며 입장을 밝히고 있다. 연합뉴스▶文정권 최후의 방패?, 김명수 대법원의 운명은!자유민주주의 국가나 전체주의 독재 국가나 사회 정의와 불의가 법의 이름으로 실현되는 것은 마찬가지 입니다. 자유민주주의 국가의 법원과 법관은 '법과 양심에 따라 재판'하고, 독재 국가의 법관은 '권력 입맛에 맞춰 법을 적용하는 재판'을 합니다. 그래서 자유민주주의 국가의 사법부는 정치권력 등 외압으로부터 독립적이어야 하고, 이같은 외풍을 막는 역할이 바로 사법부 수장의 '막중한 임무'입니다.그럼, 질문 하나 드리겠습니다. 김명수 씨가 대법원장으로 있는 대한민국의 사법부는 '자유민주주의 국가의 사법부'일까요, 아니면 '독재국가의 사법부'일까요.섣부른 답변을 하기 전에 먼저 '김명수'라는 인물을 알 필요가 있습니다. 사법부의 수장인 대법원장 자리에 앉아 있는 김명수 씨가 지난해부터 최근까지 한 일을 정리해 보겠습니다.2020년 4월 15일 총선에서 민주당 등 범여권이 압승을 거두면서, 4월 29일 민주당 이탄희 의원이 ""(1심 무죄 난 사법농단 판사들을) 탄핵소추로 해결하자""는 발언을 합니다. 대법원장 김명수 씨는 이에 발맞춰 4월 말, 5월 22일, 12월 14일 3차례에 걸쳐 임성근 부산고법 부장판사의 사표를 거부합니다.특히 5월 22일 임성근 판사와의 면담에서 김명수 대법원장은 ""사표 수리하면 (여당이) 탄핵 못 하잖아""라는 발언을 하고, 지난해 12월 23일 민주당 이탄희 의원은 ""임성근, 이동근 탄핵해야""라고 기자회견을 갖습니다.이에 따라 2021년 1월 28일 민주당은 임성근 판사 탄핵소추 추진을 결정하고, 2월 3일 김명수 대법원장은 ""(임성근 판사에게) 탄핵 발언한 적 없다.""고 전 국민과 야당에게 거짓말을 합니다. 이 거짓말은 바로 다음날 임성근 판사의 녹취록 공개로 만천하에 탄로가 납니다.2월 4일 임성근 판사에 대한 탄핵소추안이 국회를 통과하자, 김명수 대법원장은 야당의원들에게 ""당시 정기인사가 아닐 때 사직은 부적절하다는 취지로 말했던 것""이라고 해명했습니다. 하지만 법원 내부에서는 ""김명수 대법원장이 정기 인사를 이야기한 적 없다.""는 증언이 나오면서 연속적인 거짓말이 또 하룻만에 탄로나고 '대법원장과 여권의 탄핵거래 의혹'은 일파만파 확산하고 있습니다.여러 논란이 계속되고 있지만, 확실한 것은 대한민국은 '문재인 보유국'에 이어, '거짓말쟁이 대법원장 김명수 보유국'이란 명성(?)을 얻게 되었습니다.'거짓말쟁이' 대법원장에 대한 법조계 안팎의 반발과 비난은 거셉니다. 8일 전국 변호사 3만여 명이 모두 소속된 대한변호사협회 전직 회장 8명이 김명수 대법원장의 사퇴를 촉구하는 성명을 발표했습니다. 전례 없던 일입니다.대한법학교수회(전국 139개 법과대학 교수, 강사 2천여 명 회원)도 ""대법원장의 언행을 보면 국민들에 대한 배려는 전무하고 중심 없이 정치 권력에 좌고우면하는 모습만 보인다. 주권자 국민들은 사법부가 정치 권력에 종속되는 것을 원하지 않는다.""고 사퇴를 촉구했습니다.이에 앞서 시민단체들은 4, 5일 김명수 대법원장을 직무 유기, 직권 남용, 허위 공문서 작성 등의 혐의로 고발했고, 한 시민은 국민권익위 국민신문고에 김명수 대법원장 징계가 필요하다는 민원을 제출했습니다.▶'거짓말쟁이' 대법원장의 정권수호 '난장판' 코드 인사대법원장 김명수 씨가 지난해 법원행사에서 자신의 경험담을 소개한 것이 알려져 관심을 끌었습니다.""일선 법원에서 형사재판을 할 때였다. 유죄인지, 무죄인지 고민하다가 유죄를 선고했다. 그런데 피고인이 법정을 나가며 독백하는 소리가 들렸다. '아, (판사가) 속아 넘어가질 않네?' 그때야 내가 판단을 잘 했구나!, 하고 안심했다.""그렇습니다. 어쩌면 판사는 '거짓말을 하는 사람을 가려내는 일을 하는 사람'일 수도 있습니다. 그만큼 올바른 판사가 되기 위해서는 '거짓말로부터 자유로운 사람'이 되어야 할 것입니다. 거짓말쟁이 사법부 수장, 대법원장은 김명수 씨 자신의 가치판단으로도 정말 있을 수 없는 일일 것임은 분명합니다.문빠·대깨문을 포함한 대한민국 국민은 모두가 '김명수 대법원장은 거짓말쟁이'라는 사실을 알고 있습니다. 그래도 김명수 씨는 대법원장직 사퇴를 거부하고 있습니다. 국민 대다수는 '거짓말쟁이 대법원장'을 거부하지만, 누군가는 '거짓말쟁이 대법원장'을 필요로 합니다. 거짓말쟁이 대법원장이 '하는 일'을 보면, 누가 '김명수'를 필요로 하는지 짐작할 수 있습니다.'거짓말쟁이' 김명수의 대법원이 실시한 '무원칙' 법관인사가 이번주 주요 뉴스로 도마에 올랐습니다. 김명수의 대법원은 조국 전 법무부 장관 부인 정경심 동양대 교수를 1심에서 유죄 판결한 판사 2명을 전보하고, 2심 재판부에 '조국 수사를 비판' 한 김명수 대법원의 법원행정처 첫 기획조정실장 출신 부장판사를 배치했습니다.김경수 경남지사 댓글조작 사건을 유죄 선고한 부장판사는 통상 2년의 근무에도 불구하고 1년 만에 다른 곳으로 옮겼고, 좌파 성향 우리법연구회 출신 김미리 서울중앙지법 부장판사는 3년을 근무 했음에도 그대로 잔류시켰습니다. 문재인 정권 핵심 및 관련 인사들의 재판 상당수가 김미리 부장판사에게 배당되어 있습니다.'사법농단' 관련, 임종헌 전 법원행정처 차장의 1심을 진행 중이고, 이달 18일 이민걸 전 법원행정처 기획조정실장의 선고를 앞둔 서울중앙지법 형사합의 36부 윤종섭 부장판사(재판장)은 6년째, 배석 판사는 각각 4년, 5년째 이례적으로 계속 근무하도록 했습니다. 그속이 빤히 들여야 보이는 김명수 대법원의 행태에 대해 임종헌 전 차장이 재판부 기피신청을 했지만, 역시나 기각되었습니다.김명수 대법원장과 가까운 것으로 알려진 모 부장판사는 '김명수 대법원'에서 재판연구관을 지낸 뒤 수도권 법원으로 옮겼다가 이번 인사로 다시 대법원 재판연구관으로 복귀한 것으로 알려졌습니다.'응가X'의 원칙 없는 'X판 인사'라는 비난을 피할 길은 없어 보입니다. 그래도 대법원장 김명수 씨는 무덤덤 해 보입니다. 만약 김명수 씨가 '이런 인물'이 아니었다면, 왜 문재인 정권이 택도 없는 깜냥의 인물을 대법원장 자리에 앉혔겠습니까. 다른 관점에서 본다면 대법원장 김명수 씨는 '본인에게 주어진 역할에 최대한 충실하고 있는 것'으로 보입니다.김명수의 인물 됨됨이 보여주는 폭로성 뉴스도 잇따랐습니다. 2017년 9월 김명수 대법원장 후보가 본인 임명동의안에 대한 국회 인준 표결을 앞두고 (이번에 탄핵소추를 당한) 임성근 부장판사에게 직접 야당 의원을 상대로 한 로비를 부탁했으며, 대법원장 청문회 준비팀도 야당 의원 명단을 만들어 조직적으로 움직였다는 것이 8일 전해졌습니다.특히 청문회 준비팀은 2017년 9월 27일 임명 동의안이 국회를 통과한 직후 해당 자료가 저장된 법원행정처 PC의 하드디스크를 디가우징(=강한 자력으로 데이터를 완전 삭제하는 일)을 했다고 법원 관계자들이 증언했습니다. 야당 의원의 고향, 모교 리스트를 작성해 재판 전담 판사들까지 로비에 동원했다는 의혹도 제기됐습니다.법조인들은 ""대법원 행정처 소속이 아닌 현직 판사에게 '정치인 접촉'을 지시한 것은 직권남용에 해당하고, 공적 업무 자료인 청문회 자료를 마음대로 삭제한 것은 공공 기록물 폐기죄가 될 수 있다.""고 김명수 대법원의 행태를 비판하고 있습니다.우리 국민들은 멀지 않은 때에 '수갑 차고 형무소로 끌려가는 거짓말쟁이 대법원장'을 보게 될 것 같습니다.법치주의 바로세우기 행동연대(법세련) 이종배 대표가 8일 오전 서울 서초구 서울중앙지검 앞에서 이성윤 서울중앙지검장을 직무유기 혐의로 고발한다고 밝히고 있다. 연합뉴스▶'썩은 양파' 박범계의 '부패' 검찰 인사!김명수의 대법원이 '권력에 부역하는 정치판사들'을 '요직' '요처'에 심어 놓은 듯 보이지만, 문재인 정권은 불안한 것 같습니다. 대한민국 법원에 정치판사와 정권 부역자는 적고, '법과 양심에 따라 재판하는 국민의 판사'는 많기 때문입니다. 문재인 정권이 저질러 놓은 숱한 범죄 혐의 사건들을 모조리 '정치판사' '부역판사' 들에게 맡길 수도 없는 노릇입니다.그때문에 검찰인사가 무엇보다 중요합니다. 검찰 단계에서 아예 문재인 정권 핵심 관련 사건들을 뭉개버려 재판에 회부되지 않도록 하는 것이 상책입니다. 국회인사청문회를 거치면서 '썩은 양파'라는 별칭을 얻은 박범계 법무부 장관이 아무리 아닌 척 쇼(show)를 해도 '추미애 시즌2'가 될 수밖에 없는 것은 이런 이유 탓입니다.'썩은 양파' 박범계 법무부 장관은 일요일인 지난 7일 기습적으로 검사장급 검찰인사를 발표했습니다. '제2의 추미애' '윤석열 검찰총장 패싱' 논란이 일어나자, 박 장관은 8일 ""(윤석열) 총장을 직접 만났을 때 구두로 명확하게 말했다.""고 해명했습니다. 사실 이 해명은 해명이 아니라 '구체적인 인사안을 검찰총장에게 전달하지 않았다.'는 것을 직접 실토하는 자백이나 다름이 없습니다.검찰청법에 따르면 (구체적인) 검찰인사안에 대해 법무부장관은 검찰총장와 협의 하도록 하고 있습니다. 문재인 정권의 '거짓말' '말장난' 프레임에 딱 어울리는 '썩은 양파' 법무장관의 처신이라고 할 수 있습니다.주요 검사장 인사는 ▷이성윤 서울중앙지검장 유임, ▷심재철 법무부 검찰국장은 서울남부지검장으로, 이정수 서울남부지검장은 법무부 검찰국장으로 이동, ▷이종근 대검 형사부장, 신성식 대검 반부패강력부장, 이정현 대검 공공수사부장 모두 유임으로 정리할 수 있습니다.'추미애 라인 애완견 검사들'이 자리를 지키거나 요직을 차지한 것을 알 수 있습니다. 채널A 사건 피해자 한동훈 법무연수원 연구위원(검사장)은 현직 복귀에 실패했습니다.박범계 장관은 ""(문제적 인물) 이성윤 서울중앙지검장은 현안 수사를 계속해야 해서 유임했다.""고 강변하고 있습니다. 지금 서울중앙지검에는 채널A사건, 윤석열 총장 가족 관련 사건, 이용구 법무차관 택시기사 폭행사건 등 윤석열 검찰총장을 공격하거나 그들이(문재인 정권과 그 애완견 검사들이) 뭉개야 하는 수사만 있습니다.▶생활비 월 60만원, 文정권 장관 '황희'…역시나!황희 문화체육관광부 장관은(민주당 의원)은 문재인 정권의 장관이 되기 위한 '덕목'과 '자질'을 국민들에게 다시 한 번 유감없이 보여주었습니다.황희 장관은 본인, 아내, 딸 등 3명의 2019년 생활비로 약 720만원(월평균 60만원)을 국세청에 신고했습니다. 야당의 축소신고 의혹에 대해서는 ""한 달 60만원 정도만 쓰고 지낸 것이 맞다.'고 5일 국회인사청문회에서 주장했습니다.설명도 구체적입니다. ""딸을 외국인학교에 보내면서 아내와 '한 달 100만원 넘지 않게 쓰고 살자'고 약속했다. 아내는 미용실도 안 가고 머리칼도 스스로 자른다. 딸 머리도 아내가 해준다.""고 했습니다.""명절엔 고기 등 음식 선물이 들어와 식비도 크게 들지 않는다. 딸도 한 달에 30만원짜리 수학 학원 한 곳에 다니는 게 전부""라고 해명했습니다. 황희 장관은 딸을 자사고를 거쳐 외국인학교에 보낸 것으로 확인되었습니다. '입'으로는 자사고, 특목고 폐지를 주장하면서 자신의 아들·딸은 폐지 하려는 학교로 보내는 '강남좌파들의 위선'을 또 한 번 목격하게 합니다.이처럼 '청렴(?)'한 황희 후보자 가족은 무려 46개의 은행계좌를 만들었다는 것이 드러났습니다, 황희 본인이 30개, 배우자 15개, 딸 1개입니다. 아마 자세한 내막이 밝혀지면 '전설의 자린고비 가족'이 될 전망입니다. 황희 장관은 국회의원을 하면서 납본·유통 안 된 책을 찍어 북콘서트를 연 것으로 확인되었습니다.판매액 1억2천만원 중 순수 수익금 7천만원은 정치자금으로 활용한 것이 아니라, 전세 대출금을 갚는데 사용했다고 합니다. 북콘서트를 가장한 '정치인의 수금'이라는 분석입니다.황희 장관 딸의 조기유학비 의혹도 제기되었습니다. 유학기간 동안 해외송금액은 2억5천만원 가량입니다. 황희 장관은 ""예금과 배우자 명의 오피스텔을 팔았다""고 설명했지만, 오피스텔을 매각한 시점은 유학 마지막 해인 2015년으로 밝혀졌습니다,10일 오전 서울 여의도 국회에서 황희 문화체육관광부 장관 후보자 인사청문경과보고서 채택 협의를 위해 열린 문화체육관광위원회 전체회의에서 이달곤 간사를 비롯한 국민의힘 의원들이 항의 퇴장 후 강행처리 관련 긴급 기자회견을 열고 있다. 문재인 대통령은 11일 오전 0시를 기해 황희 후보자를 장관으로 임명했다. 연합뉴스오피스텔을 팔기 전인 2011~2014년까지 송금된 2억원을 모두 예금만으로 충당했다는 것은 무리라는 것이 야당의 주장입니다. 아내와 딸이 미국에 체류했던 5년간 황희 장관의 총수입은 1억4천200만원에 불과했기 때문입니다. 물 만 마시고 살아도 불가능한 유학비는 대체 어디에서 나왔을까요. 황희 가족의 청렴과 절약에 감읍해 하늘에서 뚝 떨어졌을지도 모르겠습니다.황희 장관 딸의 조기유학 자체가 불법이었다는 주장도 나왔습니다. 초·중등교육법에 따르면 황 장관의 자녀가 유학하던 2011년 당시에는 부모 모두가 동행하지 않는 조기유학 자체가 금지되어 있었습니다.황희 장관 본인이 생각해도 ""너무 황당했다."" 싶었는지, 9일 인사청문회에서는 ""한 달 생활비 60만원 논란은 오해가 있다. 실제로 따져보면 학비 빼고도 생활비가 300만원 정도 나온다""고 수정했습니다. 국회 본회의에 출석하지 않고 해외 가족 여행을 다녀온 것에 대해서도 ""부적절한 처사""라고 사과했습니다.그런데 ""한 달 생활비 300만원으로 해외여행은 어떻게 가지?"", 국민들은 정말 궁금합니다. 또 수입과 생활비(월 300만원 가정)가 서로 맞지 않는 상황에 대해서는 '통장에 있는 현금도 썼다.'는 취지의 변명했습니다. 신기한 점은 황희 가족의 통장은 통장에 있는 현금을 사용했음에도 불구하고 예금액이 줄지 않고 계속 증가하는 '화수분'이라는 것입니다.확실한 것은 황희 씨는 문재인 정권의 장관감으로 훌륭한(?) 자질을 갖추었다는 점입니다. 야당의 동의 없이 임명을 강행한 또 하나의 문재인 정권 장관이 되심을 축하드립니다. 이정도 쯤은 되어야 문재인 정권에서 '국회의원+장관'을 지낼 만하다는 생각이 듭니다.▶부전자전(父傳子傳), 그대통령의 그아들?문재인 대통령의 아들 준용(39) 씨가 지난해 서울문화재단의 '코로나19 피해 긴급예술지원' 지원금 1천400만원을 신청하면서 '네 줄짜리 피해내용 기술서'를 제출한 것으로 밝혀져 설 명절을 앞둔 국민들의 혈압을 상승시켰습니다.당시 시각분야 지원자는 문준용 씨를 포함해 281팀이었고, 이중 46팀이 뽑혀 6.1대 1의 경쟁률을 보였습니다. 문준용 씨는 이런 서류로 85.33점을 얻어 전체 34등을 기록하며 최고 지원액인 1천400만원을 수령한 36팀에 포함되었습니다.물론 피해사실을 A4 용지에 빽빽하게 적은 상당수 다른 지원자들은 탈락했습니다. 기회는 평등, 과정은 공정, 결과는 정의로운 문재인 정권의 세상에서는 얼마든지 일어날 수 있는 일입니다.서울문화재단측은 ""피해사실 확인서는 참고자료일 뿐, 지원여부를 결정하지 않는다. 별도의 심의 기준으로 지원 대상자를 선정했다""고 반박하면서, ▷사업의 적정성 및 타당성(20점) ▷사업수행 역량 및 실행능력(60점) ▷사업의 성과 및 기여도(20점) 등의 심사기준을 제시했습니다.곽상도 국민의힘 의원실에서 제공한 '문준용 씨가 서울문화재단에 제출한 피해 사실 확인서'. 매일신문DB또 문재인 정권의 특기인 '말장난'이 시작된 것 같습니다. 개인적으로 언론사 문화부장 등을 역임하면서 문화예술 관련 지원사업 심사를 여러 번 해봤습니다. 명색이 '코로나19 피해 긴급예술지원 사업'이라면, 우선적으로 코로나19로 인해 피해가 큰 예술가를 선별한 뒤, 별도의 심사기준에 따라 최종 지원자를 확정하는 것이 상식이고 바람직합니다.'사업이 적정하고 좋은 성과가 예상된다.'고 코로나19 피해가 그다지 크지도 않은 예술가에게 '코로나19 피해 긴급예술지원'을 할 수는 없습니다. 만일 그럼에도 불구하고 지원이 되었다면, 이것은 사업의 취지에 부합하지 않을 뿐더러 특혜가 될 수 있습니다.문준용 씨가 '서울문화재단의 지원을 받을 자격이 없다.'는 말씀은 아닙니다. 코로나19로 (대통령 아들인 문준용 씨 보다) 심각한 어려움을 겪고 있는 다른 청년예술가에게 지원금이 돌아갔었으면 하는 아쉬움이 있을 뿐입니다. 대통령 가족의 우리사회에 대한 '작은 배려'가 있었으면 하는 기대를 한 번 가져본 것 뿐입니다.사실, 입시서류 위조범(?)이 '인성영역 1등'을 차지하며 장학금까지 받은 것과 비교하면 문준용 씨 사례는 비난의 대상조차 되지 못할 수도 있습니다. 문재인 대통령이 '마음의 빚'을 진 조국 전 법무부 장관의 딸 조민 씨 이야기입니다.조국 선생(서울대 로스쿨 교수)의 딸 조민 씨는 2015년 부산대 의학전문대학원 입학 당시 위조 경력 증명서들을 제출했다고 법원이 (어머니 정경심 동양대 교수 재판에서 공범으로 조민 씨 지적) 판단했습니다.그러나 부산대, 교육부 모두 후속 조치에는 ""나몰라라!!"" 하는 사이에 조민 씨는 의사 국가고시에 합격하고, 우여곡절 끝에 한전 산하 한일병원 '인턴'으로 합격하는 저력을 보여주었습니다.이것만해도 국민들의 혈압은 급상승하는데 이번 주에 새로운 사실이 하나 더 밝혀졌습니다. 조민 씨가 부산대 의학전문대학원 입학 당시 동양대 총장 표창 등 4개 허위 경력 증명서를 제출해 '인성 영역 1등'을 기록했고 입학 장학금도 받았다는 것입니다. 의전원 입학서류를 위조한 사람의 인성이 뛰어나다고 평가 받는 나라는 아마 '문재인 정권의 대한민국'이 전 세계, 아니 인류 역사상 최초라고 생각합니다.문재인 대통령이 격노(激怒) 하면 할수록 문재인 정권의 핵심부는 국민의 기대와 바람과는 반대로 움직이고, 이에 따라 대통령의 격노(激怒) 더욱 잦아지고 강해질 것이라는 불길한 예감이 듭니다. 대통령의 격노(激怒)가 '국민을 위한 격노(激怒)'가 아니라 '국민을 향한 격노(激怒)'이기 때문입니다.정상적이고 상식적인 민주국가의 대통령은 '거짓말쟁이 대법원장에게', '권력 앞잡이 검찰인사를 한 법무장관에게', '월 60만원 생활비로 딸 해외유학 보내고 가족 해외여행하는 장관 후보자에게', '입시 서류 조작범에게 인성평가 1등과 장학금을 주는 대학에게', '번듯한 부모를 둔 청년이 가난한 청년 예술가의 지원금을 가로채는 듯한 행태에', '블랙리스트를 만들어 자기사람 심기에 몰두하는 권력자에게' 격노(激怒)해야 합니다.국가 최고 권력자의 격노(激怒)는 세상을 바꿀 수 있습니다. '국민을 위한 격노(激怒)'는 보다 좋은 세상을 위한 거름이 되고, '국민을 향한 격노(激怒)'는 독재자의 길을 재촉하게 됩니다. 자유민주주의 체제 아래 독재는 자기모순으로 인해 처절하게 무너질 수밖에 없습니다. 이제 시간이 얼마 남지 않았습니다. 전통적으로 한 해가 새로 시작하는 설을 맞아 부질없는 기대와 희망을 그래도 한 번 가져 봅니다.석민 기자"
"입소스 여론조사…차기 대선, 여당 45.5% 야당 46.0%이낙연·이재명·윤석열 (CG)[연합뉴스TV 제공](서울=연합뉴스) 고동욱 기자 = 차기 대선주자 지지도에서 이재명 경기도지사가 더불어민주당 이낙연 대표와 윤석열 검찰총장에 모두 두 배 이상 격차로 앞선다는 여론조사 결과가 13일 나왔다.    입소스가 SBS 의뢰로 지난 6∼9일 전국 만 18세 이상 1천2명을 대상으로 차기 대선주자 중 누구를 지지하는지 물은 결과 이 지사가 28.6%를 기록했다.    이 대표는 13.7%, 윤 총장은 13.5%로 각각 집계됐다.    이 지사는 특히 40대(42.2%), 진보성향(41.7%)에서 높은 지지를 받았다.     더불어민주당 지지층에서도 42.8%의 지지를 얻어 이 대표(27.9%)에 앞섰다.    다만 광주·전라 지역에서는 이 대표가 36.5%로 이 지사(30.0%)에 앞섰다.    바람직한 차기 대선 결과에 관한 질문에는 여당의 정권 재창출이 45.5%, 야당으로의 정권교체가 46.0%로 팽팽했다.    정당 지지율은 더불어민주당이 38.5%, 국민의힘이 20.8%였다. 이어 국민의당 6.1%, 정의당 5.3%, 열린민주당 4.5% 순이었다.    이 조사의 오차범위는 95% 신뢰수준에 ±3.1%포인트다.    자세한 내용은 중앙선거여론조사심의위원회 홈페이지를 참조하면 된다."
"조선DB지난달 24일 오전 9시, 혼잡한 출근길 인파 속 서울 교대역 지하철 역사에 아이돌 가수 노래가 울려퍼졌다. 젊은 남성들이 피켓을 들고 노래에 맞춰 댄스를 선보이며 저마다 구호를 외쳤다. 마치 대학생 총학생회 회장 선거를 보는 듯 했지만, 실제는 변호사들 표심을 공략한 서울변호사협회 회장 선거 유세활동이었다. 보수적인 ‘법조타운’ 서초동에서 펼쳐진 생경한 풍경이다.법학전문대학원(로스쿨) 출신 변호사들이 법조계에서 본격적으로 세(勢)를 드러내고 있다. 가장 대표적인 사건은 최근 서울변협 신임 회장에 처음으로 로스쿨 출신 변호사가 된 것이다. 김정욱(42) 변호사는 변호사시험 2기이자 ‘젊은피’로, 법조계에 적잖은 충격(?)을 줬다. 심지어 서울 다음으로 큰 부산지방변호사협회에서도 ‘로스쿨 출신이 됐다’는 설이 돌기도 했다(사실이 아닌 것으로 확인됐다). 대형로펌의 한 변호사는 ""로스쿨 출신들의 세상이 올거라는 걸 그동안 머리로만 알았는데 가슴으로 와 닿았다""면서 ""현타(현실자각타임)가 왔다""고 평했다.두번째 충격은 바로 이어졌다. 대한변호사협회 회장 역시 로스쿨 변호사들을 공개 지지했던 이종엽(18기) 변호사가 당선됐기 때문이다. 특히 이 변호사와 함께 결선투표에 올랐던 조현욱 변호사가 본 투표에서 다수 표를 얻은 황용환·박종흔 변호사가 ‘지지 선언’을 했음에도 불구하고 패배했다는 점에서 선거 결과가 내내 회자됐다.로스쿨 출신 변호사들의 영향력이 커졌다는 것은 통계 수치로도 확인이 된다. 대한변호사협회에 따르면 전국 개업 변호사 수는 2만4808명으로 이 가운데 변호사시험 출신이 1만674명, 사시 출신이 1만3512명을 차지했다(지난 1일 기준). 개업, 휴업, 미개업 등 전국 전체 변호사 수로 따져도 총 2만9612명의 변호사 중 변호사시험 출신은 1만2867명으로 사시 출신(1만5844명) 규모에 근접한 상황이다.로스쿨 출신이 잇따라 수장에 오르면서 일부 사시 출신 변호사들은 ‘위기감’을 표하기도 했다. 대형로펌에서 근무하는 변호사 A씨는 ""로스쿨 출신들과 법률시장에 함께 배출된, 사법연수원 30기 후반에서 40기 초반 변호사들의 박탈감이 상대적으로 클 것""이라며 ""차기나 차차기 정도로 (로스쿨 출신이 회장단이 될거라) 예상했는데 그 시점이 생각보다 더 빨리 왔다""고 했다.로스쿨 출신 변호사들이 상대적으로 젊다는 점에서 이들의 패기와 열정이 변호사 업계에 새 바람을 불어넣어 줄거란 기대도 있다. 서울변협 신임 김 회장은 첫 대외일정으로 윤석열 검찰총장을 만나 변호인 비밀유지권과 조력권 보장, 인권침해 방지 방안 등을 논의했다. 다만 ‘어디 출신이냐’ 보다는 회장단이 실질적으로 변호사들의 권익 향상에 얼마나 도움을 줄 수 있을지가 관건이라는게 변호사업계의 목소리다. 실제로 로스쿨 출신 수장이 되면서 부족한 수만큼 로스쿨 학생을 더 뽑는 결원보충제가 논란이 되는 등 로스쿨 관련 이슈가 급부상한 분위기다.이밖에 로스쿨 출신 변호사들이 많아지면서 이들의 ‘온라인 장악력’ 또한 거세지고 있다. 사시 출신들 커뮤니티는 없지만 로스쿨 출신들은 ‘로이너스’ 커뮤니티를 통해 결집하는 등 향후 이들의 세 규합에 이목이 집중된다.[이미호 기자"
"동영상 뉴스[앵커]사법연수원 동기로 한때 형과 아우라 칭하며 개인적 인연을 이어온 박범계 법무부 장관과 윤석열 검찰총장이 최근 검찰 인사를 둘러싸고 충돌을 빚었죠.향후 검찰개혁이란 큰 과제 아래 법무부와 검찰의 갈등이 또 한번 재연될지 관심이 쏠리고 있습니다.김동욱 기자입니다. [기자]사법연수원 동기인 박범계 법무부 장관과 윤석열 검찰총장.2013년 윤 총장이 국정원 댓글조작 수사와 관련해 윗선의 개입을 폭로했다가 좌천되자 초선 의원이던 박 장관은 SNS에서 '형'이라고 부르며 '의로운 검사'라고 위로했습니다.하지만 이들의 관계는 지난해 국정감사에서 당시 법사위원이었던 박 장관이 '윤석열의 정의는 선택적 정의'라고 하는 등 균열이 생기기 시작했습니다. <윤석열  검찰총장(지난해 10월)> ""그것도 선택적 의심 아니십니까? 과거에는 안 그러셨잖습니까?""장관과 검찰총장으로 다시 만난 두 사람.박 장관은 검찰개혁의 마무리 투수가 되겠다고 하면서도 윤 총장을 언제든 기회가 되면 만나 의견을 듣겠다고 밝혔습니다.전임자와는 달리 정면충돌은 피하겠다는 뜻으로 풀이됐는데, <박범계  법무부 장관(9일)> ""저는 꼭 인사만이 아니라 우리 검찰개혁을 실제로 집행하는 단계에서의 대검, 검찰의 검찰총장 역할이 굉장히 크기 때문에 언제든지 기회가 닿으면 만나려고 그래요.""하지만 최근 단행된 검찰 고위간부 인사를 두고 '총장 패싱' 논란이 또 불거지면서 긴장감은 다시 고조되는 모습입니다. 검찰개혁을 완수하겠다는 박 장관의 의지가 완고한 가운데, 설 연휴 이후 단행될 중간간부 인사 등을 거치면서 두 사람 간 관계가 갈등으로 비화할지 여부에 관심이 쏠립니다. 연합뉴스TV 김동욱입니다. "
"추·윤 잦아들며 지지율 하락세중부 지역 관심도까지 떨어져국정감사에서 발언하는 윤석열 총장 - 윤석열 검찰총장이 22일 서울 여의도 국회에서 열린 법제사법위원회의 대검찰청에 대한 국정감사에서 의원 질의에 답변하고 있다. 2020.10.22. 연합뉴스한때 선두를 달렸던 윤석열 검찰총장의 대권주자 지지율이 최근 하락세를 면치 못하면서 윤 총장을 동력 삼아 들썩였던 ‘충청대망론’도 빠르게 식어가는 분위기다. 윤 총장이 정치권 진출을 공식화하지 않는한 사실상 중원 지역은 ‘무주공산’으로 남을 수밖에 없는 상황이라, 대선 국면이 본격화된 이후 주요 주자들 중 누가 이들의 표심을 흡수할지 주목된다.한국갤럽이 지난 2∼4일 전국 성인 1002명을 대상으로 실시한 대권 주자 선호도 조사 결과(표본 오차는 95% 신뢰수준에 ±3.1%포인트, 중앙선거여론조사심의위 홈페이지 참조), 이재명 경기지사가 27%로 1위를 차지했다. 이 지사 지지율은 전월 대비 4%포인트 상승했다. 이낙연 더불어민주당 대표는 전월과 같은 10%였고, 윤 총장 지지율은 전월 대비 4%포인트가 하락한 9%였다.제2차 경기도 재난기본소득 설명하는 이재명 지사 - 이재명 경기도지사가 20일 오전 경기도 수원시 팔달구 경기도청에서 제2차 경기도 재난기본소득 지급 관련 기자회견을 하고 있다. 2021.1.20 경기사진공동취재단윤 총장 지지율은 문재인 대통령이 지난달 신년 기자회견에서 “우리 정부 검찰총장”이라고 발언한 뒤 급속히 빠지고 있다. 정치권에서는 윤 총장의 존재감을 부각시키는 결정적 역할을 해왔던 추미애 전 법무부 장관이 사퇴하면서 윤 총장을 중심으로 모였던 ‘반(反) 정부·여당 표심’이 흩어지고 있다는 시각이 지배적이다. 박범계 법무부 장관 취임 이후에도 검찰 전보 인사 등을 둘러싼 이견은 노출됐지만 윤 총장 개인이 크게 주목받지는 못하고 있다.서울 태생이지만 범충청권으로 분류윤 총장에 대한 관심도는 충청 지역에서도 떨어지는 추세다. 윤 총장의 지지율이 최고점을 찍은 지난해말에는 충청 지역 여야 정치인들이 윤 총장을 계기로 한 충청대망론의 실체를 놓고 정면 충돌하기도 했다. 국민의힘 정진석(충남 공주·부여·청양) 의원이 윤 총장을 두고 “이번에는 중도적인 중부권에서 인물이 나와야 한다는 목소리가 커질 것”이라고 하자, 같은 지역구의 민주당 박수현 전 의원은 “충청인으로서 부끄럽다”며 “충청인의 소중한 꿈인 ‘충청 대망’을 ‘지역감정’과 ‘정치동냥’으로 격하시키지 말라”고 맞섰다. 윤 총장은 서울 태생이지만 부친인 윤기중 연세대 명예교수이 공주 태생이라 범충청권 인사로 분류된다. - 업무상 위력에 의한 간음 등의 혐의로 기소된 안희정 전 충남지사가 지난 2월 1일 서울고법에서 열린 항소심 선고공판에 출석하고 있는 모습. 2019.2.1 뉴스1충청대망론은 지금껏 대한민국 정치사에서 캐스팅보트 역할만 했던 중부권(대전·충남·충북·세종)이 핵심 세력을 구축하고 대통령을 배출해야 한다는 주장이다. 일각에서는 이를 영·호남 지역대결 구도가 낳은 구시대적 유물로 보는 시각도 있지만 지역에서는 현실적으로 분명히 존재하고 있는 여론의 흐름이다. 충청 지역 언론인 중도일보가 제이비플러스에 의뢰해 지난해 12월 21~22일 충청권(대전·세종·충남·충북) 성인 1008명을 대상으로 조사한 결과(표본오차는 95% 신뢰수준에 ± 3.1%포인트), 지역민 32.4%는 차기 대선에서 충청권을 대표하는 후보가 출마해야 한다고 답했다.충청대망론은 JP(김종필)부터 시작해 이회창·이인제·심대평·정운찬 등을 거쳐 안희정 전 충남지사, 반기문 전 유엔 사무총장 등으로 명맥이 이어져왔으나 이후 마땅한 대안을 찾지 못했다. 지역에서는 대표적으로 여권의 양승조 충남지사, 야권의 정 의원이 자주 거론되는 것으로 알려졌으나 둘 모두 이렇다할 지지율을 보여주진 못하고 있다. 중부 지역 광역단체장 중 유일한 50대인 허태정 대전시장을 향후 충청대망론을 이끌 재목으로 보기도 한다. 하지만 허 시장도 당장은 전국적 인지도가 떨어지는 게 현실이다. - 허태정 대전시장은 오는 2025년까지 ‘대전형 일자리’ 15만개를 만들겠다고 약속했다. 대전시 제공중원 유권자 54% “대선 지지 응답 유보” 무주공산윤 총장이 정계 진출을 공식화하지 않을 경우 중원 지역 표심은 결국 기존 주자들에게 쏠릴 수밖에 없다. 한국갤럽 조사에 따르면 대전·세종·충청 응답자의 54%는 차기 대선 주자 선호도 조사에서 응답을 유보했다. 모든 지역 중 응답 유보율이 가장 높다. 인천·경기와 영남이 이 지사, 호남이 이 대표를 두드러지게 지지하는 것과 대조된다. 결국 중원의 표심이 기존 주자들간 대결에서는 또다시 캐스팅 보트 역할을 하게 되는 것이다.주요 대권 주자들의 중부권 공략이 아직 본격화되진 않고 있다. 4·7 보궐선거 직후 대선 국면이 시작되면 중원을 둘러싼 대결도 뜨거워질 것으로 보인다. 이 지역의 한 정치권 관계자는 “현재 주요 대권주자들의 관심은 영·호남 민심을 관리하는 정도인 거 같고 아직 중원 지역까지는 눈을 돌리지는 않고 있다”면서 “결국 본격적인 대선 국면이 되면 충청·대전 지역을 둘러싼 경쟁이 뜨거워질 수밖에 없다. 매번 그랬다”고 전했다.강병철 기자"
"野 인사위원 추천 늦어지면 수사팀 구성 일정도 연기우려1호사건 국민적 관심…김학의 불법출금·월성원전 등 거론김진욱 고위공직자범죄수사처(공수처) 처장이 8일 윤석열 검찰총장과 만나기 위해 서울 서초구 대검찰청에 들어서며 취재진 질문에 답하고 있다. 2021.2.8뉴스1 © News1 유승관 기자(서울=뉴스1) 장은지 기자 = 국민적 관심이 큰 고위공직자범죄수사처(공수처) '1호 사건'은 오는 4월 윤곽이 드러날 전망이다. 공수처 검사 공모에 예상보다 많은 인원이 지원하면서 수사팀 구성에 시일이 더 걸리게 되면서다. 김진욱 공수처장은 ""검사 지원자가 많아 면접을 2월 안에 끝내기는 어려울 것 같다""며 ""(수사 착수 시점은) 4월 정도가 돼야 할 것""이라고 말했다.13일 공수처에 따르면, 검사 지원자가 233명으로 경쟁률이 10 대 1 정도라 면접일정 등을 고려하면 3월까지 수사팀 구성을 마무리한다는 계획이다. 이에 따라 본격적인 1호 사건 검토는 수사팀 구성과 사건이첩 요청권을 정하는 사건·사무규칙 제정이 마무리된 이후인 4월에 착수할 예정이다. 우선 수사팀 구성을 위해 설 연휴 이후 검사 등에 대한 서류전형과 면접일정을 진행한다. 검사는 인사위원회 추천을 거쳐 대통령이 최종 임명한다. 인사위는 공수처장과 차장, 처장이 위촉한 외부 전문가 1명, 여·야 추천 위원 각 2명 등 7명으로 구성된다. 공수처는 여야에 오는 16일까지 인사위원을 추천해달라고 요청했지만, 야당 추천이 늦어지면 검사 채용이 당초 일정보다 늦어질 가능성도 있다. 앞서 더불어민주당은 지난 10일 나기주 법무법인 지유 대표변호사와 오영중 법무법인 세광 구성원 변호사를 인사위원으로 추천했다. 유일한 형사소추 기관이던 검찰에 대한 사건 이첩 요구권과 독립적 기소권까지 갖고 있는 공수처는 김 처장의 말대로 ""헌정사에 지금껏 가보지 않은 길""을 걷는 중이다. 공수처 1호 사건을 지난 5일까지 접수한 결과 100여건이 몰리며 국민적 관심을 단적으로 보여줬다. 공수처 1호 사건이 주목받는 또 다른 이유는 공수처 탄생 과정에서 가장 문제가 된 '정치적 중립성' 논란 때문이다. 임명권자인 대통령 및 집권여당과 ""협업 관계""라는 정치적 중립성 우려를 공수처가 1호 수사를 통해 스스로 불식해야 하는 시험대에 섰다. 1호 수사 선정과 수사 과정에서 정권의 눈치를 본다면 '친문(친문재인) 청와대 사수처'라는 야당의 비판을 인정하는 셈이 되기 때문이다. 현재 공수처의 1호 수사 가능성이 크다고 언급되는 사건으로는 Δ김학의 전 법무부 차관 불법 출국금지 의혹 사건 Δ월성원전 1호기 경제성 평가 조작 의혹 사건이 거론된다. 이 사건들은 각각 수원지검과 대전지검에서 현재 수사가 이뤄지고 있다. 이외에도 박덕흠 무소속 의원이 연루된 특혜공사 수주 의혹과 김명수 대법원장 고발 사건도 공수처 수사 대상이라는 의견이 나오고 있다"
"청와대 전경 (자료사진) ⓒ청와대▲보궐선거 결과 따라 野 대선후보군 지형도 변화 조짐'2022 대선 전초전'이라 평가 받는 4·7 재보궐선거 직후 온 정치권이 대선을 위한 판짜기에 돌입하며 한바탕 소용돌이가 휘몰아 칠 것이라는 예측이 나온다. 특히 야권의 경우 현재까지 대권 주자로서 뚜렷하게 두각을 나타내고 있는 후보가 없는 만큼, 주도권을 선점하려는 경쟁이 더욱 치열해질 것으로 보인다.그간 야권의 잠재적인 대권 주자로는 윤석열 검찰총장을 비롯해 홍준표 무소속 의원, 유승민 전 국민의힘 의원, 원희룡 제주도지사, 김태호 국민의힘 의원, 황교안 전 미래통합당 대표 등이 거론되어 왔다. 나경원 전 국민의힘 의원 및 오세훈 전 서울시장, 안철수 국민의당 대표 등도 잠룡으로 평가된 바 있으나 4·7 서울시장 보궐선거에 직접 도전장을 던지며 당장의 대권 도전 여부는 불투명해진 상황이다.문제는 이들 중 누구 하나 여권 후보들을 제치고 치고 나가는 후보가 없다는 점이다. 한 때 윤석열 검찰총장이 더불어민주당의 이재명 경기도지사, 이낙연 대표를 제치고 각종 여론조사에서 차기 대권 주자 1위에 오르기도 했으나, 아직 정치 참여 여부를 단정하기도 어려운 윤 총장을 명확한 '야권 후보'로 규정하기에는 애매모호한 측면이 있다는 평가가 많다.▲결코 가볍지 않았던 학폭 징계, 이재영·이다영은?프로배구 인기의 중심에 서있던 이재영, 이다영(이상 흥국생명)이 학교 폭력의 소용돌이에 휘말렸다.두 선수의 소속팀 흥국생명 배구단은 지난 10일 “이재영, 이다영의 학교폭력 사실과 관련하여 팬 여러분께 실망을 드려 죄송하다”며 “소속 선수의 행동으로 상처를 입은 피해자 분들에게 진심으로 사과의 말씀을 드린다”라고 성명을 발표했다.이재영, 이다영이 행했던 지난날의 과오가 불러올 후폭풍은 그 규모와 피해가 적지 않을 것으로 예상된다.▲직계가족 5인 모임 금지 대상서 제외…수도권 2단계·비수도권 1.5단계 거리두기 완화정부는 15일부터 수도권 소재 식당, 카페, 노래방 등 다중이용시설의 영업 제한 시간을 현재 오후 9시에서 오후 10시로 한 시간 연장했다. 전국의 유흥시설도 방역수칙을 준수한다는 조건으로 오후 10시까지 영업을 허용했다.정부는 사회적 거리두기 단계도 15일부터 2주 동안 수도권은 현행 2.5단계에서 2단계로, 비수도권 지역은 현재 2단계에서 1.5단계로 각각 완화하기로 했다.5인 이상 사적모임 금지는 유지된다. 다만 직계가족에 대해서는 동거 가족이 아니더라도 5인 이상 사적 모임 금지를 적용하지 않는다.▲셀트리온, 코로나 변이 맞춤형 치료제 개발 착수 셀트리온은 최근 식품의약품안전처로부터 조건부 품목 허가를 획득한 코로나19 항체 치료제 ‘렉키로나’에 대해 최근 해외에서 유행하고 있는 변이 바이러스 중화능력 시험결과를 확인하고 향후 발생할 변이 바이러스에 종합적으로 대응할 수 있는 ‘변이 맞춤형 칵테일 치료제’ 개발에 착수했다.질병관리청 국립보건연구원은 최근 영국 변이주를 비롯해 남아공 변이주를 항체와 혼합해 숙주 세포에 감염시킨 후 항체가 바이러스를 저해하는 정도를 테스트하는 방식으로 렉키로나의 중화능력 시험을 진행했다.질병청에서는 지난해 렉키로나가 국내에서 확인된 변이 바이러스 6개 유전형 (S·L·V·G·GH·GR) 전체에 대해 중화능력이 있는 것을 확인한 바 있다.▲현직 남자배구선수 '배XX 송XX 학폭' 폭로→ '하루만에 연락왔다'13일 온라인 커뮤니티 네이트판에는 ""현직 남자 배구선수 학폭 피해자입니다""라는 제목의 글이 글이 올라왔다.작성자 A씨는 ""이 글이 주작이라고 논란이 된다면 분당차병원에서 수술했던 수술 기록지를 주말이 지나고 첨부하겠다""고 강조하며 글을 시작했다.이어 ""폭행이 일상이었던 그때의 우리들의 일상은 절대 일반적인 게 아니었음을 이제 와서 고백하려 한다. 어떤 운명의 장난인지 10년이나 지난 일이라고 저도 잊고 살자는 마음이 있었는데 용기 내는 피해자들을 보고 저도 용기를 낸다""고 밝혔다.A씨는 ""이 얘기를 꺼내는 순간 배구계에 있었던 사람들이라면 웬만하면 제가 누군지 알고 당사자가 누군지 알기 때문에 제가 누군지 소개하지 않도록 하겠다""며 ""고등학교 1학년 때는 3학년 형들이 집합시켜서 때리고 맞는 게 일상이었다""고 과거를 회상했다.당시 고교 1학년이었던 A씨는 3학년 선배들에게 노래를 불러보라는 강요를 당했고 이를 거절하자 폭행을 당했다는 것. 급소를 맞은 A씨는 숨을 쉴 수 없었고 응급실로 실려가 고환 봉합수술을 받았다는 사실을 폭로했다.▲쿠팡, 미국 뉴욕 증시 상장 추진…기업공개신고서 제출쿠팡은 미국 증권거래위원회(SEC)에 클래스A 보통주(이하 보통주) 상장을 위해 S-1 양식에 따라 신고서를 제출했다고 12일(현지시간) 밝혔다.상장될 보통주 수량 및 공모가격 범위는 아직 결정되지 않았다. 쿠팡은 보통주를 뉴욕증권거래소(NYSE)에 ‘CPNG’ 종목코드(Trading Symbol)로 상장할 계획이다.쿠팡 측은 “이번 IPO와 관련해 국내에서 증권신고서가 제출되지 않을 예정”이라며 “국내 투자자들을 대상으로 한 투자 권유행위는 이뤄지지 않을 것”이라고 밝혔다.▲[나·오·안 공약 경쟁①] ""부동산 공급 확대·규제 완화"" 한목소리…각론은 '제각각'4·7 서울시장 보궐선거에 출마한 후보들의 정책 경쟁이 점차 구체화되어가고 있다. 그 중에서도 후보들이 현 시점에서 가장 공을 들이고 있는 분야는 역시 '부동산'이다.문재인 정부의 부동산 정책에 대한 불만이 고조된 상황에서 선거가 열리는 만큼, '부동산 민심'이 이번 선거에 큰 영향을 미칠 것으로 전망된다.야권의 유력 후보로 꼽히는 나경원, 오세훈, 안철수 예비후보는 부동산 정책에 대해 '공급 확대' 및 '규제 완화'라는 총론에 대해선 한 목소리를 낸 반면, 각론에서는 후보별로 차이가 났다.공급 규모 먼저 살펴보면, △나경원 예비후보는 연간 7만호씩 10년간 70만호를 △오세훈 예비후보는 5년 간 36만호를 △안철수 예비후보는 5년간 74만6천호를 공급하겠다고 약속했다.▲[기본소득 전선③] 전통적 좌파·우파 대립구도 허문다오는 2022년 치러질 차기 대선의 최대 전선은 후보자들의 '양극화 해소' 방안에서 형성될 전망이다. 물론 양극화 현상은 이전 정부부터 극복해야할 과제로서 새삼스러운 문제는 아니다. 하지만 문재인 정부 들어 부동산 가격 폭등으로 인한 자산 양극화 심화에 코로나19까지 겹치며 국가의 명운이 달린 시대적 과제가 됐다.먼 미래의 이야기로 생각됐던 기본소득이 화두가 된 것도 이와 무관치 않다. 지난해 실시된 가구당 100만원의 재난지원금 지급이 계기가 됐다. 비록 한시적 조치였으나, 조건 없는 전 국민 현금성 지급을 경험하면서 기본소득에 대한 국민들의 관심도가 커지는 결과로 이어졌다.국내에서는 기본소득을 '보편적 복지' 개념으로 접근, 주로 좌파진영에서 논의가 진행돼왔다. 기본소득 도입을 당론으로 삼고 있는 기본소득당이나 시대전환이 민주당의 비례위성정당을 통해 원내에 진입한 것이 그 사례다. 복수의 여론조사에서도 민주당이나 정의당 지지층에서 기본소득을 환영하는 것으로 나타난다.데일리안 최현욱 기자 "
"차기 대선, 야당 46% vs 여당 45.5%…오차범위 내 접전[서울=뉴시스] [서울=뉴시스] 김남희 기자 = 차기 대선주자 지지도에서 이재명 경기도지사가 이낙연 더불어민주당 대표와 윤석열 검찰총장을 크게 앞서는 것으로 13일 나타났다. 여론조사 전문업체 입소스가 SBS 의뢰로 지난 6∼9일 전국 만 18세 이상 1002명을 대상으로 실시한 조사 결과, 차기 대선주자 지지도에서 이 지사가 28.6%를 기록했다. 이 대표는 13.7%, 윤 총장은 13.5%로 각각 집계됐다. 뒤이어 홍준표 무소속 의원(5.3%), 유승민 전 국민의힘 의원(1.9%), 정세균 국무총리(1.8%), 추미애 전 법무부장관(1.6%), 오세훈 전 서울시장(1.5%), 심상정 정의당 의원(1.4%), 원희룡 제주도지사(0.6%) 순이었다.이 지사는 '60세 이상'을 제외한 전 연령대에서 선두를 달리는 것으로 나타났다. 민주당 지지층에서도 42.8%의 지지를 얻어 27.9%를 기록한 이 대표보다 높았다.다만 광주·전라 지역에서는 이 대표가 36.5%로 이 지사의 30.0%에 앞섰다. 바람직한 차기 대선 결과에 관한 질문에선 '여당의 정권 재창출'이 45.5%, '야당의 정권교체'가 46.0%로 오차범위 내에서 팽팽하게 맞섰다. 이번 조사는 유무선 전화면접조사로 이뤄졌으며 표본오차는 95% 신뢰 수준에 ±3.1%, 응답률은 14.4%다. 자세한 사항은 중앙선거여론조사심의위원회 홈페이지를 참조하면 된다.☞공감언론 뉴시스"
"SBS 설 여론조사출처=SBSSBS가 각종 현안에 대한 여론조사를 실시한 결과를 13일 공개했다.내년으로 다가온 대선 관련 조사도 포함됐다.SBS는 여론조사기관 입소스에 의뢰, 지난 6~9일 전국 유권자 1천2명을 대상으로 유무선 전화면접조사를 진행했다. 표본 오차는 95% 신뢰 수준에 ±3.1%포인트.우선 대선에서 누구에게 투표할지 물었더니, 이재명 경기도지사가 28.6%, 이낙연 더불어민주당 대표가 13.7%, 윤석열 검찰총장이 13.5%의 지지를 얻었다.이에 대해 SBS는 지난 1월 1일 보도된 신년 여론조사와 비교해 이재명 지사는 5%포인트(p) 올랐고, 이낙연 대표 및 윤석열 총장은 각 3%p 및 5%p 지지도가 떨어졌다고 설명했다.최근 발표된 여러 여론조사에서도 이재명 지사의 오차범위 밖 독주 양상이 확인된 바 있다. 아울러 추윤갈등(추미애 전 법무부 장관 대 윤석열 총장) 구도에서 이재명 지사 다음, 즉 이낙연 대표는 곧잘 제쳤던 윤석열 총장은 이번 조사에서는 오차범위 안이기는 하지만 이낙연 대표 뒤에 랭크됐다.그 다음으로 홍준표 무소속 국회의원 5.3%, 유승민 전 의원 1.9%, 정세균 국무총리 1.8%, 추미애 전 장관 1.6%, 오세훈 전 서울시장 1.5%, 심상정 전 정의당 대표 1.4%, 원희룡 제주도지사 0.6% 순이었다.문재인 대통령의 국정 운영에 대해서도 잘 하고 있는지 잘 못하고 있는지 물었다. 잘 못하고 있다가 49.9%로, 잘 하고 있다(44.9%)에 오차범위 내에서 소폭 앞섰다.SBS는 역시 신년 여론조사와 비교, 잘 하고 있다는 평가는 3.6%p 늘고, 잘 못하고 있다는 평가는 4.1%p 줄었다고 전했다.아울러 30, 40대는 잘 하고 있다는 평가가 더 많았고, 20대와 60대 이상은 잘 못하고 있다는 평가가 더 많았다.여론조사에서는 다시 대선을 두고 '여당의 정권 재창출'과 '야당으로 정권 교체' 가운데 어떤 결과가 더 바람직하다고 보는지 물었다. 야당으로 정권 교체(46%)와 여당의 정권 재창출(45.5%)이 비슷했다.황희진 기자"
"20대 대선, 野 정권 교체 46% vs 與 정권 재창출 45.5%© News1 김일환 디자이너(서울=뉴스1) 이준성 기자 = 여권 차기 대권 주자인 이재명 경기도지사 지지율이 이낙연 더불어민주당 대표와 야권의 잠재후보로 거론되는 윤석열 검찰총장에 큰 폭으로 앞서면서, '1강 2중' 체제가 굳어지고 있다. 내년 대선에서 '여당의 정권 재창출'과 '야당으로 정권 교체'에 대한 여론은 오차범위 내 팽팽한 양상을 보였다.13일 SBS가 여론조사기관 입소스에 의뢰해 지난 6~9일 전국에 거주하는 만 18세 이상 1002명을 대상으로 실시한 여론조사 결과에 따르면 차기 대통령 지지도에서 이 지사는 28.6%, 이 대표는 13.7%, 윤 총장은 13.5%를 기록했다.뒤를 이어 홍준표 무소속 의원(5.3%), 유승민 전 국민의힘 의원(1.9%), 정세균 국무총리(1.8%), 추미애 전 법무부장관(1.6%), 오세훈 전 서울시장(1.5%), 심상정 정의당 의원(1.4%), 원희룡 제주도지사(0.6%) 순이었다. 또 '지지후보 없다'(26.0%), '모름무응답'(2.8%) '기타'(1.3%) 등의 대답을 선택한 응답자는 총 30.1%에 달했다.이재명 지사는 '60세 이상'을 제외한 전 연령대에서 선두를 달리는 것으로 나타났다. 특히 40대(42.2%)와 50대(31.8%), 30대(31.7%)에서 평균보다 지지율이 높았다.지지층에서는 민주당 지지층(42.8%), 진보층(41.7%), 국정운영 긍정평가층(40.0%), 가구 월소득 701만원 이상(37.3%)에서 높은 지지율을 나타냈다.이낙연 당대표는 광주·전라(36.5%), 민주당 지지층(27.9%), 국정운영 긍정평가층(26.4%), 가구 월소득 200만원 이하(19.2%) 등에서 높은 지지를 받았다.윤석열 총장은 국민의힘 지지층(36.0%), 국정운영 부정 평가층(25.9%), 60세 이상(20.5%), 대구·경북(20.3%)에서 지지도가 높은 것으로 나타났다.바람직한 차기 대선 결과를 묻는 질문에 대해선 '야당의 정권 교체'가 46.0%, '여당의 정권 재창출'이 45.5%로 오차범위 내 접전 양상을 보였다. 모름무응답은 8.5%였다.서울·인천·경기 지역 응답자의 45.8%가 '정권교체'를, 45.5%는 '정권재창출'을 선택했다. 광주·전라(67.5%), 대전·충청·세종(50.3%), 강원·제주(49.9%)에선 '정권 재창출'이, 대구·경북(64.4%), 부산·울산·경남(55.3%)에서는 '정권교체' 응답이 더 높게 나왔다. 한편, 이번 조사는 유무선 전화면접조사로 이뤄졌으며 표본오차는 95% 신뢰 수준에 ±3.1%, 응답률은 14.4%다. 자세한 사항은 중앙선거여론조사심의위원회 홈페이지를 참조하면 된다"
"=======================================================인터뷰 자료의 저작권은 KBS라디오에 있습니다. 전문 게재나 인터뷰 인용 보도 시, 아래와 같이 채널명과 정확한 프로그램명을 밝혀주시기 바랍니다. =======================================================<김경진 전 의원>- 임성근 부장판사 탄핵 자체는 정당, 하지만 김명수 대법원장은 허위 공문서 작성죄 성립 여지 있어 논란 계속될 듯  - 검찰 수사권 완전 폐지할 거면 민주당도 분리하고 국회도 여러 개로 나눠라 - 검찰에겐 ‘절대 권력’ 없어… 정권 마음에 안 드는 행위 하니까 검찰 제도 자체를 없애버리겠다고 하는 것- 민주당의 행태, 굉장히 우스워… 나라를 본인들 것으로 생각하고 있는 듯- 1월 1일부터 검경수사권조정 시행 중, 최소한 10년 이상은 지켜봐야 - 보수·진보 가리지 않고 검찰은 항상 정권에게 불편한 존재… 그러나 민주당 정권처럼 조직 자체를 없애려고 한 정권은 지금까지 단 한 번도 없었다<서기호 전 판사>- 임성근 부장판사 법관 탄핵, 역사상 최초로 이뤄진 것에 의미 있어- 김명수 대법원장 녹음 내용에 부적절한 부분 있긴 하지만 직권남용죄 해당, 사퇴해야 할 정도의 사안은 아니라고 본다 - 임성근 판사의 사표 제출은 굉장히 의도적… 탄핵 현실화되려 하니 도망가려고 사표 썼다- 사법 농단 재판 관여 행위가 불법이고 헌법 위반 행위라는 것을 헌법재판소에서 명확히 선언해줄 필요 있어- 여당의 검찰개혁 시즌 2는 올바른 방향으로 잘 가고 있어- 윤석열 검찰총장이 제대로 된 역할 했다고? 행동대장, 칼잡이 수준일 뿐■ 프로그램명 : KBS1라디오 <주진우 라이브>■ 코너명 : <초지일검>■ 방송시간 : 2월 12일 (금) 17:25~17:56 KBS1R FM 97.3 MHz■ 출연자 : 김경진 전 의원, 서기호 전 판사◇주진우: 누가 검사에게 절대 권력을 줬나. 2021년에도 쭉 정의의 칼끝이 검찰을 향한다. 검사들이여 초심을 찾아라. <초지일검>. 검찰개혁을 위한 뜨거운 한걸음 2021년에도 주진우 라이브가 검찰개혁에 벽돌 두 장 올려놓겠습니다. 여의지검 개혁부 김경진 전 의원 어서 오세요.  ◆김경진: 안녕하세요? 김경진입니다. 새해 복 많이 받으세요.  ◇주진우: 감사합니다. 오늘의 특별 손님, 판사 출신 서기호 전 의원 안녕하세요?  ◆서기호: 안녕하세요? 새해 복 많이 받으십시오.  ◇주진우: 설 명절 어떻게 보내십니까? 어떻게 또 방송국까지 와주시고 죄송하고 미안합니다.  ◆김경진: 하여튼 출연해서 방송할 기회를 얻어서 좋기는 한데요. 이게 깜빡 아무 생각 없이 약속을 했다가 사실 오늘 하루 온전히 놀 수 있었는데 약간의 아쉬움을 가지고 왔습니다.  ◇주진우: 그런데 청취자들이 김경진 의원 왔다고 좋아합니다.  ◆김경진: 그렇습니까?  ◇주진우: 좋아합니다. 기다리고 있답니다. 서기호 판사님.  ◆서기호: 잘 보내고 있습니다.  ◇주진우: 그렇습니까? 서기호 변호사님 오신 김에 이거 먼저 물어보겠습니다. 임성근 부장판사에 대한 법관 탄핵 어떻게 보셨어요? 법관 탄핵 이후에 ‘임성근 나가라’가 아니라 ‘김경수 대법원장 나가라’ 이렇게 탄핵 요구가 이어지고 있는 건 또 어떻게 보십니까?  ◆서기호: 핵심 본질은 임성근 판사가 사법 농단 행위, 재판 관여 행위에 대한 탄핵이기 때문에 역사상 최초로 법관 탄핵이 이루어진 점이 중요하고 그 과정에서 녹음한 부분에 대한 내용이 지금 본질을 흐리고 있는데요. 김명수 대법원장이 녹음 과정에서 발언한 내용들이 부적절한 부분이 있기는 하지만 그렇다고 해서 그 부분이 무슨 직권남용죄에 해당된다든지, 사퇴해야 할 정도의 사안은 아니라고 봅니다.  ◇주진우: 김경진 검사님.  ◆김경진: 그러니까 이제 일단 탄핵 자체는 정당한 것 같아요. 그런데 이제 두 번째 그 과정에서 있었던 대법원장의 행위라든지 이런 것들은 첫째는 최소한 결과적으로 거짓말이에요. 그러니까 조금 나쁘게 보면 의도적인 거짓말일 수도 있고. 그런데 이제 대법원장으로서 최소한 체면을 많이 구겼고 의도적인 거짓말이라면 그 거짓말하고 똑같은 내용이 지금 김도읍 의원실에 공문으로 갔거든요. 공문으로 갔다면 그건 허위 공문서 작성죄가 성립할 여지가 있어서 조금 법적인 문제가 될 여지가 있고 두 번째는 법원 내부에서도 이게 사표를 받아주는 것이 대법원장으로서 의무냐, 아니면 재량이냐 이 부분이 아직 명확하지 않은 것 같아요, 보면. 그런데 만약에 이게 사표를 냈을 경우에 특히 몸이 아픈 사람에 대해서는 사표. 그러니까 몸이 아프다가 하나가 있고 두 번째는 이 건과 관련해서는 직접적인 징계가 없었다, 지금 무죄 판결받은 재판 기록이. 그 건과 관련해서 징계가 없었다는 요인이 하나 있고 어쨌든 정치권에서 탄핵을 시도하고 있었다는 요소 하나가 있는데 등등 여러 가지 요소를 이제 복합적으로 종합적으로 고려를 했을 때 만약에 사표를 그 모든 것을 고려했을 때도 사표를 받아주는 것이 대법원장의 책무라고 판단이 된다면 그거 역시 대법원장으로서 조금 문제가 될 텐데 저도 그 부분은 무엇이 정당한지는 법리적인 판단은 못 내리겠어요. 그런데 어쨌든 한동안 논란은 계속 될 것 같아요.  ◇주진우: 사법 농단은 적절했다. 그런데 그 뒤는 조금 부적절해 보인다.  ◆서기호: 지금 사표를 받는 것에 대해서는 제가 명확하게 정리를 해드리겠습니다.  ◇주진우: 서기호 판사님.  ◆서기호: 이거는 사표를 받아줘야 할 의무가 없습니다. 많은 분들이 혼동을 일으킬 수 있는데요. 사표 수리 의무는 없고 재량인데 다만 임성근 판사가 당시에 아팠다고 하지만 그게 직무를 도저히 수행할 수 없을 정도로 업무가 마비될 정도의 그 정도 수준이었다고 하면 그런 사람을 사표 내지 마라, 이렇게 하는 게 부적절해 보일 수 있지만 그분이 그 당시에 직무를 도저히 수행할 수 없을 정도는 아니었던 것 같습니다. 그래서 이번 1월까지도 재판 업무를 수행했던 것으로 알고 있고요. 그다음에 그러면 그분이 왜 그때 하필이면 작년 5월에 사표를 냈냐. 4월에 총선에서 이탄희 판사가 국회의원 당선되고 범여권이 180석 가까이 얻은 것 때문에 탄핵이 현실화 되겠구나라는 생각 때문에 사실은 도망가려고 사표를 쓰신 거라고 저는 생각이 됩니다. 약간의 그래서 의도적인 게 좀 있다. 그다음 또 한 가지는 이제 법원 같은 경우는 2월에 정기인사철이라서 그 2월 정기인사를 기준으로 해서 1월이나 이쯤에 보통 사표를 받지, 중간에 사표를 받는 경우가 거의 없습니다. 아주 특별한 케이스가 아닌 한. 그렇기 때문에 그 당시에 김명수 대법원장이 사표를 받지 않은 건 정당했던 것이고 오히려 임성근 판사의 사표 제출이 굉장히 어떤 의도적인 거였다, 자신의 탄핵을 피해가기 위한.  ◇주진우: 징계나 뭐 감찰 중인 사람한테 사표를 받지 않는다. 보통 다른 공직에서는 그런 게 있지 않습니까? ◆김경진: 그러니까 이제 규정에 국가공무원법에 삼십 몇 조인가 규정에 있거든요. 그래서 가령 이제 그 징계 절차가 진행 중일 때는 징계 절차가 끝날 때까지 사표 수리되면 안 되고 수사나 재판이 계속 중일 때는 그 사건과 관련된, 해당 형사 사건과 관련된 징계 절차가 마무리지어지기 전까지는 사표 수리가 돼서는 안 된다고 하는 건데 희한하게 이게 사법 농단과 관련해서 임성근 부장에 대해서는 다른 건과는 이게 징계가 있었는데. ◇주진우: 이 건은 아니었어요.  ◆김경진: 이 건은 아니었던 것 같아요. ◆서기호: 징계가 있었는데 견책으로 끝났습니다. 그러니까...  ◇주진우: 견책이었어요? ◆서기호: 네, 견책으로 끝났기 때문에 징계 과정에 있어서 수리를 못한다 이건 아니고요. 그다음에 1심 계류 중이어서 이제 무죄 판결이 선고됐던 상황이라서 그 부분도 재판이 계류 중이라고 해서 반드시 수리를 하면 안 된다 이런 건 아닌데 부적절하다는 거죠, 그 당시에 수리를 한 것이. ◆김경진: 아니, 그 징계가, 그러니까 저도 법원행정처에 정확히 확인한 건 아닌데 언론 기사를 가지고 보니까 야구선수 있잖아요. 야구선수 관련해서 이제 정식 재판 청구 회부 그 문제가 징계에 들어갔지 지금 산케이신문 기자와 관련해서 그 어떤 사법 농단 건이 징계에는 안 들어갔다고 그러더라고요. 그래서 문제인 거죠.  ◇주진우: 자, 여기까지 하고요. 저는 궁금한 게 있어요. 김명수 대법원장 탄핵하라 하고 뭐 동창들도 하고 사법연수원 동기들도 이렇게 얘기하는 거 그럴 수 있다고 봐요. 알았어. 그런데 그보다 더 중한 범죄를 저질렀던 양승태 전 대법원장한테는 왜 이런 목소리가 판사들한테서도, 사법 시험 동기들한테서 왜 안 나오나요? 왜 판사님들은 그런가요? ◆서기호: 이제 그분들이 기본적으로 사법 농단 재판 관여 행위에 그게 얼마나 심각한 위헌적 행위인지에 대해서. ◇주진우: 알겠죠. ◆서기호: 감각이 저는 없다고 봅니다.  ◇주진우: 아니, 판사들이 어떻게 몰라요. 일반인들도 아닌데. ◆김경진: 아니, 그건...  ◆서기호: 사실 잘 모릅니다. ◆김경진: 주 기자 질문이 잘못된 게.  ◇주진우: 질문이 잘못됐다고요? ◆김경진: 네, 지금 고무다리 긁고 있는 거예요. ◇주진우: 뭐라고요?  ◆김경진: 고무다리 긁고 있는 거라고.  ◇주진우: 고무다리요? ◆김경진: 네.  ◇주진우: 고무다리를 왜. 남의 다리를 긁는다고? ◆김경진: 그러니까 엉뚱한 소리하는 거라고요. 아니, 그 양승태 대법원장 같은 경우는 검찰에 의해서 구속이 됐던 사람 아니에요. ◇주진우: 그렇죠.  ◆김경진: 구속돼서 지금 재판을 받고 있다, 그러니까 구속돼서 재판받다가 불구속으로 풀려나서 지금 계속해서 1심 재판이 진행 중인 상황 아니에요. ◇주진우: 재판받고 있죠.  ◆김경진: 아니, 그 이상의 더 중한 처벌이 어디 있어요? ◇주진우: 아니, 중한 처벌을 받았기 때문에 더 동기들이나... ◆김경진: 아니, 중한 처벌 절차가, 프로세스가 진행 중 아니에요, 보면.  ◇주진우: 진행 중이죠. 진행 중인데 그러니까. ◆김경진: 그런데 뭐 더 처벌을 하라고 얘기를.  ◆서기호: 아니, 그런데 잠깐만요. 왜 두 분이 싸우고 그러세요. 저도 얘기 좀 합시다.  ◇주진우: 아니, 제가 판사님들... ◆서기호: 제가 얘기하려고 지금 온 건데.  ◇주진우: 지금 판사님들한테 얘기하는 거예요. 서기호 판사님. ◆서기호: 아니, 저는 질문이 적절했다고 생각하는데요. 어떤 취지인지를 알겠어요. 왜 이게 사법 농단 재판 관여 행위라는 거에 대해서는. ◇주진우: 크고 중요한데. ◆서기호: 이미 구속되고 되게 중요한데도 불구하고 그 동기나. ◇주진우: 판사들이.  ◆서기호: 그 판사들이 그 부분에 대해서는 막 문제를 삼지 않고 오히려 김명수 대법원장이 이번에 부적절한 거짓말 이런 거에 엄청난 심각한 범죄처럼 이렇게 난리를 치냐라는 건데요. 제가 보기에는 근본적으로 이런 거예요. 대법원장과 행정처 차장, 뭐 기타 법원장급에 있는 소위 고위법관들이, 중간 관리자들이 재판에 관여하는 방식이 사법 행정권의 일환으로 많이 했거든요. 쉽게 말하면 이제 선배 법관으로서 후배 법관을 지도한다 이런 차원으로 접근을 해서 이번에 세월호 사건 재판 때 개입을 하고 유명 야구선수의 도박 범죄에 대해서 약식명령 1천만 원이 청구가 됐는데 그것을 재판장이 정식 재판으로 회부하려고 하니까 아, 그거 재판에 회부하지 마라 그렇게 지시 관여를 해서 이제 약식명령이 확정돼버렸단 말이죠. 그다음에 또 이제 세월호 집회 말고 쌍용자동차 집회에서 민변 변호사님들이 불법 채증하고 있는 경찰관을 체포하다가 다친 사안에서 그 판결 이유를 임성근 부장판사가 개입을 해서 이제 좀 고쳤어요. 예를 들어서 이렇게 3가지가 이번의 탄핵 사유인데 이런 행위들에 대해서 소위 경력이 높은 옛날에 뭐 20년, 30년 전에 판사가 됐던 분들을 대체로 보면 이런 행위들에 대해서 그냥 있을 수 있는 행위 정도로 생각을 해요. 이걸 심각한 재판 개입이나 직권남용이나 이렇게 생각을 안 한다는 거죠. ◇주진우: 판사들의 저런 법에 대한 인식은 어떻게 보십니까. 김경진 의원님?  ◆김경진: 그렇죠. 그러니까 이제 이게 뒤에 질문도 있지만 포함되어 있는 것 같은데 국정원 존안 파일 있잖아요. 옛날에는 그거 당연하다고 했잖아요, 보면.  ◇주진우: 그렇죠. 국정원 IO들이 와서 저희들한테 물어보고 사찰하는 거를 당연하다고 생각했죠.  ◆김경진: 그런데 냉정하게 법 전문 가지고 생각해보니까 이게 사찰이고 불법인 거야, 보면. 엊그제 김은경 전 환경부 장관 지금 법정 구속됐잖아요. 아니, 청와대에서 정권이 바뀌었으면 산하 기관장 바꿀 수도 있는 거지 공모라고 하는 형태를 취하지만 어쨌든 청와대에서 이 사람 시키라고 찍어서 내려갈 수도 있는 거지 옛날에 이명박 때 다 그렇게 했던 거 아니에요, 보면.  ◇주진우: 그렇죠. 전 정권 때 다 그랬잖아요.  ◆김경진: 그전에 다 했잖아요. 그런데 냉정하게 법 조항을 가지고 보니까 이게 불법이잖아요, 보면. 눈 가리고 아웅하고 사람들 그냥 들러리로 세워놓고 뽑은 거 아니에요. 이게 지금 법원 내부에서도 후배 판사들이 잘한다고 하지만 법원장이나 대법원장이나 대법관이나 이렇게 고참 선배들 수십년 하신 법관들만큼 식견이 있겠어요. 그러니까 뭔가 물어보고 지도하고 이랬던 것이 관행이 됐는데 이게 냉정하게 적용을 하고 보니까 이게 불법인 거예요, 보면.  ◆서기호: 그렇죠.  ◆김경진: 그러니까 이제 그런 불법들이 옛날에는 별 관행, 불법 관행에 대한 의식이 없이 이게 업무의 효율성이랄까 이게 당연하다고 그 조직이 움직여왔는데 어느 시점에 냉정하게 따지고 보니까 이게 불법인 거예요, 보면.  ◇주진우: 서기호 판사님.  ◆서기호: 그렇습니다. 그렇기 때문에 이번 기회에 사법 농단 재판 관여 행위가 이게 불법이고 헌법을 위반한 행위라는 것을 명확하게 헌법재판소에서 선언해줄 필요가 있고 2월 28일에 설령 퇴직해서 그 뒤에, 그전에 제대로 판결이 안 나고 그 뒤에 하더라도.  ◇주진우: 헌재 탄핵 말하죠.  ◆서기호: 퇴직한 뒤라도 그 부분에 대한 사법 농단 관여 행위에 대한 위헌성은 선언해줄 필요가 있고 또 한 가지는 이번 김명수 대법원장이 녹음 과정에서의 문제의 본질은 임성근 판사가 몰래 녹음한 게 불법입니다. 이 부분이 명확하게 전제가 되어야 되는데 거꾸로.  ◇주진우: 잠시만요. 제가 당사자예요. 그 당사자인데 다른 사람하고 둘이 녹음한 것이 불법입니까?  ◆서기호: 기본적으로는 민사상 불법행위입니다. 형사상, 형사상 통신비밀보호법 위반은 아닙니다. 그것은 타자 간에. 다른 사람 간에 대화를 몰래 할 때 도청이라고 표현하는.  ◇주진우: 그렇죠.  ◆서기호: 그것만 이제 형사상 처벌을 받고 있고 내 목소리가 들어가는 이런 거는 기본적으로 형사상 불법은 아니고. 그래서 기자님들이 녹음을 보통 많이 하시는데 그것은 기자로서 활동을 하는 과정에서 필요하다 보니까 이게 정당화되는 측면이 있죠.  ◇주진우: 그랬는데요?  ◆서기호: 그다음에 개인적인 민사상 분쟁이 있거나 저 사람이 범죄행위를 저지르고 할 때 증거수집을 위해서 녹음하는 거 이것도 역시 정당화됩니다. 나중에 정당행위로서 위법성이 조각된다.  ◇주진우: 그런데 임성근 판사와 지금 김명수 대법원장의 녹취는 불법입니까?  ◆서기호: 그 부분에 대해 정당화될 수는 없다고 저는 봅니다. 왜냐하면 김명수 대법원장이 무슨 범죄를 저지른 것도 아니고 임성근 판사와 사이에서 어떤 법적 분쟁이 생겨서 증거를 확보해야 할 것도 아니잖아요. 단지 자신이 사직서를 김명수 대법원장이 수리하지 않는 이유가 탄핵이나 이런 이야기들이 나올 걸 대비해서 미리 준비해가신 것 같고 또 다른 이야기들이 나오다 탄핵으로 아마 유도하지 않았을까 저는 이제 예측이 되는데 그렇기 때문에 이것은 정당화될 수 없는 행위라고 저는 봅니다.  ◇주진우: 김경진 의원님.  ◆김경진: 특별히 드릴 말씀은 없는데요. 고위 법관들끼리 나는 녹음한다는 거 보고.  ◇주진우: 그러니까요.  ◆김경진: 아, 정말.  ◇주진우: 깜짝 놀랐어요?  ◆서기호: 깜짝 놀랐어요. 매우 부적절한 행위일뿐더러.  ◇주진우: 깜짝 놀랐어요.  ◆서기호: 판사로서 자질이 저는 없다, 부족하다고 생각합니다. 그다음에 또 한 가지는 이게 몰래 불법 녹음한다는 것 자체가 우리가 꺼림칙 한 거잖아요. 몰래 한다는 것 자체가 꺼림칙 한 건데 그것은 그만큼 상대방의 녹음 당하지 않을, 내 목소리가 몰래 녹음되지 않을 그런 권리, 그걸 음성권이라고 표현하는데 헌법 제10조에 인간의 존엄과 가치라는 거기에서 파생되는 권리입니다. 그러니까 실제로 이게 하급심에서 수원지방법원에서 2013년에 인정되는 판례가 있어요.  ◆김경진: 그러니까 저는 이게. 그런데 이제 결과적으로 보면 대법원장 말씀도 최소한 결과적으로 거짓말은 아니에요, 보면. 그런데 이게 이야, 이게 대한민국 사회에 도대체 믿을 만한 사람이 누가 있는가.  ◇주진우: 그러게요. 그 부분에 대한 충격이 커요.  ◆김경진: 신뢰의 정점이라고 생각했던.  ◇주진우: 법원마저.  ◆김경진: 법원이 이럴 수가 있을까. 그 점이 사실 충격이죠.  ◇주진우: 그러니까요. 6151님께서 ""세 분의 다양한 억양만큼 내용도 다채롭습니다."" 그러게요. 유자 님께서 ""그런데 법관 탄핵이 최초라 다들 놀란 것 같아요. 법관이 부패할 수 있다는 걸 상상도 못 해본 대한민국 국민들 아닌가요?"" 이야기합니다. 그럴 수 있어요. 사법부의 신뢰 이 부분에 대해서 굉장히 충격을 받는 국민들이 많습니다.  ◆김경진: 그러니까 이거는 사실 임성근 판사 탄핵 문제는 부패의 문제는 아니에요.  ◇주진우: 그렇죠.  ◆김경진: 돈 받거나 누구 청탁 받거나 이건데. 이게 엄정한 헌법상의 삼권분립의 원칙 또 사법권 독립의 원칙에 대해서 명확한 기준을 가지고 앞으로는 이렇게 해야 한다, 이런 새로운 어떤 그런 걸 세우는 전기다 이렇게 보시면 될 것 같아요.  ◇주진우: 5226님께서는 ""요즈음 뉴스 보면 이상해요. 판사 블랙리스트 작성해도 괜찮고 다른 판사들한테 다른 재판에 이래라저래라 해도 괜찮고 이 모든 게 괜찮다는 건가요?"" 이야기합니다. 이야기를 조금 넘어가 보겠습니다. 검찰 쪽으로 넘어가 볼 텐데요. 월성원전 수사 이거 간단하게 이렇게 짚고 넘어갑니다. 월성원전 수사는 이제 어떻게 됩니까? 김경진 의원님?  ◆김경진: 결국은 해당 대전지검 형사5부죠. 얼마큼 더 열심히 해서 검찰이 지금 영장 기각한 부분에 대해서는 자신들은 납득할 수 없다고 아마 간략하게 의견 피력을 한 것 같아요. 그리고 채희봉 한국가스공사 사장에 대해서도 추가 수사를 하겠다고 하는 의지를 가지고 있는 것 같으니까 열심히 수사해서 사실관계가 밝혀지면 또 검찰이 엄정하게 처벌을 하면 되는 거고요. 이게 허위의 어떤 경제성 조작에 관한 부분에 대해서 장관이나 또 채희봉 당시 비서관의 어떤 관련 여부에 대한 사실관계가 검찰이 밝히지 못한다면 처벌 못 하는 거고 그런 거죠, 뭐.  ◇주진우: 월성원전 수사 어떻게 보고 계십니까, 서기호 판사님.  ◆서기호: 애당초에 이게 원전 폐쇄 결정이라고 하는 정책, 탈원전 정책이라는 정부의 정책에 대해서 수사가 들어간 것이기 때문에 근본적으로 무리한 수사였다고 생각을 하고요.  ◇주진우: 애당초 근본적으로 무리했습니까?  ◆서기호: 그렇기 때문에 이번 구속영장도 기각이 됐는데 담당 판사님이 570자나 되는 긴 장문의 글을 써서 기각 이유를 썼거든요. 거기에 보면 범죄 사실에 대한 소명이 부족하다. 그리고 직권남용죄라는 게 굉장히 추상적인 개념이기 때문에 엄격하게 해석을 해야 한다. 그런데 백운규 장관이 했던 행위들이 과연 직권남용을 했다고 볼 수 있는지에 대해서 정확하게 소명이 부족하다 이렇게 본 거죠.  ◇주진우: 애당초 잘못된 수사였다에 대해서 김경진 검사님은 무슨 이야기를 또 하실까요?  ◆김경진: 김경진.  ◇주진우: 전 검사님.  ◆김경진: 그렇죠. 제 생각은 말도 안 되는 말씀이라고 생각을 하고 있고요. 이게 하도 반박해서 저도 이제 입이 지칠 따름인데.  ◇주진우: 간단하게 하십시오.  ◆김경진: 감사원의 감사도 그렇고 검찰의 수사도 그렇고 공문서 파기 그다음에 허위 내용의 경제성 평가 보고서를 만든 것. 경제성 평가 보고서가 공문서니까 허위내용을 만든 것. 공문서를 만드는 것 그 부분에 수사가 한정이 되어 있고 나머지 원자력 정책에 관한 부분은 그거는 국회, 행정부, 국민이 정할 문제고 검찰이 전혀 개입할 생각이 없다.  ◇주진우: 검찰은 전혀 개입하지 않고.  ◆김경진: 그 부분에 대해서 수사할 생각은 1도 없다 이렇게 보시면 될 것 같아요.  ◇주진우: 민주당이 설날 이후에 검찰개혁 시즌2 추진하겠다고 드라이브를 걸고 있습니다. 황운하 의원 뭐 그리고 김용민 의원 계속해서 중대범죄수사청 설치법 제정안 나오고 있는데 검찰개혁 시즌2의 움직임에 대해서 서기호 전 판사님은 어떻게 보시는지요?  ◆서기호: 잘 정확하게 가고 있다고 생각을 하고요.  ◇주진우: 검찰개혁 잘 가고 있다?  ◆서기호: 그렇습니다. 이제 검찰개혁이라는 게 인적 청산도 필요하지만 또 제도개혁이 가장 핵심적으로 중요한 거고요. 그중에서도 수사권과 기소권 분리, 이게 가장 중요합니다. 그전에는 왜 그걸 제대로 추진을 못 했냐 하면 검찰의 수사권, 수사를 대체할 만한 조직이 아직 우리나라에 없고 그러다 보니까 일단 검경수사권 조정으로 6대 범죄로 한정해서 축소하는 쪽으로 올해 1월 1일부터 시행되고 있는데.  ◇주진우: 그래서 축소했잖아요. 한 번 축소했는데 이것도 안 되겠다. 다 수사권은 가져와야겠다 이렇게 지금 민주당에서 추진하고 있죠?  ◆서기호: 그것은 이제 2019년 7월부터 진행됐던 조국 전 장관에 대한 전방위적인 어떤 극장형 수사 이런 것들을 보면서 검찰에 수사권을 주면 이런 식으로 표적 수사를 해서 언론에 흘리기를 통해서 그런 수사들이 무리한 수사들이 진행되는 경우가 많기 때문에 아예 검찰의 수사권을 폐지하는 쪽으로 가겠다. 그러니까 검찰청에서는 기소만 전담하는 그런 기구로 선진국형으로 가고 수사권은 여기저기로 분리를 시키는 게 각자 권력 분산, 견제 원리에도 맞다는 것이죠.  ◇주진우: 오늘 기사 제목의 한 신문에서 이렇게 썼습니다. '126년 검찰, 역사 속으로. 수사권 완전 폐지 가시화' 이야기했는데 어떻게 보시나요, 김경진 전 의원님?  ◆김경진: 아니, 왜 민주당도 좀 분리하고 국회도 몇 개로 나누고 그러지.  ◇주진우: 민주당도 분리가 됩니까?  ◆김경진: 아니, 국회는 왜 예산심사권도 갖고 법안 입법권도 갖고 행정부 감시 견제권도 갖고 3개의 권한을 동시에 다 가지고 있어요.  ◇주진우: 더 많은 권한이 있죠.  ◆김경진: 인사청문회 건도 있고. 왜 그걸 다 붙어 있어요, 독재하는데. 마찬가지잖아요. 이게 지금 검찰이 수사를 하는 나라가 없다고 그러는데 당장에 우리 옆에 일본만 해도 동경지검 특수부에서 일본 수상 했던 사람들 줄줄이 다 조사를 하고 있는 거 아니에요, 보면. 엊그제 물러간 아베 수상 지금 벚꽃놀이 관련해서 지역구 주민들 초청했던 문제들. 동경지검 특수부에서 수사를 하고 있는데 일본 검찰도 그게 일본 정권에 의해서 그냥 주물럭 주물럭 대다 보니까 수사가 안 되어서 일본 내부 언론이나 국민들 비판이 많은 거 아니에요. 또 우리 옆 나라 중국만 해도 이게 일반 사건은 우리나라 경찰에 해당하는 공안이 하지만 공무원 관련 범죄 수사는 거기는 검찰이 전담해서 한단 말이에요, 보면. 그리고 이 수사라고 하는 것이 결국은 이게 검찰이 직접 조사를 해야 이게 기소를 할 것인지 말 것인지 나름대로 판단이 되는 거 아니에요, 보면.  ◇주진우: 이제는 수사하지 말고 그 자료만 보고 기소를 판단하라는 거죠.  ◆김경진: 그게 판단이 안 된다는 거 아니에요, 보면.  ◇주진우: 그게 쉽지 않습니까?  ◆김경진: 쉽지 않아요. 그러니까 지금 <초지일검>도 인트로부터 바꿔야 하는 게 누가 검사에게 절대 권력을 줬는가? 무슨 검찰이 절대 권력이 있어. 한동훈 검사장 봐요. 1년에 3번씩 추미애 장관한테, 추미애 장관 눈 밖에 나니까 3번씩 그냥 검사장이나 되는 사람이 튕겨 나가는 거 아니에요. 검찰 조직도 그냥 120년 만에 수사권, 일반 수사권 뺏어서 경찰에게 주고 또 마음에 안 드니까 현재 민주당 정권에 마음에 안 드는 행위 하니까 검찰 제도 자체를 없애버리겠다고 하는 거 아니에요.  ◇주진우: 민주당이 검찰개혁.  ◆김경진: 무슨 검찰이 검사가 절대 권력을 가지고 있다고 이런 인트로를 넣는 거예요.  ◇주진우: 이제 바꿔야 됩니까?  ◆김경진: 바꿔야지.  ◆서기호: 제가 말씀드릴게요.  ◆김경진: 지금 이제 불쌍한 검찰 좀 보살펴줍시다. 이렇게 인트로를 바꿔야지.  ◆서기호: 김경진 전 검사님께서 이제 과거에 검사 시절에 아까 제가 물어봤어요. 특수부 이런 거 활동하셨어요? 그러니까 특수부로 검사, 특수부 검사로 계속 한 적은 없고 공안부나 형사부 이렇게 왔다 갔다 하셨다고 하더라고요. 그러니까 김경진 전 검사님은 일반적인 검사들 다수의 검사들을 대표하시는 분이에요. 그런데 우리가 왜 절대 검찰에게 절대 권력을 줬는가 이렇게 표현하자면 저는 <초지일검> 인트로가 아주 제대로 됐다. 저는 칭찬 드립니다. 왜냐? 왜 우리가 검찰에게 절대 권력을 줬다고 이야기하냐 하면 거기에서 말하는 검찰은 특수부 중심의 그런 특수 뭐죠? 직접 수사를 주로 전담하는 특수부 검사들을 주로 이야기를 해요. 왜냐하면 다른 일반적인 검사들은 그렇게까지 절대 권력은 아니죠.  ◆김경진: 그래서 특수부에서 하던 역할을 지금 공수처 만들어서 김진욱 공수처장이 이제 4월부터는 공수처에서 수사를 하겠다는 거 아니에요.  ◆서기호: 아니, 그건 팩트가 좀 잘못됐는데요. 공수처에서 수사하는 거는 고위공직자의 일부 범죄, 뇌물죄라든가 이런 범죄로 한정되어 있습니다. 모든 범죄를 다 하는 게 아니에요.  ◆김경진: 어쨌든 고위공직자가 범할 수 있는 가능성이 매우 높은 범죄들을 지금 찍어서 공수처가 할 수 있도록 심지어는 검찰이나 경찰에서 하고 있는 것도 중간에 뺏어갈 수 있도록 제도 개선을 해놓은 거 아니에요, 보면. 그런데 저는 민주당 정권이 굉장히 우습다고 생각하는 게 나라를 지금 지들 거라고 생각을 하고 있는 것 같아요.  ◇주진우: 민주당이 우습습니까?  ◆김경진: 우스워요. 이거 하고 있는 거 보면 3살짜리 애들도 안 하는 짓을 하고 있는데.  ◆서기호: 그건 좀.  ◆김경진: 올해 지금 1월 1일부터 검경수사권조정 법안이 시행이 되고 있어요.  ◇주진우: 통과됐어요.  ◆김경진: 20대 때 법 통과된 게. 그러면 이 제도를 가지고 최소한 10년 이상은 해봐야 해요.  ◇주진우: 이 제도로 좀.  ◆김경진: 이 제도도 지금 안착이 안 되어 있고 어떤 문제점이 생길지. 당장 이용구 법무부 차관 사건만 해도 경찰이 지금 직접수사 하도록 하니까 어떤 사건은 지금 폭행죄로 가서 내사종결 해버리고 어떤 것은 특가법 위반으로 해서 오고 이러는 거 아니에요, 보면. 그러니까 이 상황에 대해서 개선된 제도에 대해서 어떤 문제점이 있고 이게 잘 안착할 만한 상황이 있는지 최소한 10년 이상은 해보고 해야 하는데 검찰이 지들 마음에 안 들게 무슨 환경부 장관, 무슨 조국 수사, 누구 수사, 누구 수사한다고 하니까 이번에 민주당이 이게 170몇 석을 가지고 있는 걸 기회로 해서 검찰조직 자체를 그냥 아예 없애버리겠다. 쫙쫙 찢어버리겠다 지금 이 생각으로 하고 있는 거예요.  ◇주진우: 김은경 장관 수사.  ◆서기호: 진행자께서 끼어들지 마시고 제가 반론을 할게요.  ◇주진우: 알겠어요.  ◆서기호: 진행자는 중립을 지키세요.  ◇주진우: 아니요. 저 서기호 판사님은 진행을 하시려고 그러세요. 서기호 판사 하세요.  ◆서기호: 진행자는 중립을 지키셔야지, 자꾸 반론을 펴시면 안 돼요. 반론은 제가 펴겠습니다.  ◇주진우: 알겠습니다.  ◆서기호: 일단 우리 김경진 의원님이 민주당보고 우습다고 하셨는데 제가 보기에는 국민의힘 당이 되게 우스워요. 우습게 보여요. 하는 게 어린이 같아요. 막 그냥 떼쓰고 막. 무조건 뭐 좀 뭐 하면 막 무조건 사퇴하라고 그러고. 그다음에 또 한 가지는 우리 10년 정도 해보고 해야 한다. 그게 원론적으로 맞습니다. 지금 이런 공수처라든가 검경수사권조정이나 이런 수사권 분리 이런 게 이미 10년 전부터 주장을 했고 그때부터 추진되려고 했던 거예요, 노무현 정부 시절부터 사실은. 그런데 그 당시는 분위기가 안 됐어요. 그 당시에는 이런 필요성들은 다 있었지만 현실화하기는 어려운 상황이었기 때문에 못 했다가 지금 이렇게 된 거고. 지금 왜 이렇게 좀 빠르게 진행되느냐라고 하는 말씀이신데 그것은 2019년 7월 이후에 시작된 조국 전 장관의 수사 여기서 너무 극명하게 심각한 폐해가 드러나 버린 거예요, 너무 국민들이 다 인식할 수 있을 정도로.  ◆김경진: 아니, 정경심 법정 구속됐는데?  ◆서기호: 또 한 가지는 마지막 한 가지만 더 말씀드리면 일본 사례를 드셨는데 그리고 중국 사례를 드셨는데 보니까 김경진 의원님은 동양파이신 것 같아요, 동양파. 저는 서양파인데요.  ◇주진우: 서양파라고요?  ◆서기호: 서양의 최고... ◆김경진: 아니, 미국, 독일, 프랑스도 검찰이 수사 다 하는데. ◆서기호: 아니, 거기는 수사 안 하고 공판만 하죠. ◆김경진: 아니, 수사 다 해.  ◆서기호: 거기 FBI나 이런 데서 수사를 하잖아요. ◆김경진: 아니, 미국도 뉴욕주 남부검찰청 같은 경우는. 아니, 지금 미국에서 현재 지금 트럼프 전 대통령 수사를 어디서 하고 있어요?  ◇주진우: 미국 뉴욕 검찰에서 하니까 그러니까 플로리다로 가죠.  ◆김경진: 검찰에서 하고 있어요. 검찰에서 하고 있고 미국도 증권범죄라든지 공무원뇌물범죄라든지 주요 범죄들은 미국 검찰에서 직접 하고 있어요. 독일이나 프랑스는 대륙법계이기 때문에 우리 지금 검경수사권조정 이전의 형사소송법 체계로 하고 있고 심지어는 그 경찰이 목표로 하고 있는 시스템이 영국식 시스템인데 영국마저도 우리나라 검찰과 비슷한 어떤 청들, 기관들을 도입해서 거기를 통해서 영장심사라든지 이런 걸 받고 지금 법원으로 와라라는 것으로 오히려 경찰을 통제하기 위해서 영국도 검찰 제도를 만들어가고 있는 그런 과정들이에요. ◇주진우: 서양도 조금 공부하셨는데요? ◆서기호: 그런데 서양에서는 그런 제도들이 이제 있기는 한데 그런 부분들이 우리나라처럼 검찰총장을 정점으로 한 단일조직 하에 막강한 권력을 다 갖고 있는 그런 검찰청에서 하는 게 아니고. 우리나라의 검찰청하고는 좀 개념이 많이 다릅니다, 거기는. 그래서 기본적으로는 수사권이라는 것은 분리돼서 견제하는 것이 더 낫고 그렇지 않으면 독점을 하다 보면 이게 부패하게 돼 있다는 거죠. ◆김경진: 아니, 뭐 독점합니까, 검찰이.  ◇주진우: 지금까진 좀 힘이 셌잖아요.  ◆김경진: 아니, 힘이 세. 아니, 그 검사장 내가 한동훈 검사장 이야기하지만.  ◇주진우: 한동훈 말고 다.  ◆김경진: 한동훈 검사장은 지금 추미애 장관에 의해서 날아간 케이스들인데 지금 윤석열 총장만 해도 박근혜 대통령 때 그 국정원 댓글 사건 수사하다가 한 번에 고검으로 날아가서.  ◇주진우: 날아갔죠.  ◆김경진: 4년 내내 했던 거 아니에요, 보면.  ◇주진우: 날아갔잖아요.  ◆김경진: 보수, 진보를 가리지 않고 검찰은 항상 정권에게 불편한 존재예요. 그래서 그 정권을 향해서 칼을 들이대면 보수 정권이든 진보정권이든 가차 없이 날려왔다고. 그게 지금까지 상황이고 그런데도 국가가 어느 정도 유지가 됐던 것은.  ◇주진우: 검사들이 칼을 들이대서.  ◆김경진: 검사들이 죽으면 죽었지. 그래도 나는 한 번 검사 됐으니까 끝까지 대한민국을 위해서 올바른 역할을 하고 죽겠다고 하는 그 기백으로 지금 대한민국이 일정 정도 유지된 게 있는 거예요.  ◇주진우: 김경진 전 검사님. 검사들이나 전 검사들은 우리나라가 이 정도로 조금 정의롭고 법치가 지금 다 흘러넘치는 이유는 검사들이 정의로웠기 때문이라고 이야기하시잖아요.  ◆김경진: 물론 김학의처럼 또 검찰총장이나 검사장 해보려고 정권에 붙어먹는 놈들 한둘이 아니었어요. 많았어요.  ◇주진우: 많았죠. 정치검사들 많았어요.  ◆김경진: 많았지만 그럼에도 불구하고 큰 틀에 있어서는, 큰 틀에 있어서는 검사들이 그나마 눈 부릅뜨고 정권하고 이렇게 붙어서라도 내가 사건 제대로 하고 최선을 다해서 진실을 밝혀서 내가 기소해야겠다 이 생각으로 왔던 거예요. 그런데 지금 민주당 정권처럼 자신들에게 불리한 수사 한다 그래서 그냥 완전히 조직 자체를 이렇게 분리해버리고 없애려고 하는 이런 정권은 지금까지 단 한 번도 없었어요.  ◇주진우: 민주당이. 서기호 판사님.  ◆서기호: 김경진 의원께서는 기소한 것만 가지고 이야기하시는데 기소해서 그 사건들이 과연 다 유죄 판결까지 확정됐냐 이 말이에요. 그중에 상당수가 대법원에서 다 무죄로 파기환송 됐어요. 특히 중수부, 옛날 그 중수부 해체 이야기가 왜 나왔냐 하면 중수부에서 했던 사건 수사들이 되게 무리하게 수사해서 나중에 무죄로 된 경우가 많습니다. 그렇기 때문에 검찰이 열심히 해서 정권을 상대로 뭔가를 정의를 세웠다고 생각하지만.  ◇주진우: 김경진 의원님, 좀 무리한 수사들도 있었어요.  ◆김경진: 아니, 정권에서 시키는 거 매번 청부 수사를 많이 했었죠.  ◇주진우: 그렇죠.  ◆김경진: 정권이 좋아하는 사람을 항상 검찰총장을 심었으니까. 그러니까 지금 문재인 정권의 최대 실책 중에 하나가 윤석열이라고 하는 너무 강골검사를 검찰총장을 시키다 보니까 지금 이 사달이 난 거 아니에요. 역설적으로 이야기를 하면. 그런데 어쨌든 지금 현재 윤석열 총장이 임명되어서 보여줬던 모습은 우리가 교과서적으로 생각했던 검찰총장의 모습을 구현하고 있는 거고.  ◇주진우: 윤석열 총장이요?  ◆김경진: 네. 과거 대부분의 검찰총장들은 어쨌든 정권에 의해서 임명되고 정권의 비위를 맞추려고 하는 이런 과정이나 흐름 속에 있다 보니까 서기호 변호사님 말씀하신 대로 과거 대검 중수부가 직접 수사를 하면서 정권 입맛에 맞는 수사를 했던 부분이 있어요.  ◇주진우: 서기호 판사님 마지막으로 한마디 하시면서.  ◆서기호: 윤석열 같은 경우는 검찰총장 제대로 하셨다고 하셨는데 정확하게 말하면 윤석열은 중수부장 같은 그런 행동대장, 칼잡이 그런 수준, 그런 역할이죠.  ◇주진우: 새해 첫날부터 검찰 이야기만 나오면 토론은 뜨겁습니다. 김경진 전 의원님, 말 거칠었습니다. 사과 드리는데. 그래도 검찰 이야기는 해야되겠다는 김경진 전 의원이었습니다. 인사 드리시고요.  ◆서기호: 끝난 거예요?  ◆김경진: 말은 거칠었다기보다도 내용의 핵심을 봐주시고요.  ◇주진우: 그래요?  ◆김경진: 민주당도 정신 좀 차리고 하시기 바랍니다.  ◇주진우: 서기호 전 판사님도 이야기해주십시오. 인사해주십시오.  ◆서기호: 진짜 끝난 거예요, 이거?  ◇주진우: 네. 나 노래 들어야 되는데.  ◆서기호: 너무 빨리 끝났는데 아쉽습니다.  ◇주진우: 지금 시간 이렇게 많이 줬는데 인사하라니까요.  ◆서기호: 알겠습니다. 새해에도 검찰개혁.KBS▶ 더 빠르고 정확한 소식을 원하시면 KBS뉴스 구독!▶ ‘코로나19 3차 대유행’ 제대로 알아야 이긴다"
"여당 견제할 힘이 야당에 없는 것도 문제사법부, 재정·금융 당국이 거대 여당(與黨)의 정치 논리에 휘둘려 법치와 국정 운영이 왜곡되고 있다는  지적이 나오고 있다. 법과 규정에 따라 본연의 임무에 충실해야 할 국가의 기둥들이 정치적 외풍에  원칙과 핵심 가치를 뒤집는 일이 잇따르고 있다는 것이다. 역대 정권에서도 각 기관에 대한 정치적  압박은 있었지만, 의석 180석을 차지한 현 정권은 그  정도가 심하다는 것이다.사법 수장이 여의도 눈치를  본다…”재판 누가 신뢰할까”최근 대한민국 대법원장이  ‘거짓말쟁이’가 됐다.  김명수 대법원장이 지난 3일 “작년 5월 임성근 부산고법 부장판사에게 탄핵 문제로 사표를 수리할 수 없다는 취지로 말한 사실이 없다”고 했지만, 그가 그렇게 말한 녹취록이 4일 공개돼 하루 만에 거짓말쟁이가 된 것이다. 녹취록이 공개되지  않았다면 그의 거짓말은 진실이 될 뻔했다.김명수 대법원장이 지난 8일 오후 서초동 대법원에서 퇴근하는 모습. 연합뉴스정치권에선 그의 거짓말과 함께  그의 정권 눈치 보기도 심각한 문제라는 지적이 나왔다. 녹취록과 음성 파일에 따르면, 김 대법원장은 작년 5월 담낭 절제 등으로 인한 건강 악화로 사표  수리를 요청하러 온 임 부장판사에게 이렇게 말했다.“(더불어민주당이)  탄핵이라는 얘기를 꺼내지도 못하게 오늘 그냥 (사표를)  수리해버리면 탄핵 얘기를 못 하잖아. 더 툭 까놓고 얘기하면 지금 뭐 (여당이 판사를) 탄핵하자고 저렇게 설치고 있는데 내가 사표  수리했다고 하면 국회에서 무슨 얘기를 듣겠어.”판사 사표 수리도 여당 눈치  보느라, 여당의 압박 때문에 하지 않았다고 해석될 수 있는 것이다.  일각에선 “대법원장마저 사표 수리 하나 원칙대로 하지 못하고 정치권 눈치를  보는데, 여당 주요 관심 사건의 판결은 어떻겠냐”는 말도  나온다. 특히 판사 한 명의 단독 결정이 가능한 영장실질심사의 경우 판사의 정치적 이해관계에  좌지우지되는 것 아니냐는 의심도 제기된다.실제로 2019년 3월 서울동부지법 박정길(사법연수원 29기)  영장전담 부장판사는 박근혜 정부에서 임명된 산하 기관장들에게 일괄 사직을 강요한 혐의로 재판에 넘겨진 김은경 전 환경부 장관에 대한  구속영장을 다수 법조인의 예상과 달리 기각해 논란을 불렀다. 이례적인 기각 사유 또한 밝혀, 파문이 일었다.박 영장판사는 기각 사유에서  “김 전 장관에게 방어권 보장이 필요한 사정이 있었다.  최순실 일파(一派)의 국정농단과 당시 대통령에  대한 탄핵으로 인해 공공기관 인사 및 감찰권이 적절하게 행사되지 못해 방만한 운영과 기강 해이가 문제 됐던 사정”이라고 했다.또 “(과거 정권 때부터의) 관행이라 범죄로 보기 어렵다”는 본안 재판 결론을 내는 듯한 구속영장 기각 이유도 밝혔다.  하지만 서울중앙지법 형사합의 25-1부(김선희  임정엽 권성수 부장판사)는 지난 9일 김은경 전 장관에게  2년 6개월의 실형을 선고했다. 김 전 장관은 법정 구속됐다.김명수 대법원장이 지난해 12월 22일 오전 청와대 본관에서 열린 문재인 대통령의 '5부요인 초청 간담회'에 참석해 발언하고 있다. 뉴시스민주당은 지난해 말 법원이  윤석열 총장 정직 2개월 징계에 대한 집행정지 신청을 인용하자 ‘검찰 개혁과 함께 사법부도 개혁하자’고 나서기도 했다. 당시 서민 단국대 교수는 “(거대 여당이) 이제는 삼권분립 정도는 가뿐히 지르밟으며 사법부를 겁박한다”고 비판했다. “여기가 기재부의 나라냐” 겁박하는 與정세균 국무총리가  지난달 21일 자신이 내놓은 자영업자 손실보상제를 기획재정부가 반대한다며 “이 나라가 기재부의 나라냐”고 공격했다. 대선 주자로 꼽히는 이재명 경기지사도 “기재부는 머슴임을  기억하라. 대통령 지시에 무한(無限) 충성하라”고 했다.김용범 기재부 1차관이 전날(20일)  “자영업 손실보장을 법제화한 해외 사례를 찾기 어렵다”고 한 마디 하자 국무총리가 곧장  “개혁 과정에는 항상 저항 세력이 있다. 이 나라가 기재부의 나라냐”고 때린 것이다. 기재부는 나랏빚이 이미 산더미고, 여당 말대로 더 빚을 내 돈을 풀다간 국민이 더 큰 경제적 고통을 겪게 될 게 우려돼 신중한 태도를 보인  것인데, 여권은 이걸 거역이라며 압박한 모양새였다.  관가에선 “나라의 곳간 사정을 누구보다 잘 알고 잘 관리하는 기재부의 목소리가 선거철  장사에 ‘올인’하는 정치인 고함에 묻혀가고 있다”는 말이 나온다.정세균 국무총리가 12일 영상으로 설 인사하는 모습. 국무총리실전윤철 전 경제부총리는 최근  이 같은 상황과 관련, “기재부 사람들 머릿속이 하얘져서 아무 생각도 못할 지경일 것”이라고 했다. 김영삼·김대중·노무현 정부에서 공정거래위원장, 경제부총리, 청와대 비서실장,  감사원장을 지내면서 43년 관료 생활을 했던 그는  “경제 관료들을 적군 취급해서는 안 된다”고 했다.”여권은 1년간 뭐하다 선거 앞두고,  공매도 금지 연장?”금융위원회는 지난 3일 임시회의를 열고 다음 달 15일 종료 예정이었던 공매도(空賣渡) 금지 조치를  5월 2일까지 한 달 반 더 연장하기로 했다고 밝혔다.  애초 공매도는 올 3월 재개될 예정이었지만,  여권의 연장 압박에 이 같은 결정이 나왔다.금융권과 관가 등에선 우려의  목소리가 터져 나왔다. 현재 주요국 가운데 공매도를 금지하는 나라는 우리나라와 인도네시아 정도밖에  없기 때문이다. 글로벌 투자자들이 기준으로 삼는 모건스탠리캐피털인터내셔널(MSCI) 지수는 공매도 금지 국가를 선진국 지수에 포함시키지 않고,  금지 기간이 1년을 넘으면 감점을 준다. 한  외국계 증권사 임원은 “공매도 금지가 유지되면서 상당수 외국계 펀드들은 이미 한국에서 돈을 빼  나갔다”며 “한국 증시가 외국인 투자자들로부터 신뢰를  잃을까 걱정된다”고 말했다. 공매도가 주가의 이상 과열을  바로잡아 주는 순기능이 있기 때문에 공매도 금지 연장이 부작용을 낳을 수 있다는 지적도 있다.이런 우려에도 여당이 공매도  금지 연장을 밀어붙인 것은 4월 보궐선거 때문이라는 분석이 지배적이다.  공매도 재개를 반대하는 동학 개미 상당수가 민주당 핵심 지지층인 2030세대이기  때문이다. 공매도는 정보·자금이 풍부한 외국 전문 투자자나  금융기관에 비해 개인 투자자들이 절대적으로 불리하다. 이에 더불어민주당은 지난달 비공개 당정협의  등에서 공매도 금지를 연장하라고 금융위를 압박했다.이낙연 더불어민주당 대표가 11일 전남 순천시 여순항쟁위령탑을 찾아 참배 후 기자들의 질문에 답하고 있다. 더불어민주당 제공여당은 공매도 제도 개선  필요성을 이유로 재개 시점을 연기하는 것이라고 하지만, 이는 앞뒤가 맞지 않는다는 지적이다. 진정 제도 개선을 하려고 했다면 지난 1년간의 금지 기간 할 수  있었다는 것이다. 일각에선 “여당 정치인들은 올 3월 재개를 코앞에 앞두고 왜 제도 개선 시급 얘기를 꺼내느냐”는  말도 나왔다. 결국 재개 시점을 4월 보궐 선거 뒤로  넘기려는 의도 아니냐는 것이다. 실제로 이번 재개 시점은 선거 바로 다음 달인 5월이다. 여권이 4·7 서울·부산시장  보궐선거 전까지만 투자자들의 반발을 피해 가려고 했다는 말이 나오는 이유다.안동현 서울대 교수는 “요즘 공매도 정책을 포함한 모든 경제 논리가 정치 논리에 의해 좌지우지되고 있다”며 “금융위가 정치에 항복한 것”이라고 말했다.문재인 대통령이 지난달 25일 오후 청와대에서 열린 보건복지부·식품의약품안전처·질병관리청 2021년 업무보고에 참석해 발언을 하고 있다. 뉴시스지난해 코로나 사태 초기 정부가 시진핑 국가주석의 방한 추진 등 한중 외교를 고려해 중국에서 들어오는 여행객의 국내 입국을 막지 않은 것도 정치 논리가 외교와 방역 정책에 영향을 준 사례로 꼽힌다. 당시 정부는 중국을 포함해 세계 거의 모든 나라가 입국 제한 조치를 하는데도 ‘개방성’이 ‘K방역'의 대원칙이라며 중국발 입국을 막지 않아 논란을 불렀다.지난해 6월 17일 북한이 개성 남북공동연락사무소를 폭파하는 장면.  조선중앙통신이른바 ‘한반도 평화 프로세스'라는 대북 정책을 위해 한미 연합 훈련을 축소하고, 망명 의사를 밝힌 북한 주민을 적절한 절차도 건너뛰고 북송하고, 비무장 우리 공무원이 북한 군인에 총살 당하거나 국민 세금 수백억원이 투입된 개성 연락사무소가 북한 김여정 일방적 지시에 폭파됐지만, 제대로 대응하지 못한 사례들도 현 정권의 정치 논리와 이념이 국가 외교안보에 영향을 준 사례로 거론된다.전직 고위 관료는 “여의도의 정치 논리에 각부처가 휘둘리면 당장에 그 정권은 이득을 볼지 몰라도 결국 국정 차질 등으로 인한 모든 피해는 국민이 보고말 것”이라고 말했다. 일각에선 “현 여권도 문제지만 이들의 잘못을 바로 잡거나 견제할 힘이 야권에 없는 것도 문제”라는 말도 나온다.[노석조 기자"
"입소스여론조사결과이낙연13.7%,윤석열13.5%차기대선정권교체46.0%vs정권재창출45.5%팽팽 윤석열 검찰총장, 이낙연 더불어민주당 대표, 이재명 경기도지사(왼쪽부터) [파이낸셜뉴스] 차기 대권주자 지지도 조사에서 이재명 경기도지사가 28.6%를 기록, 독주체제를 굳히고 있다. 이 지사는 2위와 3위를 기록한 이낙연 더불어민주당 대표, 윤석열 검찰총장와의 격차를 더블스코어 차 이상으로 벌렸다.   여론조사 전문기관 입소스가 SBS 의뢰로 지난 6~9일 전국에 거주하는 만 18세 이상 유권자 1002명을 대상으로 실시한 차기 대통령 지지도 조사 결과 이 지사가 28.6%로 1위, 이 대표와 윤 총장은 각각 13.7%, 13.5%를 기록했다.   이 지사는 60세 이상을 제외하고 40대(42.2%)와 50대(31.8%), 30대(31.7%) 등 전 연령대에서 가장 높은 지지를 받았다.   바람직한 차기 대선 결과를 묻는 질문에 대해선 '야당의 정권 교체'가 46.0%, '여당의 정권 재창출'이 45.5%로 오차범위 안에서 팽팽하게 맞섰다. 모름·무응답은 8.5%였다.   지역별로 서울·인천·경기 지역 응답자의 45.8%가 '정권교체'를, 45.5%는 '정권재창출'을 선택했다. 부산·울산·경남(55.3%)에서는 '정권교체'를 더 선택했다. 광주·전라(67.5%), 대전·충청·세종(50.3%), 강원·제주(49.9%)에선 '정권 재창출' 선택이 많았다.   여야 대선 후보군으로는 홍준표 무소속 의원(5.3%), 유승민 전 국민의힘 의원(1.9%), 정세균 국무총리(1.8%), 추미애 전 법무부장관(1.6%), 오세훈 전 서울시장(1.5%), 심상정 정의당 의원(1.4%), 원희룡 제주도지사(0.6%) 등의 순이었다. 다만, '지지후보 없다' 26.0%, 모름·무응답(2.8%) 등 지지 후보를 선택하지 못한 부동층도 많은 것으로 조사됐다.   이번 조사 표본오차는 95% 신뢰 수준에 ±3.1%다. 자세한 내용은 리얼미터 또는 중앙선거여론조사심의위원회 홈페이지를 참조하면 된다."
"청와대 전경 (자료사진) ⓒ청와대▲보궐선거 결과 따라 野 대선후보군 지형도 변화 조짐'2022 대선 전초전'이라 평가 받는 4·7 재보궐선거 직후 온 정치권이 대선을 위한 판짜기에 돌입하며 한바탕 소용돌이가 휘몰아 칠 것이라는 예측이 나온다. 특히 야권의 경우 현재까지 대권 주자로서 뚜렷하게 두각을 나타내고 있는 후보가 없는 만큼, 주도권을 선점하려는 경쟁이 더욱 치열해질 것으로 보인다.그간 야권의 잠재적인 대권 주자로는 윤석열 검찰총장을 비롯해 홍준표 무소속 의원, 유승민 전 국민의힘 의원, 원희룡 제주도지사, 김태호 국민의힘 의원, 황교안 전 미래통합당 대표 등이 거론되어 왔다. 나경원 전 국민의힘 의원 및 오세훈 전 서울시장, 안철수 국민의당 대표 등도 잠룡으로 평가된 바 있으나 4·7 서울시장 보궐선거에 직접 도전장을 던지며 당장의 대권 도전 여부는 불투명해진 상황이다.문제는 이들 중 누구 하나 여권 후보들을 제치고 치고 나가는 후보가 없다는 점이다. 한 때 윤석열 검찰총장이 더불어민주당의 이재명 경기도지사, 이낙연 대표를 제치고 각종 여론조사에서 차기 대권 주자 1위에 오르기도 했으나, 아직 정치 참여 여부를 단정하기도 어려운 윤 총장을 명확한 '야권 후보'로 규정하기에는 애매모호한 측면이 있다는 평가가 많다.▲결코 가볍지 않았던 학폭 징계, 이재영·이다영은?프로배구 인기의 중심에 서있던 이재영, 이다영(이상 흥국생명)이 학교 폭력의 소용돌이에 휘말렸다.두 선수의 소속팀 흥국생명 배구단은 지난 10일 “이재영, 이다영의 학교폭력 사실과 관련하여 팬 여러분께 실망을 드려 죄송하다”며 “소속 선수의 행동으로 상처를 입은 피해자 분들에게 진심으로 사과의 말씀을 드린다”라고 성명을 발표했다.이재영, 이다영이 행했던 지난날의 과오가 불러올 후폭풍은 그 규모와 피해가 적지 않을 것으로 예상된다.▲직계가족 5인 모임 금지 대상서 제외…수도권 2단계·비수도권 1.5단계 거리두기 완화정부는 15일부터 수도권 소재 식당, 카페, 노래방 등 다중이용시설의 영업 제한 시간을 현재 오후 9시에서 오후 10시로 한 시간 연장했다. 전국의 유흥시설도 방역수칙을 준수한다는 조건으로 오후 10시까지 영업을 허용했다.정부는 사회적 거리두기 단계도 15일부터 2주 동안 수도권은 현행 2.5단계에서 2단계로, 비수도권 지역은 현재 2단계에서 1.5단계로 각각 완화하기로 했다.5인 이상 사적모임 금지는 유지된다. 다만 직계가족에 대해서는 동거 가족이 아니더라도 5인 이상 사적 모임 금지를 적용하지 않는다.▲셀트리온, 코로나 변이 맞춤형 치료제 개발 착수 셀트리온은 최근 식품의약품안전처로부터 조건부 품목 허가를 획득한 코로나19 항체 치료제 ‘렉키로나’에 대해 최근 해외에서 유행하고 있는 변이 바이러스 중화능력 시험결과를 확인하고 향후 발생할 변이 바이러스에 종합적으로 대응할 수 있는 ‘변이 맞춤형 칵테일 치료제’ 개발에 착수했다.질병관리청 국립보건연구원은 최근 영국 변이주를 비롯해 남아공 변이주를 항체와 혼합해 숙주 세포에 감염시킨 후 항체가 바이러스를 저해하는 정도를 테스트하는 방식으로 렉키로나의 중화능력 시험을 진행했다.질병청에서는 지난해 렉키로나가 국내에서 확인된 변이 바이러스 6개 유전형 (S·L·V·G·GH·GR) 전체에 대해 중화능력이 있는 것을 확인한 바 있다.▲현직 남자배구선수 '배XX 송XX 학폭' 폭로→ '하루만에 연락왔다'13일 온라인 커뮤니티 네이트판에는 ""현직 남자 배구선수 학폭 피해자입니다""라는 제목의 글이 글이 올라왔다.작성자 A씨는 ""이 글이 주작이라고 논란이 된다면 분당차병원에서 수술했던 수술 기록지를 주말이 지나고 첨부하겠다""고 강조하며 글을 시작했다.이어 ""폭행이 일상이었던 그때의 우리들의 일상은 절대 일반적인 게 아니었음을 이제 와서 고백하려 한다. 어떤 운명의 장난인지 10년이나 지난 일이라고 저도 잊고 살자는 마음이 있었는데 용기 내는 피해자들을 보고 저도 용기를 낸다""고 밝혔다.A씨는 ""이 얘기를 꺼내는 순간 배구계에 있었던 사람들이라면 웬만하면 제가 누군지 알고 당사자가 누군지 알기 때문에 제가 누군지 소개하지 않도록 하겠다""며 ""고등학교 1학년 때는 3학년 형들이 집합시켜서 때리고 맞는 게 일상이었다""고 과거를 회상했다.당시 고교 1학년이었던 A씨는 3학년 선배들에게 노래를 불러보라는 강요를 당했고 이를 거절하자 폭행을 당했다는 것. 급소를 맞은 A씨는 숨을 쉴 수 없었고 응급실로 실려가 고환 봉합수술을 받았다는 사실을 폭로했다.▲쿠팡, 미국 뉴욕 증시 상장 추진…기업공개신고서 제출쿠팡은 미국 증권거래위원회(SEC)에 클래스A 보통주(이하 보통주) 상장을 위해 S-1 양식에 따라 신고서를 제출했다고 12일(현지시간) 밝혔다.상장될 보통주 수량 및 공모가격 범위는 아직 결정되지 않았다. 쿠팡은 보통주를 뉴욕증권거래소(NYSE)에 ‘CPNG’ 종목코드(Trading Symbol)로 상장할 계획이다.쿠팡 측은 “이번 IPO와 관련해 국내에서 증권신고서가 제출되지 않을 예정”이라며 “국내 투자자들을 대상으로 한 투자 권유행위는 이뤄지지 않을 것”이라고 밝혔다.▲[나·오·안 공약 경쟁①] ""부동산 공급 확대·규제 완화"" 한목소리…각론은 '제각각'4·7 서울시장 보궐선거에 출마한 후보들의 정책 경쟁이 점차 구체화되어가고 있다. 그 중에서도 후보들이 현 시점에서 가장 공을 들이고 있는 분야는 역시 '부동산'이다.문재인 정부의 부동산 정책에 대한 불만이 고조된 상황에서 선거가 열리는 만큼, '부동산 민심'이 이번 선거에 큰 영향을 미칠 것으로 전망된다.야권의 유력 후보로 꼽히는 나경원, 오세훈, 안철수 예비후보는 부동산 정책에 대해 '공급 확대' 및 '규제 완화'라는 총론에 대해선 한 목소리를 낸 반면, 각론에서는 후보별로 차이가 났다.공급 규모 먼저 살펴보면, △나경원 예비후보는 연간 7만호씩 10년간 70만호를 △오세훈 예비후보는 5년 간 36만호를 △안철수 예비후보는 5년간 74만6천호를 공급하겠다고 약속했다.▲[기본소득 전선③] 전통적 좌파·우파 대립구도 허문다오는 2022년 치러질 차기 대선의 최대 전선은 후보자들의 '양극화 해소' 방안에서 형성될 전망이다. 물론 양극화 현상은 이전 정부부터 극복해야할 과제로서 새삼스러운 문제는 아니다. 하지만 문재인 정부 들어 부동산 가격 폭등으로 인한 자산 양극화 심화에 코로나19까지 겹치며 국가의 명운이 달린 시대적 과제가 됐다.먼 미래의 이야기로 생각됐던 기본소득이 화두가 된 것도 이와 무관치 않다. 지난해 실시된 가구당 100만원의 재난지원금 지급이 계기가 됐다. 비록 한시적 조치였으나, 조건 없는 전 국민 현금성 지급을 경험하면서 기본소득에 대한 국민들의 관심도가 커지는 결과로 이어졌다.국내에서는 기본소득을 '보편적 복지' 개념으로 접근, 주로 좌파진영에서 논의가 진행돼왔다. 기본소득 도입을 당론으로 삼고 있는 기본소득당이나 시대전환이 민주당의 비례위성정당을 통해 원내에 진입한 것이 그 사례다. 복수의 여론조사에서도 민주당이나 정의당 지지층에서 기본소득을 환영하는 것으로 나타난다.데일리안 최현욱 기자 "
"野 대권 잠룡들, 뚜렷하게 두각 나타내는 후보 없어4·7 보궐선거 이후 야권에 대대적 지형도 변화 일 듯국민의힘·제3지대 中 중심축 누가 되냐에 따라 희비사분오열 경계…""반문진영 모두 하나 돼야 野 대선판 시작""청와대 전경 (자료사진) ⓒ청와대'2022 대선 전초전'이라 평가 받는 4·7 재보궐선거 직후 온 정치권이 대선을 위한 판짜기에 돌입하며 한바탕 소용돌이가 휘몰아 칠 것이라는 예측이 나온다. 특히 야권의 경우 현재까지 대권 주자로서 뚜렷하게 두각을 나타내고 있는 후보가 없는 만큼, 주도권을 선점하려는 경쟁이 더욱 치열해질 것으로 보인다.그간 야권의 잠재적인 대권 주자로는 윤석열 검찰총장을 비롯해 홍준표 무소속 의원, 유승민 전 국민의힘 의원, 원희룡 제주도지사, 김태호 국민의힘 의원, 황교안 전 미래통합당 대표 등이 거론되어 왔다. 나경원 전 국민의힘 의원 및 오세훈 전 서울시장, 안철수 국민의당 대표 등도 잠룡으로 평가된 바 있으나 4·7 서울시장 보궐선거에 직접 도전장을 던지며 당장의 대권 도전 여부는 불투명해진 상황이다.문제는 이들 중 누구 하나 여권 후보들을 제치고 치고 나가는 후보가 없다는 점이다. 한 때 윤석열 검찰총장이 더불어민주당의 이재명 경기도지사, 이낙연 대표를 제치고 각종 여론조사에서 차기 대권 주자 1위에 오르기도 했으나, 아직 정치 참여 여부를 단정하기도 어려운 윤 총장을 명확한 '야권 후보'로 규정하기에는 애매모호한 측면이 있다는 평가가 많다.데일리안이 여론조사 전문기관 알앤써치에 의뢰해 지난달 24~25일 실시한 정례조사에 따르면 차기 정치지도자 선호도에서 윤 총장을 제외한 야권 후보들의 성적은 저조했다. 그나마 홍준표 의원이 5.3%를 기록한 것을 제외하고 유승민 전 의원(1.8%), 원희룡 지사(0.9%), 황교안 전 대표(0.9%) 등은 0~1%의 응답을 얻는데 그쳤다. 해당 여론조사의 표본오차는 95% 신뢰수준에 ±3.1%p로, 자세한 내용은 중앙선거여론조사심의위원회 홈페이지를 참조하면 된다.한 국민의힘 핵심관계자는 12일 데일리안과의 통화에서 ""'차기 인물난'을 해결하는 것은 2017년 대선 패배 이후 고질적으로 야권을 향해 제기되어 온 숙제인데, 어느덧 4년이 지나 차기 대선이 가까워 오는 데도 이를 속 시원하게 해결하지 못하고 있다""며 ""야권 모두가 처절하게 반성하고 정신을 차려야 하는 부분""이라고 평가했다.이 관계자는 ""우선은 보궐선거를 승리로 이끄는 것이 야권의 최대 과제이지만, 보궐 승리가 곧바로 차기 대선 인물난을 해결하는 만능열쇠가 되진 않을 것이다""라며 ""그래서 기존의 야권 판을 완전히 뒤집을 수준의 전면적인 정계개편이 필요하다는 얘기가 정치권 전반에서 흘러나오는 것""이라고 분석했다.국민의힘 경선의 유력 후보인 나경원 전 원내대표와 오세훈 전 서울특별시장, 또다른 축인 '제3지대 단일화' 경선의 안철수 국민의당 대표와 금태섭 무소속 전 의원. ⓒ데일리안정치권에서는 야권의 여러 주요 인사들이 출범 가능성을 언급한 '반문 연대 플랫폼'이라는 큰 틀에서 한 데 모여 잠룡들이 경쟁을 펼치는 국면으로 접어들더라도, 우선적으로 모두가 서울시장 보궐선거의 결과를 예의주시할 수밖에 없을 것이라는 관측이 나온다.'제1야당' 국민의힘과 안철수 대표·금태섭 전 의원을 위시한 '제3지대'의 경쟁을 통해 야권의 대표 주자를 정해 보궐선거에 내보낼 예정인 만큼, 자연스레 이 경쟁에서 승리하는 세력이 향후 정계개편의 구심점이 될 확률이 크기 때문이다.한 정치권 관계자는 ""야권 정계개편의 운전대를 누가 쥐느냐에 따라 대권 잠룡들의 지형도가 완전히 바뀔 가능성이 크다""며 ""국민의힘이 주도하는 판에서는 자연스레 제3지대 인사들과 중도보수 색채를 강하게 지닌, 소위 '보수의 적통'이라 규정하기 어려운 후보들은 힘을 받기 힘들 것이다. 반면 제3지대 중심의 정계 개편이 이뤄지면 친박계를 비롯한 기존 보수 인사들이 일단 밀리는 형국이 될 것""이라고 말했다.단, 보궐선거 이후 주도권을 둘러싼 경쟁이 과열될 경우 자칫 야권의 '사분오열'이라는 최악의 결과를 가져올 수 있다는 우려도 제기된다. 따라서 이 같은 우려를 미연에 방지하는 야권 지도자들의 리더십이 절실하다는 평가다.또 다른 정치권 관계자는 ""어느 한 쪽을 찍어누르기에만 나설 것이 아니라 정권 교체라는 대의를 우선적으로 생각하고 대선을 앞둔 야권이 국민을 향해 새로운 어젠다를 제시하고, 이를 선제적으로 끌고 나갈 수 있다는 믿음을 주어야 한다""며 ""우선은 그간의 해묵은 불신을 청산하고 한 데 모이는 데 중점을 둬야할 것""이라고 했다.홍준표 의원은 ""지금의 차기 대선판은 민주당 편으로, 아직 야당판은 장벽에 가려져 시작되지도 않았다. 반(反)문재인 진영이 정비 되어야 야당판이 오는데 지금 반쪽의 야당 만으로는 야당 대선판이 될 수가 없는 것""이라며 ""4월 보궐선거가 끝나고 당이 정비 되어 안철수 대표까지 포함해 반문진영이 모두 하나가 될 때 그 때 가야 야당 대선판이 시작된다""고 언급했다.데일리안 최현욱 기자 "
"청와대 전경 (자료사진) ⓒ청와대▲보궐선거 결과 따라 野 대선후보군 지형도 변화 조짐'2022 대선 전초전'이라 평가 받는 4·7 재보궐선거 직후 온 정치권이 대선을 위한 판짜기에 돌입하며 한바탕 소용돌이가 휘몰아 칠 것이라는 예측이 나온다. 특히 야권의 경우 현재까지 대권 주자로서 뚜렷하게 두각을 나타내고 있는 후보가 없는 만큼, 주도권을 선점하려는 경쟁이 더욱 치열해질 것으로 보인다.그간 야권의 잠재적인 대권 주자로는 윤석열 검찰총장을 비롯해 홍준표 무소속 의원, 유승민 전 국민의힘 의원, 원희룡 제주도지사, 김태호 국민의힘 의원, 황교안 전 미래통합당 대표 등이 거론되어 왔다. 나경원 전 국민의힘 의원 및 오세훈 전 서울시장, 안철수 국민의당 대표 등도 잠룡으로 평가된 바 있으나 4·7 서울시장 보궐선거에 직접 도전장을 던지며 당장의 대권 도전 여부는 불투명해진 상황이다.문제는 이들 중 누구 하나 여권 후보들을 제치고 치고 나가는 후보가 없다는 점이다. 한 때 윤석열 검찰총장이 더불어민주당의 이재명 경기도지사, 이낙연 대표를 제치고 각종 여론조사에서 차기 대권 주자 1위에 오르기도 했으나, 아직 정치 참여 여부를 단정하기도 어려운 윤 총장을 명확한 '야권 후보'로 규정하기에는 애매모호한 측면이 있다는 평가가 많다.▲결코 가볍지 않았던 학폭 징계, 이재영·이다영은?프로배구 인기의 중심에 서있던 이재영, 이다영(이상 흥국생명)이 학교 폭력의 소용돌이에 휘말렸다.두 선수의 소속팀 흥국생명 배구단은 지난 10일 “이재영, 이다영의 학교폭력 사실과 관련하여 팬 여러분께 실망을 드려 죄송하다”며 “소속 선수의 행동으로 상처를 입은 피해자 분들에게 진심으로 사과의 말씀을 드린다”라고 성명을 발표했다.이재영, 이다영이 행했던 지난날의 과오가 불러올 후폭풍은 그 규모와 피해가 적지 않을 것으로 예상된다.▲직계가족 5인 모임 금지 대상서 제외…수도권 2단계·비수도권 1.5단계 거리두기 완화정부는 15일부터 수도권 소재 식당, 카페, 노래방 등 다중이용시설의 영업 제한 시간을 현재 오후 9시에서 오후 10시로 한 시간 연장했다. 전국의 유흥시설도 방역수칙을 준수한다는 조건으로 오후 10시까지 영업을 허용했다.정부는 사회적 거리두기 단계도 15일부터 2주 동안 수도권은 현행 2.5단계에서 2단계로, 비수도권 지역은 현재 2단계에서 1.5단계로 각각 완화하기로 했다.5인 이상 사적모임 금지는 유지된다. 다만 직계가족에 대해서는 동거 가족이 아니더라도 5인 이상 사적 모임 금지를 적용하지 않는다.▲셀트리온, 코로나 변이 맞춤형 치료제 개발 착수 셀트리온은 최근 식품의약품안전처로부터 조건부 품목 허가를 획득한 코로나19 항체 치료제 ‘렉키로나’에 대해 최근 해외에서 유행하고 있는 변이 바이러스 중화능력 시험결과를 확인하고 향후 발생할 변이 바이러스에 종합적으로 대응할 수 있는 ‘변이 맞춤형 칵테일 치료제’ 개발에 착수했다.질병관리청 국립보건연구원은 최근 영국 변이주를 비롯해 남아공 변이주를 항체와 혼합해 숙주 세포에 감염시킨 후 항체가 바이러스를 저해하는 정도를 테스트하는 방식으로 렉키로나의 중화능력 시험을 진행했다.질병청에서는 지난해 렉키로나가 국내에서 확인된 변이 바이러스 6개 유전형 (S·L·V·G·GH·GR) 전체에 대해 중화능력이 있는 것을 확인한 바 있다.▲현직 남자배구선수 '배XX 송XX 학폭' 폭로→ '하루만에 연락왔다'13일 온라인 커뮤니티 네이트판에는 ""현직 남자 배구선수 학폭 피해자입니다""라는 제목의 글이 글이 올라왔다.작성자 A씨는 ""이 글이 주작이라고 논란이 된다면 분당차병원에서 수술했던 수술 기록지를 주말이 지나고 첨부하겠다""고 강조하며 글을 시작했다.이어 ""폭행이 일상이었던 그때의 우리들의 일상은 절대 일반적인 게 아니었음을 이제 와서 고백하려 한다. 어떤 운명의 장난인지 10년이나 지난 일이라고 저도 잊고 살자는 마음이 있었는데 용기 내는 피해자들을 보고 저도 용기를 낸다""고 밝혔다.A씨는 ""이 얘기를 꺼내는 순간 배구계에 있었던 사람들이라면 웬만하면 제가 누군지 알고 당사자가 누군지 알기 때문에 제가 누군지 소개하지 않도록 하겠다""며 ""고등학교 1학년 때는 3학년 형들이 집합시켜서 때리고 맞는 게 일상이었다""고 과거를 회상했다.당시 고교 1학년이었던 A씨는 3학년 선배들에게 노래를 불러보라는 강요를 당했고 이를 거절하자 폭행을 당했다는 것. 급소를 맞은 A씨는 숨을 쉴 수 없었고 응급실로 실려가 고환 봉합수술을 받았다는 사실을 폭로했다.▲쿠팡, 미국 뉴욕 증시 상장 추진…기업공개신고서 제출쿠팡은 미국 증권거래위원회(SEC)에 클래스A 보통주(이하 보통주) 상장을 위해 S-1 양식에 따라 신고서를 제출했다고 12일(현지시간) 밝혔다.상장될 보통주 수량 및 공모가격 범위는 아직 결정되지 않았다. 쿠팡은 보통주를 뉴욕증권거래소(NYSE)에 ‘CPNG’ 종목코드(Trading Symbol)로 상장할 계획이다.쿠팡 측은 “이번 IPO와 관련해 국내에서 증권신고서가 제출되지 않을 예정”이라며 “국내 투자자들을 대상으로 한 투자 권유행위는 이뤄지지 않을 것”이라고 밝혔다.▲[나·오·안 공약 경쟁①] ""부동산 공급 확대·규제 완화"" 한목소리…각론은 '제각각'4·7 서울시장 보궐선거에 출마한 후보들의 정책 경쟁이 점차 구체화되어가고 있다. 그 중에서도 후보들이 현 시점에서 가장 공을 들이고 있는 분야는 역시 '부동산'이다.문재인 정부의 부동산 정책에 대한 불만이 고조된 상황에서 선거가 열리는 만큼, '부동산 민심'이 이번 선거에 큰 영향을 미칠 것으로 전망된다.야권의 유력 후보로 꼽히는 나경원, 오세훈, 안철수 예비후보는 부동산 정책에 대해 '공급 확대' 및 '규제 완화'라는 총론에 대해선 한 목소리를 낸 반면, 각론에서는 후보별로 차이가 났다.공급 규모 먼저 살펴보면, △나경원 예비후보는 연간 7만호씩 10년간 70만호를 △오세훈 예비후보는 5년 간 36만호를 △안철수 예비후보는 5년간 74만6천호를 공급하겠다고 약속했다.▲[기본소득 전선③] 전통적 좌파·우파 대립구도 허문다오는 2022년 치러질 차기 대선의 최대 전선은 후보자들의 '양극화 해소' 방안에서 형성될 전망이다. 물론 양극화 현상은 이전 정부부터 극복해야할 과제로서 새삼스러운 문제는 아니다. 하지만 문재인 정부 들어 부동산 가격 폭등으로 인한 자산 양극화 심화에 코로나19까지 겹치며 국가의 명운이 달린 시대적 과제가 됐다.먼 미래의 이야기로 생각됐던 기본소득이 화두가 된 것도 이와 무관치 않다. 지난해 실시된 가구당 100만원의 재난지원금 지급이 계기가 됐다. 비록 한시적 조치였으나, 조건 없는 전 국민 현금성 지급을 경험하면서 기본소득에 대한 국민들의 관심도가 커지는 결과로 이어졌다.국내에서는 기본소득을 '보편적 복지' 개념으로 접근, 주로 좌파진영에서 논의가 진행돼왔다. 기본소득 도입을 당론으로 삼고 있는 기본소득당이나 시대전환이 민주당의 비례위성정당을 통해 원내에 진입한 것이 그 사례다. 복수의 여론조사에서도 민주당이나 정의당 지지층에서 기본소득을 환영하는 것으로 나타난다.데일리안 최현욱 기자 "
"이낙연·이재명·윤석열 <연합뉴스TV 제공>    차기 대선주자 지지도에서 이재명 경기도지사가 더불어민주당 이낙연 대표와 윤석열 검찰총장을 두 배 이상 격차로 앞선다는 여론조사 결과가 나왔다.입소스가 SBS 의뢰로 지난 6∼9일 전국 만 18세 이상 1002명을 대상으로 차기 대선주자 중 누구를 지지하는지 물었다.조사 결과 이 지사가 28.6%를 기록한 가운데 이 대표 13.7%, 윤 총장은 13.5%로 각각 집계됐다.이 지사는 40대(42.2%)와 진보성향(41.7%)에서 높은 지지를 받았다. 더불어민주당 지지층에서도 42.8%의 지지를 얻어 이 대표(27.9%)를 앞섰다.다만 광주·전라 지역에서는 이 대표가 36.5%로 이 지사(30.0%)에 앞섰다.바람직한 차기 대선 결과에 관한 질문에는 여당의 정권 재창출(45.5%), 야당으로의 정권교체(46.0%)가 팽팽하게 맞섰다.정당 지지율은 더불어민주당이 38.5%, 국민의힘이 20.8%, 국민의당 6.1%, 정의당 5.3%, 열린민주당 4.5% 순이었다.이 조사의 오차범위는 95% 신뢰수준에 ±3.1%포인트다. 자세한 내용은 중앙선거여론조사심의위원회 홈페이지를 참조하면 된다. 김동준기자"
"이재명 경기지사가 차기 대선주권 지지도에서 더불어민주당 이낙연 대표와 윤석열 검찰총장에 모두 두 배 이상 격차로 앞선다는 여론조사 결과가 13일 나왔다.입소스가 SBS 의뢰로 지난 6∼9일 전국 만 18세 이상 1002명을 대상으로 차기 대선주자 중 누구를 지지하는지 물은 결과 이재명 지사라는 응답이 가장 높은 28.6%를 기록했다. 그다음 이낙연 대표(13.7%), 윤석열 총장(13.5%) 순이었다.윤석열(왼쪽) 검찰총장과 이재명(가운데) 경기도지사, 민주당 이낙연 대표연합뉴스이재명 지사는 특히 40대(42.2%), 진보성향(41.7%)에서 높은 지지를 받았다. 더불어민주당 지지층에서도 42.8%의 지지를 얻어 이 대표(27.9%)에 앞섰다.광주·전라 지역에서는 이낙연 대표가 36.5%로 이 지사(30.0%)에 앞섰다.정당 지지율은 더불어민주당이 38.5%, 국민의힘이 20.8%였다. 이어 국민의당 6.1%, 정의당 5.3%, 열린민주당 4.5% 순이었다. 이 조사의 오차범위는 95% 신뢰수준에 ±3.1%포인트다. 자세한 내용은 중앙선거여론조사심의위원회 홈페이지를 참조하면 된다.한편, 앞서 조원씨앤아이가 시사저널 의뢰로 지난 2~3일 전국 만 18세 이상 남녀 1011명을 대상으로 진행한 차기대선후보 적합도 조사에서는 윤석열 총장이 28.3%를 기록하며 이재명 지사(26.6%)를 1.7%포인트 앞섰다. 이낙연 대표는 14.8%로 집계됐다.[허지윤 기자"
"4월쯤 윤곽 나올듯    김진욱 공수처장이 지난 10일 오전 정부과천청사로 출근하며 취재진 질문에 답하고 있다. 연합뉴스    고위공직자범죄수사처(공수처)의 ‘1호 사건’은 오는 4월쯤 윤곽이 드러날 전망이다. 공수처는 4월 수사 업무 시작을 목표로 인원 채용 작업 등에 박차를 가하고 있다.   13일 법조계에 따르면 수사 실무를 맡을 검사와 수사관 채용 작업을 진행 중인 공수처는 3월까지 수사팀 구성을 마무리한다는 계획이다. 이에 따라 본격적인 1호 사건 검토는 수사팀 구성과 사건이첩 요청권을 정하는 사건·사무규칙 제정이 마무리된 이후인 4월쯤으로 예상된다.   우선 공수처는 수사팀 구성을 위해 설 연휴 이후 검사 등에 대한 서류전형과 면접일정을 진행한다. 검사는 인사위원회 추천을 거쳐 대통령이 최종 임명한다. 인사위는 공수처장과 차장, 처장이 위촉한 외부 전문가 1명, 여·야 추천 위원 각 2명 등 7명으로 구성된다.   공수처는 여야에 오는 16일까지 인사위원을 추천해달라고 요청했지만, 야당 추천이 늦어지면 검사 채용이 당초 일정보다 늦어질 가능성도 있다. 앞서 더불어민주당은 지난 10일 나기주 법무법인 지유 대표변호사와 오영중 법무법인 세광 구성원 변호사를 인사위원으로 추천했다.      윤석열 검찰총장이 지난 10일 서울 서초구 대검찰청으로 출근하고 있다. 뉴시스    공수처가 지난달 22일부터 사건 접수를 시작한 가운데, 지난 5일까지 접수된 사건만 100건에 달하고 있다. 사건 접수가 계속 진행 중이고, 검찰·경찰에서 이첩 받게 될 사건도 있어 첫 수사 사건 후보는 수백개에 이를 수 있다. 공수처는 수사 조직이 완비되면 첫 수사가 가지는 상징성 등을 감안해 ‘1호 사건’을 정할 것으로 보인다.   공수처의 ‘1호 사건’은 조직의 향후 행보를 예상할 가늠자가 될 수 있어 특히 주목된다. 현재는 법조계 고위 인사의 범죄 의혹이나 현 정권 비위 의혹 중에서 첫 번째 수사 대상이 나올 것이란 관측이 많다.   공수처 출범 전부터 윤석열 검찰총장의 수사 가능성이 언급된 바 있다. 윤 총장의 가족 및 측근 비위 의혹은 현재 검찰에서 수사 중인데, 공수처로 이첩될 가능성이 제기된다. 또한 임성근 부산고법 부장판사의 사표 반려 의혹 등이 불거진 김명수 대법원장이 첫 번째 수사대상으로 언급되기도 한다. 김 대법원장은 직권남용 혐의 등으로 여러차례 검찰에 고발됐고, 이미 공수처에 관련 고발장이 접수되기도 했다.    권력층의 비위 의혹을 수사한다는 도입 취지에 따라 현 정부 관련 사건이 1호가 될 것이라는 관측도 나온다. 검찰에서 2년째 진행 중인 청와대 하명수사 및 선거개입 의혹이 대표적이다. 검찰은 지난해 1월 관련자들을 먼저 기소한 뒤 임종석 전 청와대 비서실장, 이진석 청와대 국정상황실장 등을 추가로 조사했지만 아직 사건을 매듭짓지 못했다.   법무부 전·현직 고위 인사들이 연루된 김학의 전 차관 출국금지 절차 위법 의혹도 있다. 아울러 최근 백운규 전 산업통상자원부 장관 구속영장 기각으로 제동이 걸린 월성 원전 1호기 경제성평가 조작 의혹 사건도 공수처에서 새로 시작할 가능성이 있다. 이외에도 박덕흠 무소속 의원이 연루된 특혜공사 수주 의혹도 수사 대상이 될 수 있다는 의견이 나온다.   김선영 기자"
"설 연휴를 맞아 SBS는 각종 현안에 대한 여론조사를 실시했습니다.차기 대통령 선거에서 누굴 찍을지 물었더니, 이재명 경기지사가 28.6%로 가장 높았고, 이낙연 민주당 대표 13.7%, 윤석열 검찰총장 13.5%로 나타났습니다.이어 홍준표 의원은 5.3%였고, 유승민 전 의원, 정세균 국무총리, 추미애 전 장관 등은 1%대였습니다.앞서 지난 1월 1일 보도된 SBS 신년 여론조사와 비교하면, 이 지사 지지율은 5%포인트 올랐는데, 이 대표와 윤 총장은 각각 3%포인트와 5%포인트 떨어져 격차가 더 벌어졌습니다.이 지사의 경우 연령대별로는 민주당 핵심 지지층인 40대, 이념 성향별로는 진보층의 지지가 두드러졌습니다.지역별로는 이 지사가 비교적 고른 지지세를, 이 대표는 호남에서 이 지사와 오차 범위 내에서 우세, 윤 총장은 영남에서 강세를 보였습니다.내년 대선에서 '여당의 정권 재창출'과 '야당으로 정권 교체' 가운데 어떤 결과가 더 바람직하다고 보는지 물었더니, 45.5%대 46%로 두 의견이 팽팽했습니다.문재인 대통령 국정운영에 대해서는 잘하고 있다 44.9%, 잘 못하고 있다 49.9%로 나타났습니다.신년 여론조사와 비교하면, 긍정이 3.6%포인트 늘고, 부정 평가가 4.1%포인트 줄었습니다.연령대별로는 30, 40대는 긍정 평가, 20대와 60대 이상은 부정 평가가 더 많았습니다.이번 조사는 SBS가 여론조사기관 입소스에 의뢰해 지난 6일부터 9일까지 유무선 전화면접조사로 전국 유권자 1천2명의 응답을 얻었으며, 표본 오차는 95% 신뢰 수준에 ±3.1%포인트입니다.▶ [통계표 내려받기] SBS 2021 설 특집 국민여론조사[ http:asq.krZAc1qG86cdUEL ]한세현 기자"
